slice_file_name,start,end,salience,fold,classID,class
100032-3-0-0.wav,0.0,0.317551,1,5,3,dog_bark
100263-2-0-117.wav,58.5,62.5,1,5,2,children_playing
100263-2-0-121.wav,60.5,64.5,1,5,2,children_playing
100263-2-0-126.wav,63.0,67.0,1,5,2,children_playing
100263-2-0-137.wav,68.5,72.5,1,5,2,children_playing
100263-2-0-143.wav,71.5,75.5,1,5,2,children_playing
100263-2-0-161.wav,80.5,84.5,1,5,2,children_playing
100263-2-0-3.wav,1.5,5.5,1,5,2,children_playing
100263-2-0-36.wav,18.0,22.0,1,5,2,children_playing
100652-3-0-0.wav,0.0,4.0,1,2,3,dog_bark
100652-3-0-1.wav,0.5,4.5,1,2,3,dog_bark
100652-3-0-2.wav,1.0,5.0,1,2,3,dog_bark
100652-3-0-3.wav,1.5,5.5,1,2,3,dog_bark
100852-0-0-0.wav,0.0,4.0,1,5,0,air_conditioner
100852-0-0-1.wav,0.5,4.5,1,5,0,air_conditioner
100852-0-0-10.wav,5.0,9.0,1,5,0,air_conditioner
100852-0-0-11.wav,5.5,9.5,1,5,0,air_conditioner
100852-0-0-12.wav,6.0,10.0,1,5,0,air_conditioner
100852-0-0-13.wav,6.5,10.5,1,5,0,air_conditioner
100852-0-0-14.wav,7.0,11.0,1,5,0,air_conditioner
100852-0-0-15.wav,7.5,11.5,1,5,0,air_conditioner
100852-0-0-16.wav,8.0,12.0,1,5,0,air_conditioner
100852-0-0-17.wav,8.5,12.5,1,5,0,air_conditioner
100852-0-0-18.wav,9.0,13.0,1,5,0,air_conditioner
100852-0-0-19.wav,9.5,13.5,1,5,0,air_conditioner
100852-0-0-2.wav,1.0,5.0,1,5,0,air_conditioner
100852-0-0-20.wav,10.0,14.0,1,5,0,air_conditioner
100852-0-0-21.wav,10.5,14.5,1,5,0,air_conditioner
100852-0-0-22.wav,11.0,15.0,1,5,0,air_conditioner
100852-0-0-23.wav,11.5,15.5,1,5,0,air_conditioner
100852-0-0-24.wav,12.0,16.0,1,5,0,air_conditioner
100852-0-0-25.wav,12.5,16.5,1,5,0,air_conditioner
100852-0-0-26.wav,13.0,17.0,1,5,0,air_conditioner
100852-0-0-27.wav,13.5,17.5,1,5,0,air_conditioner
100852-0-0-28.wav,14.0,18.0,1,5,0,air_conditioner
100852-0-0-29.wav,14.5,18.5,1,5,0,air_conditioner
100852-0-0-3.wav,1.5,5.5,1,5,0,air_conditioner
100852-0-0-30.wav,15.0,19.0,1,5,0,air_conditioner
100852-0-0-4.wav,2.0,6.0,1,5,0,air_conditioner
100852-0-0-5.wav,2.5,6.5,1,5,0,air_conditioner
100852-0-0-6.wav,3.0,7.0,1,5,0,air_conditioner
100852-0-0-7.wav,3.5,7.5,1,5,0,air_conditioner
100852-0-0-8.wav,4.0,8.0,1,5,0,air_conditioner
100852-0-0-9.wav,4.5,8.5,1,5,0,air_conditioner
101281-3-0-0.wav,0.341333,4.341333,2,6,3,dog_bark
101281-3-0-14.wav,7.341333,11.341333,2,6,3,dog_bark
101281-3-0-5.wav,2.841333,6.8413330000000006,2,6,3,dog_bark
101415-3-0-2.wav,1.0,5.0,1,1,3,dog_bark
101415-3-0-3.wav,1.5,5.5,1,1,3,dog_bark
101415-3-0-8.wav,4.0,8.0,1,1,3,dog_bark
101848-9-0-0.wav,0.0,4.0,1,7,9,street_music
101848-9-0-1.wav,0.5,4.5,1,7,9,street_music
101848-9-0-2.wav,1.0,5.0,1,7,9,street_music
101848-9-0-3.wav,1.5,5.5,1,7,9,street_music
101848-9-0-8.wav,4.0,8.0,1,7,9,street_music
101848-9-0-9.wav,4.5,8.5,1,7,9,street_music
102102-3-0-0.wav,1.573952,4.673824,2,4,3,dog_bark
102104-3-0-0.wav,2.429279,3.241121,2,2,3,dog_bark
102105-3-0-0.wav,2.041889,6.041888999999999,2,3,3,dog_bark
102106-3-0-0.wav,2.243852,3.884477,2,1,3,dog_bark
102305-6-0-0.wav,0.0,2.61161,1,1,6,gun_shot
102547-3-0-2.wav,1.0,5.0,1,5,3,dog_bark
102547-3-0-7.wav,3.5,7.5,1,5,3,dog_bark
102547-3-0-8.wav,4.0,8.0,1,5,3,dog_bark
102842-3-0-1.wav,0.5,4.5,2,1,3,dog_bark
102842-3-1-0.wav,113.061785,117.061785,2,1,3,dog_bark
102842-3-1-5.wav,115.561785,119.561785,2,1,3,dog_bark
102842-3-1-6.wav,116.061785,120.061785,2,1,3,dog_bark
102853-8-0-0.wav,0.0,4.0,2,7,8,siren
102853-8-0-1.wav,0.5,4.5,2,7,8,siren
102853-8-0-2.wav,1.0,5.0,2,7,8,siren
102853-8-0-3.wav,1.5,5.5,2,7,8,siren
102853-8-0-4.wav,2.0,6.0,2,7,8,siren
102853-8-0-5.wav,2.5,6.5,2,7,8,siren
102853-8-0-6.wav,3.0,7.0,2,7,8,siren
102853-8-1-0.wav,27.214044,31.214044,2,7,8,siren
102858-5-0-0.wav,0.0,4.0,1,2,5,engine_idling
102858-5-0-1.wav,0.5,4.5,1,2,5,engine_idling
102871-8-0-0.wav,0.0,4.0,1,2,8,siren
102871-8-0-1.wav,0.5,4.5,1,2,8,siren
102871-8-0-10.wav,5.0,9.0,1,2,8,siren
102871-8-0-11.wav,5.5,9.5,1,2,8,siren
102871-8-0-12.wav,6.0,10.0,1,2,8,siren
102871-8-0-13.wav,6.5,10.5,1,2,8,siren
102871-8-0-14.wav,7.0,11.0,1,2,8,siren
102871-8-0-15.wav,7.5,11.5,1,2,8,siren
102871-8-0-2.wav,1.0,5.0,1,2,8,siren
102871-8-0-3.wav,1.5,5.5,1,2,8,siren
102871-8-0-4.wav,2.0,6.0,1,2,8,siren
102871-8-0-5.wav,2.5,6.5,1,2,8,siren
102871-8-0-6.wav,3.0,7.0,1,2,8,siren
102871-8-0-7.wav,3.5,7.5,1,2,8,siren
102871-8-0-8.wav,4.0,8.0,1,2,8,siren
102871-8-0-9.wav,4.5,8.5,1,2,8,siren
103074-7-0-0.wav,3.341279,7.341279,1,1,7,jackhammer
103074-7-0-1.wav,3.841279,7.841279,1,1,7,jackhammer
103074-7-0-2.wav,4.341279,8.341279,1,1,7,jackhammer
103074-7-1-0.wav,22.517317,26.517317,1,1,7,jackhammer
103074-7-1-1.wav,23.017317,27.017317,1,1,7,jackhammer
103074-7-1-2.wav,23.517317,27.517317,1,1,7,jackhammer
103074-7-1-3.wav,24.017317,28.017317,1,1,7,jackhammer
103074-7-1-4.wav,24.517317,28.517317,1,1,7,jackhammer
103074-7-1-5.wav,25.017317,29.017317,1,1,7,jackhammer
103074-7-1-6.wav,25.517317,29.517317,1,1,7,jackhammer
103074-7-2-0.wav,42.347083,43.727176,1,1,7,jackhammer
103074-7-3-0.wav,46.632637,50.632637,1,1,7,jackhammer
103074-7-3-1.wav,47.132637,51.132637,1,1,7,jackhammer
103074-7-3-2.wav,47.632637,51.632637,1,1,7,jackhammer
103074-7-3-3.wav,48.132637,52.132637,1,1,7,jackhammer
103074-7-4-0.wav,60.651482,64.651482,1,1,7,jackhammer
103074-7-4-1.wav,61.151482,65.151482,1,1,7,jackhammer
103074-7-4-2.wav,61.651482,65.651482,1,1,7,jackhammer
103074-7-4-3.wav,62.151482,66.151482,1,1,7,jackhammer
103074-7-4-4.wav,62.651482,66.651482,1,1,7,jackhammer
103074-7-4-5.wav,63.151482,67.151482,1,1,7,jackhammer
103074-7-4-6.wav,63.651482,67.651482,1,1,7,jackhammer
103076-3-0-0.wav,0.0,2.527184,1,8,3,dog_bark
103076-3-1-0.wav,6.788349,7.756796,1,8,3,dog_bark
103076-3-2-0.wav,10.265534,10.717475,1,8,3,dog_bark
103199-4-0-0.wav,0.0,4.0,1,3,4,drilling
103199-4-0-3.wav,1.5,5.5,1,3,4,drilling
103199-4-0-4.wav,2.0,6.0,1,3,4,drilling
103199-4-0-5.wav,2.5,6.5,1,3,4,drilling
103199-4-0-6.wav,3.0,7.0,1,3,4,drilling
103199-4-1-0.wav,16.097136,17.617205,2,3,4,drilling
103199-4-2-0.wav,17.617205,21.617205,1,3,4,drilling
103199-4-2-1.wav,18.117205,22.117205,1,3,4,drilling
103199-4-2-10.wav,22.617205,26.617205,1,3,4,drilling
103199-4-2-11.wav,23.117205,27.117205,1,3,4,drilling
103199-4-2-2.wav,18.617205,22.617205,1,3,4,drilling
103199-4-2-3.wav,19.117205,23.117205,1,3,4,drilling
103199-4-2-4.wav,19.617205,23.617205,1,3,4,drilling
103199-4-2-5.wav,20.117205,24.117205,1,3,4,drilling
103199-4-2-6.wav,20.617205,24.617205,1,3,4,drilling
103199-4-2-7.wav,21.117205,25.117205,1,3,4,drilling
103199-4-2-8.wav,21.617205,25.617205,1,3,4,drilling
103199-4-2-9.wav,22.117205,26.117205,1,3,4,drilling
103199-4-4-0.wav,46.186699,48.720146,1,3,4,drilling
103199-4-6-0.wav,50.591,51.916188,1,3,4,drilling
103199-4-7-2.wav,52.916188,56.916188,2,3,4,drilling
103258-5-0-0.wav,0.0,4.0,1,1,5,engine_idling
103258-5-0-1.wav,0.5,4.5,1,1,5,engine_idling
103258-5-0-10.wav,5.0,9.0,1,1,5,engine_idling
103258-5-0-11.wav,5.5,9.5,1,1,5,engine_idling
103258-5-0-12.wav,6.0,10.0,1,1,5,engine_idling
103258-5-0-13.wav,6.5,10.5,1,1,5,engine_idling
103258-5-0-14.wav,7.0,11.0,1,1,5,engine_idling
103258-5-0-15.wav,7.5,11.5,1,1,5,engine_idling
103258-5-0-16.wav,8.0,12.0,1,1,5,engine_idling
103258-5-0-17.wav,8.5,12.5,1,1,5,engine_idling
103258-5-0-18.wav,9.0,13.0,1,1,5,engine_idling
103258-5-0-19.wav,9.5,13.5,1,1,5,engine_idling
103258-5-0-2.wav,1.0,5.0,1,1,5,engine_idling
103258-5-0-3.wav,1.5,5.5,1,1,5,engine_idling
103258-5-0-4.wav,2.0,6.0,1,1,5,engine_idling
103258-5-0-5.wav,2.5,6.5,1,1,5,engine_idling
103258-5-0-6.wav,3.0,7.0,1,1,5,engine_idling
103258-5-0-7.wav,3.5,7.5,1,1,5,engine_idling
103258-5-0-8.wav,4.0,8.0,1,1,5,engine_idling
103258-5-0-9.wav,4.5,8.5,1,1,5,engine_idling
103357-4-0-0.wav,0.305227,4.305227,1,3,4,drilling
103357-4-0-1.wav,0.805227,4.805227,1,3,4,drilling
104327-2-0-15.wav,7.5,11.5,2,6,2,children_playing
104327-2-0-19.wav,9.5,13.5,2,6,2,children_playing
104327-2-0-26.wav,13.0,17.0,2,6,2,children_playing
104327-2-0-28.wav,14.0,18.0,2,6,2,children_playing
104327-2-0-3.wav,1.5,5.5,2,6,2,children_playing
104327-2-0-30.wav,15.0,19.0,2,6,2,children_playing
104327-2-0-34.wav,17.0,21.0,2,6,2,children_playing
104327-2-0-4.wav,2.0,6.0,2,6,2,children_playing
104421-2-0-1.wav,0.5,4.5,2,5,2,children_playing
104421-2-0-15.wav,7.5,11.5,2,5,2,children_playing
104421-2-0-20.wav,10.0,14.0,2,5,2,children_playing
104421-2-0-29.wav,14.5,18.5,2,5,2,children_playing
104421-2-0-3.wav,1.5,5.5,2,5,2,children_playing
104421-2-0-5.wav,2.5,6.5,2,5,2,children_playing
104421-2-0-7.wav,3.5,7.5,2,5,2,children_playing
104421-2-1-3.wav,91.652072,95.652072,1,5,2,children_playing
104625-4-0-15.wav,13.751409,17.751409,1,7,4,drilling
104625-4-0-21.wav,16.751409,20.751409,1,7,4,drilling
104625-4-0-27.wav,19.751409,23.751409,1,7,4,drilling
104625-4-0-29.wav,20.751409,24.751409,1,7,4,drilling
104625-4-0-3.wav,7.751409,11.751409,1,7,4,drilling
104625-4-0-35.wav,23.751409,27.751409,1,7,4,drilling
104625-4-0-40.wav,26.251409,30.251409,1,7,4,drilling
104625-4-0-41.wav,26.751409,30.751409,1,7,4,drilling
104625-4-0-45.wav,28.751409,32.751408999999995,1,7,4,drilling
104625-4-0-48.wav,30.251409,34.251408999999995,1,7,4,drilling
104625-4-0-51.wav,31.751409,35.751408999999995,1,7,4,drilling
104625-4-0-52.wav,32.251409,36.251409,1,7,4,drilling
104625-4-0-53.wav,32.751409,36.751409,1,7,4,drilling
104625-4-0-55.wav,33.751409,37.751409,1,7,4,drilling
104625-4-0-57.wav,34.751409,38.751409,1,7,4,drilling
104625-4-0-66.wav,39.251409,43.251409,1,7,4,drilling
104625-4-1-20.wav,156.589168,160.589168,1,7,4,drilling
104625-4-1-8.wav,150.589168,154.589168,1,7,4,drilling
104817-4-0-0.wav,0.0,4.0,1,2,4,drilling
104817-4-0-1.wav,0.5,4.5,1,2,4,drilling
104817-4-0-10.wav,5.0,9.0,1,2,4,drilling
104817-4-0-11.wav,5.5,9.5,1,2,4,drilling
104817-4-0-2.wav,1.0,5.0,1,2,4,drilling
104817-4-0-3.wav,1.5,5.5,1,2,4,drilling
104817-4-0-4.wav,2.0,6.0,1,2,4,drilling
104817-4-0-5.wav,2.5,6.5,1,2,4,drilling
104817-4-0-6.wav,3.0,7.0,1,2,4,drilling
104817-4-0-7.wav,3.5,7.5,1,2,4,drilling
104817-4-0-8.wav,4.0,8.0,1,2,4,drilling
104817-4-0-9.wav,4.5,8.5,1,2,4,drilling
104998-7-0-5.wav,18.872926,22.872926,1,5,7,jackhammer
104998-7-10-1.wav,260.47552,264.47552,1,5,7,jackhammer
104998-7-10-10.wav,264.97552,268.97552,1,5,7,jackhammer
104998-7-10-13.wav,266.47552,270.47552,1,5,7,jackhammer
104998-7-10-15.wav,267.47552,271.47552,1,5,7,jackhammer
104998-7-10-8.wav,263.97552,267.97552,1,5,7,jackhammer
104998-7-10-9.wav,264.47552,268.47552,1,5,7,jackhammer
104998-7-11-0.wav,297.367744,301.367744,1,5,7,jackhammer
104998-7-11-2.wav,298.367744,302.367744,1,5,7,jackhammer
104998-7-12-2.wav,322.263366,326.263366,1,5,7,jackhammer
104998-7-14-1.wav,352.960429,356.960429,1,5,7,jackhammer
104998-7-14-5.wav,354.960429,358.960429,1,5,7,jackhammer
104998-7-14-6.wav,355.460429,359.460429,1,5,7,jackhammer
104998-7-15-1.wav,380.838655,384.838655,1,5,7,jackhammer
104998-7-15-3.wav,381.838655,385.838655,1,5,7,jackhammer
104998-7-15-5.wav,382.838655,386.838655,1,5,7,jackhammer
104998-7-15-9.wav,384.838655,388.838655,1,5,7,jackhammer
104998-7-16-0.wav,422.155994,426.155994,1,5,7,jackhammer
104998-7-16-10.wav,427.155994,431.155994,1,5,7,jackhammer
104998-7-16-11.wav,427.655994,431.655994,1,5,7,jackhammer
104998-7-16-5.wav,424.655994,428.655994,1,5,7,jackhammer
104998-7-16-6.wav,425.155994,429.155994,1,5,7,jackhammer
104998-7-16-7.wav,425.655994,429.655994,1,5,7,jackhammer
104998-7-17-0.wav,456.008125,460.008125,1,5,7,jackhammer
104998-7-17-1.wav,456.508125,460.508125,1,5,7,jackhammer
104998-7-17-12.wav,462.008125,466.008125,1,5,7,jackhammer
104998-7-17-14.wav,463.008125,467.008125,1,5,7,jackhammer
104998-7-17-4.wav,458.008125,462.008125,1,5,7,jackhammer
104998-7-17-7.wav,459.508125,463.508125,1,5,7,jackhammer
104998-7-17-8.wav,460.008125,464.008125,1,5,7,jackhammer
104998-7-18-12.wav,501.391651,505.391651,1,5,7,jackhammer
104998-7-18-13.wav,501.891651,505.891651,1,5,7,jackhammer
104998-7-18-3.wav,496.891651,500.891651,1,5,7,jackhammer
104998-7-18-9.wav,499.891651,503.891651,1,5,7,jackhammer
104998-7-19-0.wav,530.128805,534.128805,1,5,7,jackhammer
104998-7-19-3.wav,531.628805,535.628805,1,5,7,jackhammer
104998-7-19-6.wav,533.128805,537.128805,1,5,7,jackhammer
104998-7-19-7.wav,533.628805,537.628805,1,5,7,jackhammer
104998-7-19-8.wav,534.128805,538.128805,1,5,7,jackhammer
104998-7-19-9.wav,534.628805,538.628805,1,5,7,jackhammer
104998-7-2-4.wav,62.402823,66.402823,1,5,7,jackhammer
104998-7-2-5.wav,62.902823,66.902823,1,5,7,jackhammer
104998-7-2-6.wav,63.402823,67.402823,1,5,7,jackhammer
104998-7-3-1.wav,84.134678,88.134678,1,5,7,jackhammer
104998-7-7-0.wav,141.824943,145.824943,1,5,7,jackhammer
104998-7-7-1.wav,142.324943,146.324943,1,5,7,jackhammer
104998-7-7-4.wav,143.824943,147.824943,1,5,7,jackhammer
104998-7-7-7.wav,145.324943,149.324943,1,5,7,jackhammer
104998-7-7-9.wav,146.324943,150.324943,1,5,7,jackhammer
104998-7-8-13.wav,178.194471,182.194471,1,5,7,jackhammer
104998-7-8-14.wav,178.694471,182.694471,1,5,7,jackhammer
104998-7-8-15.wav,179.194471,183.194471,1,5,7,jackhammer
104998-7-8-17.wav,180.194471,184.194471,1,5,7,jackhammer
104998-7-8-4.wav,173.694471,177.694471,1,5,7,jackhammer
104998-7-8-6.wav,174.694471,178.694471,1,5,7,jackhammer
104998-7-8-7.wav,175.194471,179.194471,1,5,7,jackhammer
104998-7-9-0.wav,221.698273,225.698273,1,5,7,jackhammer
104998-7-9-13.wav,228.198273,232.198273,1,5,7,jackhammer
104998-7-9-9.wav,226.198273,230.198273,1,5,7,jackhammer
105289-8-0-0.wav,26.31554,30.31554,2,7,8,siren
105289-8-0-1.wav,26.81554,30.81554,2,7,8,siren
105289-8-0-2.wav,27.31554,31.31554,2,7,8,siren
105289-8-0-3.wav,27.81554,31.81554,2,7,8,siren
105289-8-0-4.wav,28.31554,32.31554,2,7,8,siren
105289-8-0-5.wav,28.81554,32.81554,2,7,8,siren
105289-8-1-0.wav,40.426771,44.426771,1,7,8,siren
105289-8-1-1.wav,40.926771,44.926771,1,7,8,siren
105289-8-1-2.wav,41.426771,45.426771,1,7,8,siren
105289-8-1-3.wav,41.926771,45.926771,1,7,8,siren
105289-8-1-4.wav,42.426771,46.426771,1,7,8,siren
105289-8-2-0.wav,53.012464,57.012464,2,7,8,siren
105289-8-2-1.wav,53.512464,57.512464,2,7,8,siren
105289-8-2-2.wav,54.012464,58.012464,2,7,8,siren
105289-8-2-3.wav,54.512464,58.512464,2,7,8,siren
105289-8-2-4.wav,55.012464,59.012464,2,7,8,siren
105289-8-2-5.wav,55.512464,59.512464,2,7,8,siren
105289-8-2-6.wav,56.012464,60.012464,2,7,8,siren
105289-8-2-7.wav,56.512464,60.512464,2,7,8,siren
105319-3-0-22.wav,11.0,15.0,2,6,3,dog_bark
105319-3-0-29.wav,14.5,18.5,2,6,3,dog_bark
105319-3-0-39.wav,19.5,23.5,2,6,3,dog_bark
105415-2-0-1.wav,0.5,4.5,1,1,2,children_playing
105415-2-0-15.wav,7.5,11.5,1,1,2,children_playing
105415-2-0-19.wav,9.5,13.5,1,1,2,children_playing
105415-2-0-21.wav,10.5,14.5,1,1,2,children_playing
105415-2-0-24.wav,12.0,16.0,1,1,2,children_playing
105415-2-0-4.wav,2.0,6.0,1,1,2,children_playing
105415-2-0-6.wav,3.0,7.0,1,1,2,children_playing
105415-2-0-8.wav,4.0,8.0,1,1,2,children_playing
105425-9-0-1.wav,0.5,4.5,1,5,9,street_music
105425-9-0-10.wav,5.0,9.0,1,5,9,street_music
105425-9-0-12.wav,6.0,10.0,1,5,9,street_music
105425-9-0-13.wav,6.5,10.5,1,5,9,street_music
105425-9-0-14.wav,7.0,11.0,1,5,9,street_music
105425-9-0-23.wav,11.5,15.5,1,5,9,street_music
106015-5-0-0.wav,3.484984,7.484984,1,2,5,engine_idling
106015-5-0-1.wav,3.984984,7.984984,1,2,5,engine_idling
106015-5-0-10.wav,8.484984,12.484984,1,2,5,engine_idling
106015-5-0-11.wav,8.984984,12.984984,1,2,5,engine_idling
106015-5-0-12.wav,9.484984,13.484984,1,2,5,engine_idling
106015-5-0-13.wav,9.984984,13.984984,1,2,5,engine_idling
106015-5-0-14.wav,10.484984,14.484984,1,2,5,engine_idling
106015-5-0-15.wav,10.984984,14.984984,1,2,5,engine_idling
106015-5-0-16.wav,11.484984,15.484984,1,2,5,engine_idling
106015-5-0-17.wav,11.984984,15.984984,1,2,5,engine_idling
106015-5-0-18.wav,12.484984,16.484984,1,2,5,engine_idling
106015-5-0-19.wav,12.984984,16.984984,1,2,5,engine_idling
106015-5-0-2.wav,4.484984,8.484984,1,2,5,engine_idling
106015-5-0-20.wav,13.484984,17.484984,1,2,5,engine_idling
106015-5-0-3.wav,4.984984,8.984984,1,2,5,engine_idling
106015-5-0-4.wav,5.484984,9.484984,1,2,5,engine_idling
106015-5-0-5.wav,5.984984,9.984984,1,2,5,engine_idling
106015-5-0-6.wav,6.484984,10.484984,1,2,5,engine_idling
106015-5-0-7.wav,6.984984,10.984984,1,2,5,engine_idling
106015-5-0-8.wav,7.484984,11.484984,1,2,5,engine_idling
106015-5-0-9.wav,7.984984,11.984984,1,2,5,engine_idling
106486-5-0-0.wav,0.0,4.0,1,6,5,engine_idling
106486-5-0-1.wav,0.5,4.5,1,6,5,engine_idling
106486-5-0-2.wav,1.0,5.0,1,6,5,engine_idling
106487-5-0-0.wav,0.0,4.0,1,5,5,engine_idling
106487-5-0-1.wav,0.5,4.5,1,5,5,engine_idling
106487-5-0-2.wav,1.0,5.0,1,5,5,engine_idling
106905-5-0-0.wav,55.008446,59.008446,2,8,5,engine_idling
106905-5-0-1.wav,55.508446,59.508446,2,8,5,engine_idling
106905-5-0-2.wav,56.008446,60.008446,2,8,5,engine_idling
106905-8-0-0.wav,43.636489,47.636489,2,1,8,siren
106905-8-0-1.wav,44.136489,48.136489,2,1,8,siren
106905-8-0-2.wav,44.636489,48.636489,2,1,8,siren
106905-8-0-3.wav,45.136489,49.136489,2,1,8,siren
107090-1-0-0.wav,25.500254,26.099176,2,8,1,car_horn
107090-1-1-0.wav,29.715744,30.54502,2,8,1,car_horn
107190-3-0-0.wav,0.0,0.794875,1,8,3,dog_bark
107228-5-0-0.wav,3.134753,7.134753,1,3,5,engine_idling
107228-5-0-1.wav,3.634753,7.634753,1,3,5,engine_idling
107228-5-0-2.wav,4.134753,8.134753,1,3,5,engine_idling
107228-5-0-3.wav,4.634753,8.634753,1,3,5,engine_idling
107228-5-0-4.wav,5.134753,9.134753,1,3,5,engine_idling
107228-5-0-5.wav,5.634753,9.634753,1,3,5,engine_idling
107228-5-0-6.wav,6.134753,10.134753,1,3,5,engine_idling
107228-5-0-7.wav,6.634753,10.634753,1,3,5,engine_idling
107357-8-0-0.wav,0.0,4.0,2,7,8,siren
107357-8-0-1.wav,0.5,4.5,2,7,8,siren
107357-8-0-2.wav,1.0,5.0,2,7,8,siren
107357-8-0-3.wav,1.5,5.5,2,7,8,siren
107357-8-0-4.wav,2.0,6.0,2,7,8,siren
107357-8-0-5.wav,2.5,6.5,2,7,8,siren
107357-8-0-6.wav,3.0,7.0,2,7,8,siren
107357-8-0-7.wav,3.5,7.5,2,7,8,siren
107357-8-0-8.wav,4.0,8.0,2,7,8,siren
107357-8-1-0.wav,159.017232,163.017232,2,7,8,siren
107357-8-1-1.wav,159.517232,163.517232,2,7,8,siren
107357-8-1-10.wav,164.017232,168.017232,2,7,8,siren
107357-8-1-11.wav,164.517232,168.517232,2,7,8,siren
107357-8-1-12.wav,165.017232,169.017232,2,7,8,siren
107357-8-1-13.wav,165.517232,169.517232,2,7,8,siren
107357-8-1-14.wav,166.017232,170.017232,2,7,8,siren
107357-8-1-15.wav,166.517232,170.517232,2,7,8,siren
107357-8-1-16.wav,167.017232,171.017232,2,7,8,siren
107357-8-1-17.wav,167.517232,171.517232,2,7,8,siren
107357-8-1-18.wav,168.017232,172.017232,2,7,8,siren
107357-8-1-2.wav,160.017232,164.017232,2,7,8,siren
107357-8-1-3.wav,160.517232,164.517232,2,7,8,siren
107357-8-1-4.wav,161.017232,165.017232,2,7,8,siren
107357-8-1-5.wav,161.517232,165.517232,2,7,8,siren
107357-8-1-6.wav,162.017232,166.017232,2,7,8,siren
107357-8-1-7.wav,162.517232,166.517232,2,7,8,siren
107357-8-1-8.wav,163.017232,167.017232,2,7,8,siren
107357-8-1-9.wav,163.517232,167.517232,2,7,8,siren
107653-9-0-12.wav,6.0,10.0,2,4,9,street_music
107653-9-0-14.wav,7.0,11.0,2,4,9,street_music
107653-9-0-18.wav,9.0,13.0,2,4,9,street_music
107653-9-0-3.wav,1.5,5.5,2,4,9,street_music
107653-9-0-5.wav,2.5,6.5,2,4,9,street_music
107653-9-0-7.wav,3.5,7.5,2,4,9,street_music
107842-4-0-0.wav,1.157328,5.157328,1,6,4,drilling
107842-4-0-1.wav,1.657328,5.657328,1,6,4,drilling
107842-4-0-2.wav,2.157328,6.157328,1,6,4,drilling
107842-4-1-0.wav,11.634196,13.385417,1,6,4,drilling
107842-4-2-0.wav,13.811801,17.811801000000003,1,6,4,drilling
107842-4-2-1.wav,14.311801,18.311801000000003,1,6,4,drilling
107842-4-2-2.wav,14.811801,18.811801000000003,1,6,4,drilling
107842-4-2-3.wav,15.311801,19.311801000000003,1,6,4,drilling
107842-4-2-4.wav,15.811801,19.811801000000003,1,6,4,drilling
107842-4-3-0.wav,26.085574,27.89771,1,6,4,drilling
108041-9-0-11.wav,5.5,9.5,1,1,9,street_music
108041-9-0-2.wav,1.0,5.0,1,1,9,street_music
108041-9-0-4.wav,2.0,6.0,1,1,9,street_music
108041-9-0-5.wav,2.5,6.5,1,1,9,street_music
108041-9-0-6.wav,3.0,7.0,1,1,9,street_music
108041-9-0-7.wav,3.5,7.5,1,1,9,street_music
108041-9-0-9.wav,4.5,8.5,1,1,9,street_music
108187-3-2-0.wav,15.751454,16.246588,2,2,3,dog_bark
108187-3-3-0.wav,18.010504,19.093609,2,2,3,dog_bark
108187-3-4-0.wav,24.911435,26.304,2,2,3,dog_bark
108187-3-6-0.wav,31.5648,33.266824,2,2,3,dog_bark
108357-9-0-15.wav,7.5,11.5,1,5,9,street_music
108357-9-0-2.wav,1.0,5.0,1,5,9,street_music
108357-9-0-27.wav,13.5,17.5,1,5,9,street_music
108357-9-0-30.wav,15.0,19.0,1,5,9,street_music
108357-9-0-44.wav,22.0,26.0,1,5,9,street_music
108357-9-0-49.wav,24.5,28.5,1,5,9,street_music
108362-2-0-11.wav,5.5,9.5,1,1,2,children_playing
108362-2-0-12.wav,6.0,10.0,1,1,2,children_playing
108362-2-0-21.wav,10.5,14.5,1,1,2,children_playing
108362-2-0-23.wav,11.5,15.5,1,1,2,children_playing
108362-2-0-29.wav,14.5,18.5,1,1,2,children_playing
108362-2-0-30.wav,15.0,19.0,1,1,2,children_playing
108362-2-0-7.wav,3.5,7.5,1,1,2,children_playing
108362-2-0-9.wav,4.5,8.5,1,1,2,children_playing
108638-9-0-0.wav,0.0,4.0,1,6,9,street_music
108638-9-0-1.wav,0.5,4.5,1,6,9,street_music
108638-9-0-2.wav,1.0,5.0,1,6,9,street_music
108638-9-0-4.wav,2.0,6.0,1,6,9,street_music
108638-9-0-5.wav,2.5,6.5,1,6,9,street_music
108638-9-0-6.wav,3.0,7.0,1,6,9,street_music
109233-3-0-3.wav,16.952386,20.952386,1,6,3,dog_bark
109233-3-0-4.wav,17.452386,21.452386,1,6,3,dog_bark
109233-3-0-5.wav,17.952386,21.952386,1,6,3,dog_bark
109233-3-0-6.wav,18.452386,22.452386,1,6,3,dog_bark
109263-9-0-34.wav,17.0,21.0,1,5,9,street_music
109263-9-0-39.wav,19.5,23.5,1,5,9,street_music
109263-9-0-54.wav,27.0,31.0,1,5,9,street_music
109263-9-0-61.wav,30.5,34.5,1,5,9,street_music
109263-9-0-78.wav,39.0,43.0,1,5,9,street_music
109703-2-0-134.wav,67.0,71.0,2,2,2,children_playing
109703-2-0-14.wav,7.0,11.0,2,2,2,children_playing
109703-2-0-153.wav,76.5,80.5,2,2,2,children_playing
109703-2-0-29.wav,14.5,18.5,2,2,2,children_playing
109703-2-0-32.wav,16.0,20.0,2,2,2,children_playing
109703-2-0-48.wav,24.0,28.0,2,2,2,children_playing
109703-2-0-50.wav,25.0,29.0,2,2,2,children_playing
109711-3-1-0.wav,3.332443,5.69896,1,4,3,dog_bark
109711-3-2-4.wav,14.001624,18.001624,1,4,3,dog_bark
109711-3-2-6.wav,15.001624,19.001624,1,4,3,dog_bark
110134-3-0-0.wav,0.0,1.130113,1,8,3,dog_bark
110371-3-0-1.wav,0.790852,4.790852,1,5,3,dog_bark
110371-3-1-0.wav,15.269745,19.269745,1,5,3,dog_bark
110371-3-1-1.wav,15.769745,19.769745,1,5,3,dog_bark
110621-7-0-0.wav,0.0,4.0,1,4,7,jackhammer
110621-7-0-1.wav,0.5,4.5,1,4,7,jackhammer
110621-7-0-2.wav,1.0,5.0,1,4,7,jackhammer
110621-7-0-3.wav,1.5,5.5,1,4,7,jackhammer
110622-6-0-0.wav,0.0,1.501211,1,3,6,gun_shot
110688-3-0-11.wav,5.5,9.5,2,8,3,dog_bark
110688-3-0-17.wav,8.5,12.5,2,8,3,dog_bark
110688-3-0-2.wav,1.0,5.0,2,8,3,dog_bark
110688-3-0-32.wav,16.0,20.0,2,8,3,dog_bark
110868-9-0-11.wav,5.5,9.5,1,6,9,street_music
110868-9-0-13.wav,6.5,10.5,1,6,9,street_music
110868-9-0-14.wav,7.0,11.0,1,6,9,street_music
110868-9-0-15.wav,7.5,11.5,1,6,9,street_music
110868-9-0-6.wav,3.0,7.0,1,6,9,street_music
110868-9-0-8.wav,4.0,8.0,1,6,9,street_music
110918-3-0-1.wav,0.5,4.5,1,7,3,dog_bark
110918-3-0-26.wav,13.0,17.0,1,7,3,dog_bark
110918-3-0-40.wav,20.0,24.0,1,7,3,dog_bark
110918-3-0-9.wav,4.5,8.5,1,7,3,dog_bark
111048-6-0-0.wav,0.0,1.314579,1,6,6,gun_shot
111386-5-0-0.wav,2.784895,6.784895000000001,1,6,5,engine_idling
111386-5-0-1.wav,3.284895,7.284895000000001,1,6,5,engine_idling
111386-5-0-2.wav,3.784895,7.784895000000001,1,6,5,engine_idling
111386-5-0-3.wav,4.284895000000001,8.284895,1,6,5,engine_idling
111386-5-0-4.wav,4.784895000000001,8.784895,1,6,5,engine_idling
111386-5-0-5.wav,5.284895000000001,9.284895,1,6,5,engine_idling
111386-5-0-6.wav,5.784895000000001,9.784895,1,6,5,engine_idling
111386-5-0-7.wav,6.284895000000001,10.284895,1,6,5,engine_idling
111386-5-1-0.wav,28.890258,32.890258,1,6,5,engine_idling
111386-5-1-1.wav,29.390258,33.390258,1,6,5,engine_idling
111386-5-1-10.wav,33.890258,37.890258,1,6,5,engine_idling
111386-5-1-11.wav,34.390258,38.390258,1,6,5,engine_idling
111386-5-1-12.wav,34.890258,38.890258,1,6,5,engine_idling
111386-5-1-13.wav,35.390258,39.390258,1,6,5,engine_idling
111386-5-1-14.wav,35.890258,39.890258,1,6,5,engine_idling
111386-5-1-2.wav,29.890258,33.890258,1,6,5,engine_idling
111386-5-1-3.wav,30.390258,34.390258,1,6,5,engine_idling
111386-5-1-4.wav,30.890258,34.890258,1,6,5,engine_idling
111386-5-1-5.wav,31.390258,35.390258,1,6,5,engine_idling
111386-5-1-6.wav,31.890258,35.890258,1,6,5,engine_idling
111386-5-1-7.wav,32.390258,36.390258,1,6,5,engine_idling
111386-5-1-8.wav,32.890258,36.890258,1,6,5,engine_idling
111386-5-1-9.wav,33.390258,37.390258,1,6,5,engine_idling
111671-8-0-0.wav,1.197766,5.197766,1,5,8,siren
111671-8-0-1.wav,1.697766,5.697766,1,5,8,siren
111671-8-0-10.wav,6.197766,10.197766,1,5,8,siren
111671-8-0-11.wav,6.697766,10.697766,1,5,8,siren
111671-8-0-12.wav,7.197766,11.197766,1,5,8,siren
111671-8-0-13.wav,7.697766,11.697766,1,5,8,siren
111671-8-0-14.wav,8.197766,12.197766,1,5,8,siren
111671-8-0-15.wav,8.697766,12.697766,1,5,8,siren
111671-8-0-16.wav,9.197766,13.197766,1,5,8,siren
111671-8-0-17.wav,9.697766,13.697766,1,5,8,siren
111671-8-0-18.wav,10.197766,14.197766,1,5,8,siren
111671-8-0-19.wav,10.697766,14.697766,1,5,8,siren
111671-8-0-2.wav,2.197766,6.197766,1,5,8,siren
111671-8-0-20.wav,11.197766,15.197766,1,5,8,siren
111671-8-0-21.wav,11.697766,15.697766,1,5,8,siren
111671-8-0-22.wav,12.197766,16.197766,1,5,8,siren
111671-8-0-3.wav,2.697766,6.697766,1,5,8,siren
111671-8-0-4.wav,3.197766,7.197766,1,5,8,siren
111671-8-0-5.wav,3.697766,7.697766,1,5,8,siren
111671-8-0-6.wav,4.197766,8.197766,1,5,8,siren
111671-8-0-7.wav,4.697766,8.697766,1,5,8,siren
111671-8-0-8.wav,5.197766,9.197766,1,5,8,siren
111671-8-0-9.wav,5.697766,9.697766,1,5,8,siren
112075-5-0-0.wav,8.037355,12.037355,2,3,5,engine_idling
112075-5-0-1.wav,8.537355,12.537355,2,3,5,engine_idling
112075-5-0-2.wav,9.037355,13.037355,2,3,5,engine_idling
112195-3-0-38.wav,19.0,23.0,1,2,3,dog_bark
112195-3-0-48.wav,24.0,28.0,1,2,3,dog_bark
112195-3-0-57.wav,28.5,32.5,1,2,3,dog_bark
112195-3-0-80.wav,40.0,44.0,1,2,3,dog_bark
113160-8-0-0.wav,0.1029,0.90369,1,4,8,siren
113201-5-0-0.wav,0.0,4.0,1,2,5,engine_idling
113201-5-0-1.wav,0.5,4.5,1,2,5,engine_idling
113201-5-0-2.wav,1.0,5.0,1,2,5,engine_idling
113201-5-0-3.wav,1.5,5.5,1,2,5,engine_idling
113201-5-0-4.wav,2.0,6.0,1,2,5,engine_idling
113201-5-0-5.wav,2.5,6.5,1,2,5,engine_idling
113201-5-0-6.wav,3.0,7.0,1,2,5,engine_idling
113201-5-0-7.wav,3.5,7.5,1,2,5,engine_idling
113202-5-0-0.wav,0.0,4.0,1,8,5,engine_idling
113202-5-0-1.wav,0.5,4.5,1,8,5,engine_idling
113202-5-0-10.wav,5.0,9.0,1,8,5,engine_idling
113202-5-0-11.wav,5.5,9.5,1,8,5,engine_idling
113202-5-0-12.wav,6.0,10.0,1,8,5,engine_idling
113202-5-0-13.wav,6.5,10.5,1,8,5,engine_idling
113202-5-0-14.wav,7.0,11.0,1,8,5,engine_idling
113202-5-0-15.wav,7.5,11.5,1,8,5,engine_idling
113202-5-0-16.wav,8.0,12.0,1,8,5,engine_idling
113202-5-0-17.wav,8.5,12.5,1,8,5,engine_idling
113202-5-0-18.wav,9.0,13.0,1,8,5,engine_idling
113202-5-0-19.wav,9.5,13.5,1,8,5,engine_idling
113202-5-0-2.wav,1.0,5.0,1,8,5,engine_idling
113202-5-0-20.wav,10.0,14.0,1,8,5,engine_idling
113202-5-0-21.wav,10.5,14.5,1,8,5,engine_idling
113202-5-0-22.wav,11.0,15.0,1,8,5,engine_idling
113202-5-0-23.wav,11.5,15.5,1,8,5,engine_idling
113202-5-0-24.wav,12.0,16.0,1,8,5,engine_idling
113202-5-0-25.wav,12.5,16.5,1,8,5,engine_idling
113202-5-0-26.wav,13.0,17.0,1,8,5,engine_idling
113202-5-0-27.wav,13.5,17.5,1,8,5,engine_idling
113202-5-0-28.wav,14.0,18.0,1,8,5,engine_idling
113202-5-0-3.wav,1.5,5.5,1,8,5,engine_idling
113202-5-0-4.wav,2.0,6.0,1,8,5,engine_idling
113202-5-0-5.wav,2.5,6.5,1,8,5,engine_idling
113202-5-0-6.wav,3.0,7.0,1,8,5,engine_idling
113202-5-0-7.wav,3.5,7.5,1,8,5,engine_idling
113202-5-0-8.wav,4.0,8.0,1,8,5,engine_idling
113202-5-0-9.wav,4.5,8.5,1,8,5,engine_idling
113203-5-0-0.wav,43.494706,47.494706,1,8,5,engine_idling
113203-5-0-1.wav,43.994706,47.994706,1,8,5,engine_idling
113203-5-0-2.wav,44.494706,48.494706,1,8,5,engine_idling
113203-5-0-3.wav,44.994706,48.994706,1,8,5,engine_idling
113203-5-0-4.wav,45.494706,49.494706,1,8,5,engine_idling
113203-5-0-5.wav,45.994706,49.994706,1,8,5,engine_idling
113203-5-0-6.wav,46.494706,50.494706,1,8,5,engine_idling
113203-5-0-7.wav,46.994706,50.994706,1,8,5,engine_idling
113203-5-0-8.wav,47.494706,51.494706,1,8,5,engine_idling
113203-5-1-0.wav,79.235882,83.235882,1,8,5,engine_idling
113203-5-1-1.wav,79.735882,83.735882,1,8,5,engine_idling
113203-5-1-2.wav,80.235882,84.235882,1,8,5,engine_idling
113203-5-2-0.wav,94.771765,97.308235,1,8,5,engine_idling
113203-5-3-0.wav,100.507647,104.507647,1,8,5,engine_idling
113203-5-3-1.wav,101.007647,105.007647,1,8,5,engine_idling
113203-5-4-0.wav,115.899412,119.899412,1,8,5,engine_idling
113203-5-5-0.wav,125.094118,128.351176,1,8,5,engine_idling
113203-5-6-0.wav,132.934118,136.934118,1,8,5,engine_idling
113203-5-7-0.wav,141.581176,142.618824,1,8,5,engine_idling
113203-5-8-0.wav,145.875882,146.827059,1,8,5,engine_idling
113205-5-0-0.wav,2.12,5.36,1,1,5,engine_idling
113205-5-1-0.wav,27.04,31.04,1,1,5,engine_idling
113205-5-1-1.wav,27.54,31.54,1,1,5,engine_idling
113205-5-1-2.wav,28.04,32.04,1,1,5,engine_idling
113205-5-1-3.wav,28.54,32.54,1,1,5,engine_idling
113205-5-1-4.wav,29.04,33.04,1,1,5,engine_idling
113205-5-1-5.wav,29.54,33.54,1,1,5,engine_idling
113205-5-1-6.wav,30.04,34.04,1,1,5,engine_idling
113205-5-1-7.wav,30.54,34.54,1,1,5,engine_idling
113205-5-1-8.wav,31.04,35.04,1,1,5,engine_idling
113205-5-1-9.wav,31.54,35.54,1,1,5,engine_idling
113216-5-0-0.wav,2.693333,6.693333,1,8,5,engine_idling
113216-5-0-1.wav,3.193333,7.193333,1,8,5,engine_idling
113216-5-0-2.wav,3.693333,7.693333,1,8,5,engine_idling
113216-5-0-3.wav,4.193333,8.193332999999999,1,8,5,engine_idling
113216-5-0-4.wav,4.693333,8.693332999999999,1,8,5,engine_idling
113601-9-0-22.wav,36.248352,40.248352,2,5,9,street_music
113601-9-0-3.wav,26.748352,30.748352,2,5,9,street_music
113601-9-0-33.wav,41.748352,45.748352,2,5,9,street_music
113601-9-0-34.wav,42.248352,46.248352,2,5,9,street_music
113601-9-0-35.wav,42.748352,46.748352,2,5,9,street_music
113601-9-0-42.wav,46.248352,50.248352,2,5,9,street_music
113785-3-0-0.wav,0.259572,0.703092,1,2,3,dog_bark
113785-3-1-0.wav,0.991278,1.592177,1,2,3,dog_bark
114280-3-0-0.wav,0.0,4.0,1,8,3,dog_bark
114280-3-0-1.wav,0.5,4.5,1,8,3,dog_bark
114587-3-0-2.wav,2.467612,6.467612,1,1,3,dog_bark
114587-3-0-4.wav,3.467612,7.467612,1,1,3,dog_bark
114587-3-0-5.wav,3.967612,7.967612,1,1,3,dog_bark
114587-3-0-7.wav,4.967612,8.967611999999999,1,1,3,dog_bark
115239-9-0-0.wav,0.0,4.0,1,5,9,street_music
115239-9-0-1.wav,0.5,4.5,1,5,9,street_music
115239-9-0-2.wav,1.0,5.0,1,5,9,street_music
115239-9-0-3.wav,1.5,5.5,1,5,9,street_music
115239-9-0-4.wav,2.0,6.0,1,5,9,street_music
115239-9-0-5.wav,2.5,6.5,1,5,9,street_music
115240-9-0-1.wav,5.828996,9.828996,1,8,9,street_music
115240-9-0-16.wav,13.328996,17.328996,1,8,9,street_music
115240-9-0-28.wav,19.328996,23.328996,1,8,9,street_music
115240-9-0-34.wav,22.328996,26.328996,1,8,9,street_music
115240-9-0-36.wav,23.328996,27.328996,1,8,9,street_music
115240-9-0-4.wav,7.328996,11.328996,1,8,9,street_music
115242-9-0-14.wav,7.0,11.0,1,7,9,street_music
115242-9-0-44.wav,22.0,26.0,1,7,9,street_music
115242-9-0-55.wav,27.5,31.5,1,7,9,street_music
115242-9-0-68.wav,34.0,38.0,1,7,9,street_music
115242-9-0-70.wav,35.0,39.0,1,7,9,street_music
115242-9-0-83.wav,41.5,45.5,1,7,9,street_music
115243-9-0-0.wav,0.0,4.0,1,6,9,street_music
115243-9-0-16.wav,8.0,12.0,1,6,9,street_music
115243-9-0-4.wav,2.0,6.0,1,6,9,street_music
115243-9-0-46.wav,23.0,27.0,1,6,9,street_music
115243-9-0-81.wav,40.5,44.5,1,6,9,street_music
115243-9-0-94.wav,47.0,51.0,1,6,9,street_music
115411-3-0-0.wav,4.352579,5.374102,2,7,3,dog_bark
115411-3-2-0.wav,15.322853,18.9426,2,7,3,dog_bark
115411-3-3-0.wav,23.161936,27.161936,2,7,3,dog_bark
115415-9-0-0.wav,0.599702,4.599702,2,4,9,street_music
115415-9-0-1.wav,1.099702,5.099702,2,4,9,street_music
115415-9-0-4.wav,2.599702,6.599702,2,4,9,street_music
115415-9-0-5.wav,3.099702,7.099702,2,4,9,street_music
115415-9-0-6.wav,3.599702,7.599702,2,4,9,street_music
115415-9-0-7.wav,4.099702,8.099702,2,4,9,street_music
115535-3-0-0.wav,0.0,0.490667,1,4,3,dog_bark
115536-3-0-0.wav,0.0,2.964396,1,3,3,dog_bark
115537-3-0-0.wav,1.665407,2.340997,1,2,3,dog_bark
116163-3-0-0.wav,0.764195,1.036249,2,5,3,dog_bark
116163-3-1-0.wav,1.351097,1.757649,2,5,3,dog_bark
116163-3-2-0.wav,2.139747,3.258529,1,5,3,dog_bark
116400-3-0-2.wav,1.0,5.0,1,3,3,dog_bark
116400-3-1-0.wav,12.269801,16.269801,1,3,3,dog_bark
116400-3-1-1.wav,12.769801,16.769801,1,3,3,dog_bark
116400-3-1-2.wav,13.269801,17.269801,1,3,3,dog_bark
116423-2-0-0.wav,0.0,4.0,1,6,2,children_playing
116423-2-0-1.wav,0.5,4.5,1,6,2,children_playing
116423-2-0-2.wav,1.0,5.0,1,6,2,children_playing
116423-2-0-3.wav,1.5,5.5,1,6,2,children_playing
116423-2-0-4.wav,2.0,6.0,1,6,2,children_playing
116484-3-0-12.wav,6.0,10.0,1,4,3,dog_bark
116484-3-0-16.wav,8.0,12.0,1,4,3,dog_bark
116484-3-0-6.wav,3.0,7.0,1,4,3,dog_bark
116484-3-0-8.wav,4.0,8.0,1,4,3,dog_bark
116485-3-0-4.wav,2.0,6.0,1,7,3,dog_bark
116485-3-0-6.wav,3.0,7.0,1,7,3,dog_bark
116485-3-2-0.wav,27.595083,31.595083,1,7,3,dog_bark
116485-3-2-4.wav,29.595083,33.595083,1,7,3,dog_bark
117048-3-0-17.wav,8.5,12.5,1,3,3,dog_bark
117048-3-0-23.wav,11.5,15.5,1,3,3,dog_bark
117048-3-0-25.wav,12.5,16.5,1,3,3,dog_bark
117048-3-0-35.wav,17.5,21.5,1,3,3,dog_bark
117072-3-0-11.wav,6.828188,10.828188,1,3,3,dog_bark
117072-3-0-14.wav,8.328188,12.328188,1,3,3,dog_bark
117072-3-0-19.wav,10.828188,14.828188,1,3,3,dog_bark
117072-3-0-8.wav,5.328188,9.328188,1,3,3,dog_bark
117181-8-0-0.wav,0.0,4.0,1,8,8,siren
117181-8-0-1.wav,0.5,4.5,1,8,8,siren
117181-8-0-10.wav,5.0,9.0,1,8,8,siren
117181-8-0-11.wav,5.5,9.5,1,8,8,siren
117181-8-0-12.wav,6.0,10.0,1,8,8,siren
117181-8-0-2.wav,1.0,5.0,1,8,8,siren
117181-8-0-3.wav,1.5,5.5,1,8,8,siren
117181-8-0-4.wav,2.0,6.0,1,8,8,siren
117181-8-0-5.wav,2.5,6.5,1,8,8,siren
117181-8-0-6.wav,3.0,7.0,1,8,8,siren
117181-8-0-7.wav,3.5,7.5,1,8,8,siren
117181-8-0-8.wav,4.0,8.0,1,8,8,siren
117181-8-0-9.wav,4.5,8.5,1,8,8,siren
117271-3-0-0.wav,0.0,4.0,1,6,3,dog_bark
117271-3-0-1.wav,0.5,4.5,1,6,3,dog_bark
117271-3-0-2.wav,1.0,5.0,1,6,3,dog_bark
117271-3-0-3.wav,1.5,5.5,1,6,3,dog_bark
117536-1-0-0.wav,31.064967,31.640588,2,4,1,car_horn
118070-1-0-0.wav,0.392887,0.617964,1,3,1,car_horn
118072-3-0-0.wav,0.0,1.066667,1,6,3,dog_bark
118101-3-0-0.wav,1.042871,5.042871,1,1,3,dog_bark
118101-3-0-3.wav,2.542871,6.542871,1,1,3,dog_bark
118101-3-0-4.wav,3.042871,7.042871,1,1,3,dog_bark
118101-3-0-6.wav,4.042871,8.042871,1,1,3,dog_bark
118279-8-0-0.wav,0.0,4.0,2,1,8,siren
118279-8-0-1.wav,0.5,4.5,2,1,8,siren
118279-8-0-10.wav,5.0,9.0,2,1,8,siren
118279-8-0-11.wav,5.5,9.5,2,1,8,siren
118279-8-0-12.wav,6.0,10.0,2,1,8,siren
118279-8-0-13.wav,6.5,10.5,2,1,8,siren
118279-8-0-14.wav,7.0,11.0,2,1,8,siren
118279-8-0-2.wav,1.0,5.0,2,1,8,siren
118279-8-0-3.wav,1.5,5.5,2,1,8,siren
118279-8-0-4.wav,2.0,6.0,2,1,8,siren
118279-8-0-5.wav,2.5,6.5,2,1,8,siren
118279-8-0-6.wav,3.0,7.0,2,1,8,siren
118279-8-0-7.wav,3.5,7.5,2,1,8,siren
118279-8-0-8.wav,4.0,8.0,2,1,8,siren
118279-8-0-9.wav,4.5,8.5,2,1,8,siren
118440-4-0-0.wav,0.187868,0.810181,1,5,4,drilling
118440-4-1-0.wav,0.909986,1.726039,1,5,4,drilling
118440-4-2-0.wav,2.07242,2.853247,1,5,4,drilling
118440-4-3-0.wav,3.099824,4.039165,1,5,4,drilling
118440-4-4-0.wav,4.591028,5.565594,1,5,4,drilling
118440-4-5-0.wav,5.8063,6.622352,1,5,4,drilling
118440-4-6-0.wav,7.115506,7.949171,1,5,4,drilling
118440-4-7-0.wav,8.195748,8.61258,1,5,4,drilling
118440-4-8-0.wav,8.794578,9.270119,1,5,4,drilling
118496-1-0-0.wav,1.394779,1.649762,2,3,1,car_horn
118496-1-1-0.wav,1.963587,2.155369,2,3,1,car_horn
118587-3-0-2.wav,1.0,5.0,1,7,3,dog_bark
118587-3-0-21.wav,10.5,14.5,1,7,3,dog_bark
118587-3-0-6.wav,3.0,7.0,1,7,3,dog_bark
118723-4-0-0.wav,0.0,2.653802,1,2,4,drilling
118961-3-0-0.wav,0.0,0.770312,1,3,3,dog_bark
118962-3-0-0.wav,0.0,2.129854,1,2,3,dog_bark
118963-3-0-0.wav,0.0,0.519479,1,1,3,dog_bark
118964-3-0-0.wav,0.0,1.103896,1,4,3,dog_bark
119455-5-0-0.wav,0.446601,4.446601,1,1,5,engine_idling
119455-5-0-1.wav,0.946601,4.946601,1,1,5,engine_idling
119455-5-0-2.wav,1.446601,5.446601,1,1,5,engine_idling
119455-5-0-3.wav,1.946601,5.946601,1,1,5,engine_idling
119455-5-0-4.wav,2.446601,6.446601,1,1,5,engine_idling
119455-5-0-5.wav,2.946601,6.946601,1,1,5,engine_idling
119455-5-0-6.wav,3.446601,7.446601,1,1,5,engine_idling
119455-5-0-7.wav,3.946601,7.946601,1,1,5,engine_idling
121285-0-0-0.wav,0.0,4.0,1,6,0,air_conditioner
121285-0-0-1.wav,0.5,4.5,1,6,0,air_conditioner
121285-0-0-2.wav,1.0,5.0,1,6,0,air_conditioner
121285-0-0-3.wav,1.5,5.5,1,6,0,air_conditioner
121285-0-0-4.wav,2.0,6.0,1,6,0,air_conditioner
121285-0-0-5.wav,2.5,6.5,1,6,0,air_conditioner
121285-0-0-6.wav,3.0,7.0,1,6,0,air_conditioner
121285-0-0-7.wav,3.5,7.5,1,6,0,air_conditioner
121285-0-0-8.wav,4.0,8.0,1,6,0,air_conditioner
121285-0-0-9.wav,4.5,8.5,1,6,0,air_conditioner
121286-0-0-0.wav,0.0,4.0,1,5,0,air_conditioner
121286-0-0-1.wav,0.5,4.5,1,5,0,air_conditioner
121286-0-0-10.wav,5.0,9.0,1,5,0,air_conditioner
121286-0-0-11.wav,5.5,9.5,1,5,0,air_conditioner
121286-0-0-12.wav,6.0,10.0,1,5,0,air_conditioner
121286-0-0-13.wav,6.5,10.5,1,5,0,air_conditioner
121286-0-0-14.wav,7.0,11.0,1,5,0,air_conditioner
121286-0-0-15.wav,7.5,11.5,1,5,0,air_conditioner
121286-0-0-2.wav,1.0,5.0,1,5,0,air_conditioner
121286-0-0-3.wav,1.5,5.5,1,5,0,air_conditioner
121286-0-0-4.wav,2.0,6.0,1,5,0,air_conditioner
121286-0-0-5.wav,2.5,6.5,1,5,0,air_conditioner
121286-0-0-6.wav,3.0,7.0,1,5,0,air_conditioner
121286-0-0-7.wav,3.5,7.5,1,5,0,air_conditioner
121286-0-0-8.wav,4.0,8.0,1,5,0,air_conditioner
121286-0-0-9.wav,4.5,8.5,1,5,0,air_conditioner
121299-1-0-0.wav,49.966977,50.59947,2,5,1,car_horn
121528-8-1-0.wav,24.030115,28.030115,2,3,8,siren
121528-8-1-1.wav,24.530115,28.530115,2,3,8,siren
121888-3-0-0.wav,0.0,0.749977,1,4,3,dog_bark
122199-3-1-1.wav,15.147059,19.147059,2,8,3,dog_bark
122199-3-1-2.wav,15.647059,19.647059,2,8,3,dog_bark
122199-3-1-3.wav,16.147059,20.147059,2,8,3,dog_bark
122199-3-1-6.wav,17.647059,21.647059,2,8,3,dog_bark
122690-6-0-0.wav,12.231953,15.37784,1,1,6,gun_shot
122738-9-0-11.wav,6.121431,10.121431,2,6,9,street_music
122738-9-0-12.wav,6.621431,10.621431,2,6,9,street_music
122738-9-0-2.wav,1.6214309999999998,5.621430999999999,2,6,9,street_music
122738-9-0-3.wav,2.121431,6.121430999999999,2,6,9,street_music
122738-9-0-5.wav,3.121431,7.121430999999999,2,6,9,street_music
122738-9-0-9.wav,5.121431,9.121431,2,6,9,street_music
123399-2-0-13.wav,6.5,10.5,1,3,2,children_playing
123399-2-0-19.wav,9.5,13.5,1,3,2,children_playing
123399-2-0-22.wav,11.0,15.0,1,3,2,children_playing
123399-2-0-5.wav,2.5,6.5,1,3,2,children_playing
123399-2-0-54.wav,27.0,31.0,1,3,2,children_playing
123399-2-0-74.wav,37.0,41.0,1,3,2,children_playing
123399-2-0-83.wav,41.5,45.5,1,3,2,children_playing
123399-2-0-91.wav,45.5,49.5,1,3,2,children_playing
123685-5-0-0.wav,3.845506,7.845506,1,7,5,engine_idling
123685-5-0-1.wav,4.345506,8.345506,1,7,5,engine_idling
123685-5-0-2.wav,4.845506,8.845506,1,7,5,engine_idling
123685-5-0-3.wav,5.345506,9.345506,1,7,5,engine_idling
123685-5-0-4.wav,5.845506,9.845506,1,7,5,engine_idling
123685-5-0-5.wav,6.345506,10.345506,1,7,5,engine_idling
123685-5-0-6.wav,6.845506,10.845506,1,7,5,engine_idling
123685-5-0-7.wav,7.345506,11.345506,1,7,5,engine_idling
123685-5-0-8.wav,7.845506,11.845506,1,7,5,engine_idling
123688-8-0-0.wav,14.175572,18.175572000000003,2,2,8,siren
123688-8-0-1.wav,14.675572,18.675572000000003,2,2,8,siren
123688-8-0-10.wav,19.175572000000003,23.175572000000003,2,2,8,siren
123688-8-0-11.wav,19.675572000000003,23.675572000000003,2,2,8,siren
123688-8-0-12.wav,20.175572000000003,24.175572000000003,2,2,8,siren
123688-8-0-13.wav,20.675572000000003,24.675572000000003,2,2,8,siren
123688-8-0-14.wav,21.175572000000003,25.175572000000003,2,2,8,siren
123688-8-0-15.wav,21.675572000000003,25.675572000000003,2,2,8,siren
123688-8-0-16.wav,22.175572000000003,26.175572000000003,2,2,8,siren
123688-8-0-17.wav,22.675572000000003,26.675572000000003,2,2,8,siren
123688-8-0-18.wav,23.175572000000003,27.175572000000003,2,2,8,siren
123688-8-0-2.wav,15.175572,19.175572000000003,2,2,8,siren
123688-8-0-3.wav,15.675572,19.675572000000003,2,2,8,siren
123688-8-0-4.wav,16.175572000000003,20.175572000000003,2,2,8,siren
123688-8-0-5.wav,16.675572000000003,20.675572000000003,2,2,8,siren
123688-8-0-6.wav,17.175572000000003,21.175572000000003,2,2,8,siren
123688-8-0-7.wav,17.675572000000003,21.675572000000003,2,2,8,siren
123688-8-0-8.wav,18.175572000000003,22.175572000000003,2,2,8,siren
123688-8-0-9.wav,18.675572000000003,22.675572000000003,2,2,8,siren
123688-8-1-0.wav,56.044659,60.044659,1,2,8,siren
123688-8-1-1.wav,56.544659,60.544659,1,2,8,siren
123688-8-1-2.wav,57.044659,61.044659,1,2,8,siren
123688-8-1-3.wav,57.544659,61.544659,1,2,8,siren
123688-8-1-4.wav,58.044659,62.044659,1,2,8,siren
123688-8-1-5.wav,58.544659,62.544659,1,2,8,siren
123688-8-2-0.wav,71.53549,75.53549,2,2,8,siren
123688-8-2-1.wav,72.03549,76.03549,2,2,8,siren
123688-8-2-2.wav,72.53549,76.53549,2,2,8,siren
123688-8-2-3.wav,73.03549,77.03549,2,2,8,siren
123688-8-2-4.wav,73.53549,77.53549,2,2,8,siren
124389-8-1-0.wav,195.913986,199.913986,2,6,8,siren
124389-8-1-1.wav,196.413986,200.413986,2,6,8,siren
124389-8-1-10.wav,200.913986,204.913986,2,6,8,siren
124389-8-1-11.wav,201.413986,205.413986,2,6,8,siren
124389-8-1-12.wav,201.913986,205.913986,2,6,8,siren
124389-8-1-13.wav,202.413986,206.413986,2,6,8,siren
124389-8-1-14.wav,202.913986,206.913986,2,6,8,siren
124389-8-1-15.wav,203.413986,207.413986,2,6,8,siren
124389-8-1-16.wav,203.913986,207.913986,2,6,8,siren
124389-8-1-17.wav,204.413986,208.413986,2,6,8,siren
124389-8-1-18.wav,204.913986,208.913986,2,6,8,siren
124389-8-1-2.wav,196.913986,200.913986,2,6,8,siren
124389-8-1-3.wav,197.413986,201.413986,2,6,8,siren
124389-8-1-4.wav,197.913986,201.913986,2,6,8,siren
124389-8-1-5.wav,198.413986,202.413986,2,6,8,siren
124389-8-1-6.wav,198.913986,202.913986,2,6,8,siren
124389-8-1-7.wav,199.413986,203.413986,2,6,8,siren
124389-8-1-8.wav,199.913986,203.913986,2,6,8,siren
124389-8-1-9.wav,200.413986,204.413986,2,6,8,siren
124489-9-0-12.wav,6.0,10.0,1,1,9,street_music
124489-9-0-14.wav,7.0,11.0,1,1,9,street_music
124489-9-0-16.wav,8.0,12.0,1,1,9,street_music
124489-9-0-17.wav,8.5,12.5,1,1,9,street_music
124489-9-0-18.wav,9.0,13.0,1,1,9,street_music
124489-9-0-6.wav,3.0,7.0,1,1,9,street_music
125520-1-0-0.wav,0.175344,1.03822,1,8,1,car_horn
125520-1-1-0.wav,1.87341,4.051365,1,8,1,car_horn
125520-1-2-0.wav,4.572783,5.440273,1,8,1,car_horn
125520-1-3-0.wav,5.841718,6.709209,1,8,1,car_horn
125520-1-4-0.wav,7.318298,7.885858,1,8,1,car_horn
125523-3-0-1.wav,0.5,4.5,1,3,3,dog_bark
125523-3-0-11.wav,5.5,9.5,1,3,3,dog_bark
125523-3-0-3.wav,1.5,5.5,1,3,3,dog_bark
125554-3-0-0.wav,0.572068,2.220842,1,6,3,dog_bark
125574-3-0-0.wav,0.0,1.45068,1,6,3,dog_bark
125678-7-0-0.wav,1.880164,5.880164,1,8,7,jackhammer
125678-7-0-1.wav,2.380164,6.380164,1,8,7,jackhammer
125678-7-0-2.wav,2.880164,6.880164,1,8,7,jackhammer
125678-7-0-3.wav,3.380164,7.380164,1,8,7,jackhammer
125678-7-0-4.wav,3.880164,7.880164,1,8,7,jackhammer
125678-7-0-5.wav,4.380164,8.380164,1,8,7,jackhammer
125678-7-0-6.wav,4.880164,8.880164,1,8,7,jackhammer
125678-7-0-7.wav,5.380164,9.380164,1,8,7,jackhammer
125678-7-0-8.wav,5.880164,9.880164,1,8,7,jackhammer
125678-7-0-9.wav,6.380164,10.380164,1,8,7,jackhammer
125678-7-1-0.wav,26.949021,30.949021,1,8,7,jackhammer
125678-7-1-1.wav,27.449021,31.449021,1,8,7,jackhammer
125678-7-1-2.wav,27.949021,31.949021,1,8,7,jackhammer
125678-7-1-3.wav,28.449021,32.449021,1,8,7,jackhammer
125678-7-1-4.wav,28.949021,32.949021,1,8,7,jackhammer
125678-7-1-5.wav,29.449021,33.449021,1,8,7,jackhammer
125678-7-1-6.wav,29.949021,33.949021,1,8,7,jackhammer
125678-7-1-7.wav,30.449021,34.449021,1,8,7,jackhammer
125678-7-1-8.wav,30.949021,34.949021,1,8,7,jackhammer
125678-7-2-0.wav,50.346621,54.346621,1,8,7,jackhammer
125678-7-2-1.wav,50.846621,54.846621,1,8,7,jackhammer
125678-7-2-2.wav,51.346621,55.346621,1,8,7,jackhammer
125678-7-2-3.wav,51.846621,55.846621,1,8,7,jackhammer
125678-7-2-4.wav,52.346621,56.346621,1,8,7,jackhammer
125678-7-2-5.wav,52.846621,56.846621,1,8,7,jackhammer
125678-7-2-6.wav,53.346621,57.346621,1,8,7,jackhammer
125678-7-2-7.wav,53.846621,57.846621,1,8,7,jackhammer
125678-7-2-8.wav,54.346621,58.346621,1,8,7,jackhammer
125678-7-3-0.wav,72.177418,76.177418,1,8,7,jackhammer
125678-7-3-1.wav,72.677418,76.677418,1,8,7,jackhammer
125678-7-3-2.wav,73.177418,77.177418,1,8,7,jackhammer
125678-7-3-3.wav,73.677418,77.677418,1,8,7,jackhammer
125678-7-3-4.wav,74.177418,78.177418,1,8,7,jackhammer
125678-7-3-5.wav,74.677418,78.677418,1,8,7,jackhammer
125678-7-3-6.wav,75.177418,79.177418,1,8,7,jackhammer
125678-7-3-7.wav,75.677418,79.677418,1,8,7,jackhammer
125678-7-4-0.wav,94.843843,98.843843,1,8,7,jackhammer
125678-7-4-1.wav,95.343843,99.343843,1,8,7,jackhammer
125678-7-4-2.wav,95.843843,99.843843,1,8,7,jackhammer
125678-7-4-3.wav,96.343843,100.343843,1,8,7,jackhammer
125678-7-4-4.wav,96.843843,100.843843,1,8,7,jackhammer
125678-7-4-5.wav,97.343843,101.343843,1,8,7,jackhammer
125678-7-4-6.wav,97.843843,101.843843,1,8,7,jackhammer
125678-7-4-7.wav,98.343843,102.343843,1,8,7,jackhammer
125678-7-4-8.wav,98.843843,102.843843,1,8,7,jackhammer
125791-3-0-12.wav,6.0,10.0,1,1,3,dog_bark
125791-3-0-13.wav,6.5,10.5,1,1,3,dog_bark
125791-3-0-15.wav,7.5,11.5,1,1,3,dog_bark
125791-3-0-9.wav,4.5,8.5,1,1,3,dog_bark
126153-9-0-0.wav,0.669803,4.669803,1,8,9,street_music
126153-9-0-1.wav,1.169803,5.169803,1,8,9,street_music
126153-9-0-11.wav,6.169803,10.169803,1,8,9,street_music
126153-9-0-4.wav,2.669803,6.669803,1,8,9,street_music
126153-9-0-5.wav,3.169803,7.169803,1,8,9,street_music
126153-9-0-6.wav,3.669803,7.669803,1,8,9,street_music
126153-9-0-8.wav,4.669803,8.669803,1,8,9,street_music
12647-3-0-0.wav,0.712115,1.443739,1,3,3,dog_bark
12647-3-1-0.wav,1.902224,3.102089,1,3,3,dog_bark
12647-3-2-0.wav,5.238432,6.438297,1,3,3,dog_bark
12647-3-3-0.wav,6.682172,10.682172,1,3,3,dog_bark
126521-3-0-12.wav,8.321995,12.321995,2,5,3,dog_bark
126521-3-0-17.wav,10.821995,14.821995,2,5,3,dog_bark
126521-3-0-18.wav,11.321995,15.321995,2,5,3,dog_bark
126521-3-0-2.wav,3.321995,7.321994999999999,2,5,3,dog_bark
127443-4-0-0.wav,115.015008,119.015008,1,7,4,drilling
127443-4-0-1.wav,115.515008,119.515008,1,7,4,drilling
127443-4-0-10.wav,120.015008,124.015008,1,7,4,drilling
127443-4-0-11.wav,120.515008,124.515008,1,7,4,drilling
127443-4-0-12.wav,121.015008,125.015008,1,7,4,drilling
127443-4-0-2.wav,116.015008,120.015008,1,7,4,drilling
127443-4-0-3.wav,116.515008,120.515008,1,7,4,drilling
127443-4-0-4.wav,117.015008,121.015008,1,7,4,drilling
127443-4-0-5.wav,117.515008,121.515008,1,7,4,drilling
127443-4-0-6.wav,118.015008,122.015008,1,7,4,drilling
127443-4-0-7.wav,118.515008,122.515008,1,7,4,drilling
127443-4-0-8.wav,119.015008,123.015008,1,7,4,drilling
127443-4-0-9.wav,119.515008,123.515008,1,7,4,drilling
127872-0-0-0.wav,0.0,2.498417,1,2,0,air_conditioner
127873-0-0-0.wav,0.0,2.04075,1,1,0,air_conditioner
128030-3-0-0.wav,0.672951,1.359227,1,3,3,dog_bark
128030-3-1-0.wav,3.851144,4.430814,1,3,3,dog_bark
128030-3-2-0.wav,6.562935,7.08264,1,3,3,dog_bark
128152-9-0-10.wav,5.0,9.0,1,5,9,street_music
128152-9-0-126.wav,63.0,67.0,1,5,9,street_music
128152-9-0-167.wav,83.5,87.5,1,5,9,street_music
128152-9-0-48.wav,24.0,28.0,1,5,9,street_music
128152-9-0-49.wav,24.5,28.5,1,5,9,street_music
128152-9-0-67.wav,33.5,37.5,1,5,9,street_music
128160-5-0-0.wav,0.0,4.0,1,4,5,engine_idling
128160-5-0-1.wav,0.5,4.5,1,4,5,engine_idling
128160-5-0-10.wav,5.0,9.0,1,4,5,engine_idling
128160-5-0-11.wav,5.5,9.5,1,4,5,engine_idling
128160-5-0-12.wav,6.0,10.0,1,4,5,engine_idling
128160-5-0-13.wav,6.5,10.5,1,4,5,engine_idling
128160-5-0-14.wav,7.0,11.0,1,4,5,engine_idling
128160-5-0-15.wav,7.5,11.5,1,4,5,engine_idling
128160-5-0-2.wav,1.0,5.0,1,4,5,engine_idling
128160-5-0-3.wav,1.5,5.5,1,4,5,engine_idling
128160-5-0-4.wav,2.0,6.0,1,4,5,engine_idling
128160-5-0-5.wav,2.5,6.5,1,4,5,engine_idling
128160-5-0-6.wav,3.0,7.0,1,4,5,engine_idling
128160-5-0-7.wav,3.5,7.5,1,4,5,engine_idling
128160-5-0-8.wav,4.0,8.0,1,4,5,engine_idling
128160-5-0-9.wav,4.5,8.5,1,4,5,engine_idling
128465-1-0-0.wav,7.177949,11.177949,2,6,1,car_horn
128465-1-0-1.wav,7.677949,11.677949,2,6,1,car_horn
128465-1-0-2.wav,8.177949,12.177949,2,6,1,car_horn
128465-1-0-3.wav,8.677949,12.677949,2,6,1,car_horn
128465-1-0-4.wav,9.177949,13.177949,2,6,1,car_horn
128465-1-0-5.wav,9.677949,13.677949,2,6,1,car_horn
128465-1-0-6.wav,10.177949,14.177949,2,6,1,car_horn
128465-1-0-7.wav,10.677949,14.677949,2,6,1,car_horn
128465-1-0-8.wav,11.177949,15.177949,2,6,1,car_horn
128607-4-0-0.wav,0.181139,4.181139,1,4,4,drilling
128607-4-0-1.wav,0.6811389999999999,4.681139,1,4,4,drilling
128607-4-0-2.wav,1.181139,5.181139,1,4,4,drilling
128607-4-0-3.wav,1.681139,5.681139,1,4,4,drilling
128607-4-0-4.wav,2.181139,6.181139,1,4,4,drilling
128607-4-1-0.wav,13.473967,17.473967000000002,1,4,4,drilling
128607-4-1-1.wav,13.973967,17.973967000000002,1,4,4,drilling
128607-4-1-2.wav,14.473967,18.473967,1,4,4,drilling
128607-4-1-3.wav,14.973967,18.973967,1,4,4,drilling
128891-3-0-2.wav,1.0,5.0,1,6,3,dog_bark
128891-3-0-4.wav,2.0,6.0,1,6,3,dog_bark
128891-3-0-5.wav,2.5,6.5,1,6,3,dog_bark
129356-2-0-101.wav,50.5,54.5,2,6,2,children_playing
129356-2-0-115.wav,57.5,61.5,2,6,2,children_playing
129356-2-0-118.wav,59.0,63.0,2,6,2,children_playing
129356-2-0-129.wav,64.5,68.5,2,6,2,children_playing
129356-2-0-199.wav,99.5,103.5,2,6,2,children_playing
129356-2-0-48.wav,24.0,28.0,2,6,2,children_playing
129356-2-0-98.wav,49.0,53.0,2,6,2,children_playing
130030-3-0-0.wav,0.0,2.594667,1,1,3,dog_bark
130961-4-0-0.wav,13.639708,16.690696,2,7,4,drilling
130961-4-1-1.wav,131.512989,135.512989,1,7,4,drilling
130961-4-1-2.wav,132.012989,136.012989,1,7,4,drilling
130961-4-1-3.wav,132.512989,136.512989,1,7,4,drilling
130961-4-1-4.wav,133.012989,137.012989,1,7,4,drilling
130961-4-2-1.wav,205.813507,209.813507,1,7,4,drilling
130961-4-2-2.wav,206.313507,210.313507,1,7,4,drilling
130961-4-3-0.wav,253.231956,257.231956,1,7,4,drilling
130961-4-3-1.wav,253.731956,257.731956,1,7,4,drilling
130961-4-3-2.wav,254.231956,258.231956,1,7,4,drilling
130961-4-4-0.wav,263.820677,267.820677,1,7,4,drilling
130961-4-5-0.wav,301.688815,305.688815,1,7,4,drilling
130961-4-5-1.wav,302.188815,306.188815,1,7,4,drilling
130961-4-5-2.wav,302.688815,306.688815,1,7,4,drilling
130961-4-5-3.wav,303.188815,307.188815,1,7,4,drilling
130961-4-5-4.wav,303.688815,307.688815,1,7,4,drilling
130961-4-5-5.wav,304.188815,308.188815,1,7,4,drilling
131199-3-0-0.wav,0.696078,0.990196,1,5,3,dog_bark
131428-9-0-3.wav,1.5,5.5,1,4,9,street_music
131428-9-0-5.wav,2.5,6.5,1,4,9,street_music
131428-9-1-0.wav,69.467351,73.467351,1,4,9,street_music
131428-9-1-19.wav,78.967351,82.967351,1,4,9,street_music
131428-9-1-8.wav,73.467351,77.467351,1,4,9,street_music
131428-9-1-9.wav,73.967351,77.967351,1,4,9,street_music
131571-6-0-0.wav,0.128306,2.031517,1,8,6,gun_shot
131918-7-0-0.wav,1.178821,5.178821,1,6,7,jackhammer
131918-7-0-1.wav,1.678821,5.678821,1,6,7,jackhammer
131918-7-0-2.wav,2.178821,6.178821,1,6,7,jackhammer
131918-7-0-3.wav,2.678821,6.678821,1,6,7,jackhammer
131918-7-0-4.wav,3.178821,7.178821,1,6,7,jackhammer
131918-7-0-5.wav,3.678821,7.678821,1,6,7,jackhammer
131918-7-0-6.wav,4.178821,8.178821,1,6,7,jackhammer
131918-7-0-7.wav,4.678821,8.678821,1,6,7,jackhammer
131918-7-0-8.wav,5.178821,9.178821,1,6,7,jackhammer
132016-7-0-0.wav,76.564653,80.564653,2,4,7,jackhammer
132016-7-0-1.wav,77.064653,81.064653,2,4,7,jackhammer
132016-7-0-2.wav,77.564653,81.564653,2,4,7,jackhammer
132016-7-0-3.wav,78.064653,82.064653,2,4,7,jackhammer
132016-7-0-4.wav,78.564653,82.564653,2,4,7,jackhammer
132016-7-0-5.wav,79.064653,83.064653,2,4,7,jackhammer
132016-7-0-6.wav,79.564653,83.564653,2,4,7,jackhammer
132016-7-0-7.wav,80.064653,84.064653,2,4,7,jackhammer
132016-7-0-8.wav,80.564653,84.564653,2,4,7,jackhammer
132016-9-0-0.wav,46.661108,50.661108,2,1,9,street_music
132016-9-0-11.wav,52.161108,56.161108,2,1,9,street_music
132016-9-0-14.wav,53.661108,57.661108,2,1,9,street_music
132016-9-0-16.wav,54.661108,58.661108,2,1,9,street_music
132016-9-0-20.wav,56.661108,60.661108,2,1,9,street_music
132016-9-0-6.wav,49.661108,53.661108,2,1,9,street_music
132021-7-0-0.wav,4.0349,8.0349,2,6,7,jackhammer
132021-7-0-1.wav,4.5349,8.5349,2,6,7,jackhammer
132021-7-0-10.wav,9.0349,13.0349,2,6,7,jackhammer
132021-7-0-11.wav,9.5349,13.5349,2,6,7,jackhammer
132021-7-0-12.wav,10.0349,14.0349,2,6,7,jackhammer
132021-7-0-2.wav,5.0349,9.0349,2,6,7,jackhammer
132021-7-0-3.wav,5.5349,9.5349,2,6,7,jackhammer
132021-7-0-4.wav,6.0349,10.0349,2,6,7,jackhammer
132021-7-0-5.wav,6.5349,10.5349,2,6,7,jackhammer
132021-7-0-6.wav,7.0349,11.0349,2,6,7,jackhammer
132021-7-0-7.wav,7.5349,11.5349,2,6,7,jackhammer
132021-7-0-8.wav,8.0349,12.0349,2,6,7,jackhammer
132021-7-0-9.wav,8.5349,12.5349,2,6,7,jackhammer
132021-7-1-0.wav,34.268231,38.246301,1,6,7,jackhammer
132073-1-0-0.wav,0.940782,2.404221,2,2,1,car_horn
132073-1-1-0.wav,2.979144,4.128989,2,2,1,car_horn
132073-1-2-0.wav,4.41645,4.78231,2,2,1,car_horn
132073-1-3-0.wav,5.80149,7.787586,2,2,1,car_horn
132073-1-4-0.wav,8.310243,9.094228,2,2,1,car_horn
132073-1-5-0.wav,10.871261,12.230169,2,2,1,car_horn
132073-1-6-0.wav,35.409997,35.775857,2,2,1,car_horn
132108-9-0-12.wav,6.0,10.0,2,4,9,street_music
132108-9-0-21.wav,10.5,14.5,2,4,9,street_music
132108-9-1-1.wav,59.114335,63.114335,2,4,9,street_music
132108-9-1-24.wav,70.614335,74.614335,2,4,9,street_music
132108-9-1-26.wav,71.614335,75.614335,2,4,9,street_music
132108-9-1-27.wav,72.114335,76.114335,2,4,9,street_music
132162-9-1-3.wav,143.699868,147.699868,2,6,9,street_music
132162-9-1-58.wav,171.199868,175.199868,2,6,9,street_music
132162-9-1-63.wav,173.699868,177.699868,2,6,9,street_music
132162-9-1-67.wav,175.699868,179.699868,2,6,9,street_music
132162-9-1-68.wav,176.199868,180.199868,2,6,9,street_music
132162-9-1-73.wav,178.699868,182.699868,2,6,9,street_music
13230-0-0-1.wav,0.5,4.5,1,3,0,air_conditioner
13230-0-0-10.wav,5.0,9.0,1,3,0,air_conditioner
13230-0-0-11.wav,5.5,9.5,1,3,0,air_conditioner
13230-0-0-12.wav,6.0,10.0,1,3,0,air_conditioner
13230-0-0-13.wav,6.5,10.5,1,3,0,air_conditioner
13230-0-0-14.wav,7.0,11.0,1,3,0,air_conditioner
13230-0-0-16.wav,8.0,12.0,1,3,0,air_conditioner
13230-0-0-17.wav,8.5,12.5,1,3,0,air_conditioner
13230-0-0-18.wav,9.0,13.0,1,3,0,air_conditioner
13230-0-0-19.wav,9.5,13.5,1,3,0,air_conditioner
13230-0-0-20.wav,10.0,14.0,1,3,0,air_conditioner
13230-0-0-22.wav,11.0,15.0,1,3,0,air_conditioner
13230-0-0-23.wav,11.5,15.5,1,3,0,air_conditioner
13230-0-0-24.wav,12.0,16.0,1,3,0,air_conditioner
13230-0-0-25.wav,12.5,16.5,1,3,0,air_conditioner
13230-0-0-26.wav,13.0,17.0,1,3,0,air_conditioner
13230-0-0-27.wav,13.5,17.5,1,3,0,air_conditioner
13230-0-0-28.wav,14.0,18.0,1,3,0,air_conditioner
13230-0-0-3.wav,1.5,5.5,1,3,0,air_conditioner
13230-0-0-5.wav,2.5,6.5,1,3,0,air_conditioner
13230-0-0-6.wav,3.0,7.0,1,3,0,air_conditioner
13230-0-0-7.wav,3.5,7.5,1,3,0,air_conditioner
13230-0-0-8.wav,4.0,8.0,1,3,0,air_conditioner
13230-0-0-9.wav,4.5,8.5,1,3,0,air_conditioner
132855-2-0-113.wav,56.5,60.5,2,3,2,children_playing
132855-2-0-41.wav,20.5,24.5,2,3,2,children_playing
132855-2-0-58.wav,29.0,33.0,2,3,2,children_playing
132855-2-0-70.wav,35.0,39.0,2,3,2,children_playing
132855-2-0-77.wav,38.5,42.5,2,3,2,children_playing
132855-2-0-88.wav,44.0,48.0,2,3,2,children_playing
132855-2-0-90.wav,45.0,49.0,2,3,2,children_playing
132855-2-0-99.wav,49.5,53.5,2,3,2,children_playing
133090-2-0-14.wav,7.0,11.0,1,8,2,children_playing
133090-2-0-20.wav,10.0,14.0,1,8,2,children_playing
133090-2-0-28.wav,14.0,18.0,1,8,2,children_playing
133090-2-0-37.wav,18.5,22.5,1,8,2,children_playing
133090-2-0-38.wav,19.0,23.0,1,8,2,children_playing
133090-2-0-64.wav,32.0,36.0,1,8,2,children_playing
133090-2-0-70.wav,35.0,39.0,1,8,2,children_playing
133090-2-0-76.wav,38.0,42.0,1,8,2,children_playing
133473-8-0-0.wav,0.0,4.0,2,8,8,siren
133473-8-0-1.wav,0.5,4.5,2,8,8,siren
133473-8-0-2.wav,1.0,5.0,2,8,8,siren
133473-8-0-3.wav,1.5,5.5,2,8,8,siren
133473-8-0-4.wav,2.0,6.0,2,8,8,siren
133473-8-0-5.wav,2.5,6.5,2,8,8,siren
133494-2-0-18.wav,9.0,13.0,1,6,2,children_playing
133494-2-0-19.wav,9.5,13.5,1,6,2,children_playing
133494-2-0-22.wav,11.0,15.0,1,6,2,children_playing
133494-2-0-25.wav,12.5,16.5,1,6,2,children_playing
133494-2-0-26.wav,13.0,17.0,1,6,2,children_playing
133494-2-0-31.wav,15.5,19.5,1,6,2,children_playing
133494-2-0-37.wav,18.5,22.5,1,6,2,children_playing
133494-2-0-45.wav,22.5,26.5,1,6,2,children_playing
133797-6-0-0.wav,3.254115,4.66165,1,6,6,gun_shot
133797-6-1-0.wav,6.895626,8.845512,1,6,6,gun_shot
133797-6-2-0.wav,9.116689,10.885791,1,6,6,gun_shot
134717-0-0-0.wav,0.0,4.0,1,1,0,air_conditioner
134717-0-0-1.wav,0.5,4.5,1,1,0,air_conditioner
134717-0-0-12.wav,6.0,10.0,1,1,0,air_conditioner
134717-0-0-13.wav,6.5,10.5,1,1,0,air_conditioner
134717-0-0-14.wav,7.0,11.0,1,1,0,air_conditioner
134717-0-0-15.wav,7.5,11.5,1,1,0,air_conditioner
134717-0-0-16.wav,8.0,12.0,1,1,0,air_conditioner
134717-0-0-18.wav,9.0,13.0,1,1,0,air_conditioner
134717-0-0-19.wav,9.5,13.5,1,1,0,air_conditioner
134717-0-0-2.wav,1.0,5.0,1,1,0,air_conditioner
134717-0-0-20.wav,10.0,14.0,1,1,0,air_conditioner
134717-0-0-21.wav,10.5,14.5,1,1,0,air_conditioner
134717-0-0-22.wav,11.0,15.0,1,1,0,air_conditioner
134717-0-0-23.wav,11.5,15.5,1,1,0,air_conditioner
134717-0-0-24.wav,12.0,16.0,1,1,0,air_conditioner
134717-0-0-25.wav,12.5,16.5,1,1,0,air_conditioner
134717-0-0-26.wav,13.0,17.0,1,1,0,air_conditioner
134717-0-0-27.wav,13.5,17.5,1,1,0,air_conditioner
134717-0-0-28.wav,14.0,18.0,1,1,0,air_conditioner
134717-0-0-4.wav,2.0,6.0,1,1,0,air_conditioner
134717-0-0-5.wav,2.5,6.5,1,1,0,air_conditioner
134717-0-0-6.wav,3.0,7.0,1,1,0,air_conditioner
134717-0-0-7.wav,3.5,7.5,1,1,0,air_conditioner
134717-0-0-8.wav,4.0,8.0,1,1,0,air_conditioner
134717-0-0-9.wav,4.5,8.5,1,1,0,air_conditioner
135160-8-0-0.wav,123.307227,127.307227,2,6,8,siren
135160-8-0-1.wav,123.807227,127.807227,2,6,8,siren
135160-8-0-10.wav,128.307227,132.307227,2,6,8,siren
135160-8-0-11.wav,128.807227,132.807227,2,6,8,siren
135160-8-0-2.wav,124.307227,128.307227,2,6,8,siren
135160-8-0-3.wav,124.807227,128.807227,2,6,8,siren
135160-8-0-4.wav,125.307227,129.307227,2,6,8,siren
135160-8-0-5.wav,125.807227,129.807227,2,6,8,siren
135160-8-0-6.wav,126.307227,130.307227,2,6,8,siren
135160-8-0-7.wav,126.807227,130.807227,2,6,8,siren
135160-8-0-8.wav,127.307227,131.307227,2,6,8,siren
135160-8-0-9.wav,127.807227,131.807227,2,6,8,siren
135526-6-0-0.wav,3.531258,5.006647,1,3,6,gun_shot
135526-6-1-0.wav,5.006647,6.457848,1,3,6,gun_shot
135526-6-10-0.wav,22.759683,25.371846,1,3,6,gun_shot
135526-6-11-0.wav,25.371846,27.766329,1,3,6,gun_shot
135526-6-12-0.wav,27.766329,30.451053,1,3,6,gun_shot
135526-6-13-0.wav,30.451053,31.007347,1,3,6,gun_shot
135526-6-2-0.wav,6.457848,9.045825,1,3,6,gun_shot
135526-6-3-0.wav,9.045825,10.569587,1,3,6,gun_shot
135526-6-4-0.wav,10.569587,12.359403,1,3,6,gun_shot
135526-6-5-0.wav,12.359403,14.657139,1,3,6,gun_shot
135526-6-6-0.wav,14.657139,16.858129,1,3,6,gun_shot
135526-6-7-0.wav,16.858129,18.913998,1,3,6,gun_shot
135526-6-8-0.wav,18.913998,20.776374,1,3,6,gun_shot
135526-6-9-0.wav,20.776374,22.759683,1,3,6,gun_shot
135527-6-0-0.wav,0.0,1.280285,2,7,6,gun_shot
135527-6-1-0.wav,1.280285,4.511481,2,7,6,gun_shot
135527-6-10-0.wav,32.860655,33.714179,2,7,6,gun_shot
135527-6-11-0.wav,36.274749,38.164694,2,7,6,gun_shot
135527-6-12-0.wav,38.469524,40.420435,2,7,6,gun_shot
135527-6-13-0.wav,43.468733,45.17578,2,7,6,gun_shot
135527-6-14-0.wav,48.406976,52.406976,2,7,6,gun_shot
135527-6-14-1.wav,48.906976,52.906976,2,7,6,gun_shot
135527-6-14-10.wav,53.406976,57.406976,2,7,6,gun_shot
135527-6-14-2.wav,49.406976,53.406976,2,7,6,gun_shot
135527-6-14-3.wav,49.906976,53.906976,2,7,6,gun_shot
135527-6-14-4.wav,50.406976,54.406976,2,7,6,gun_shot
135527-6-14-5.wav,50.906976,54.906976,2,7,6,gun_shot
135527-6-14-6.wav,51.406976,55.406976,2,7,6,gun_shot
135527-6-14-7.wav,51.906976,55.906976,2,7,6,gun_shot
135527-6-14-8.wav,52.406976,56.406976,2,7,6,gun_shot
135527-6-14-9.wav,52.906976,56.906976,2,7,6,gun_shot
135527-6-2-0.wav,4.511481,6.64529,2,7,6,gun_shot
135527-6-3-0.wav,9.205861,10.486146,2,7,6,gun_shot
135527-6-4-0.wav,10.486146,12.680921,2,7,6,gun_shot
135527-6-5-0.wav,12.680921,14.936661,2,7,6,gun_shot
135527-6-6-0.wav,16.095015,18.533653,2,7,6,gun_shot
135527-6-7-0.wav,18.777517,21.15519,2,7,6,gun_shot
135527-6-8-0.wav,21.642918,23.471897,2,7,6,gun_shot
135527-6-9-0.wav,23.471897,25.544739,2,7,6,gun_shot
135528-6-0-0.wav,8.25396,10.70784,2,4,6,gun_shot
135528-6-1-0.wav,10.98669,13.161721,2,4,6,gun_shot
135528-6-10-0.wav,58.112342,60.231602,2,4,6,gun_shot
135528-6-11-0.wav,62.127782,63.968193,2,4,6,gun_shot
135528-6-12-0.wav,65.027823,67.370163,2,4,6,gun_shot
135528-6-2-0.wav,13.440571,17.440571,2,4,6,gun_shot
135528-6-3-0.wav,18.515641,21.359911,2,4,6,gun_shot
135528-6-4-0.wav,21.359911,25.359911,2,4,6,gun_shot
135528-6-4-1.wav,21.859911,25.859911,2,4,6,gun_shot
135528-6-4-2.wav,22.359911,26.359911,2,4,6,gun_shot
135528-6-5-0.wav,30.338881,32.569681,2,4,6,gun_shot
135528-6-6-0.wav,34.633171,36.640891,2,4,6,gun_shot
135528-6-7-0.wav,38.871692,40.489022,2,4,6,gun_shot
135528-6-8-0.wav,45.173702,46.456412,2,4,6,gun_shot
135528-6-9-0.wav,49.021832,50.248772,2,4,6,gun_shot
135544-6-0-0.wav,1.551861,3.879652,1,6,6,gun_shot
135544-6-1-0.wav,3.879652,6.262867,1,6,6,gun_shot
135544-6-10-0.wav,34.584329,35.526531,1,6,6,gun_shot
135544-6-11-0.wav,35.526531,36.025343,1,6,6,gun_shot
135544-6-12-0.wav,36.025343,37.078392,1,6,6,gun_shot
135544-6-13-0.wav,37.078392,38.242287,1,6,6,gun_shot
135544-6-14-0.wav,38.242287,39.239912,1,6,6,gun_shot
135544-6-15-0.wav,39.572454,40.791773,1,6,6,gun_shot
135544-6-16-0.wav,41.013467,42.454481,1,6,6,gun_shot
135544-6-17-0.wav,42.731599,44.338884,1,6,6,gun_shot
135544-6-18-0.wav,44.338884,46.167863,1,6,6,gun_shot
135544-6-19-0.wav,46.389557,48.107689,1,6,6,gun_shot
135544-6-2-0.wav,6.262867,8.036423,1,6,6,gun_shot
135544-6-3-0.wav,23.776726,25.273164,1,6,6,gun_shot
135544-6-4-0.wav,25.716553,26.935872,1,6,6,gun_shot
135544-6-5-0.wav,27.379261,29.041969,1,6,6,gun_shot
135544-6-6-0.wav,29.041969,30.538406,1,6,6,gun_shot
135544-6-7-0.wav,31.148066,32.478232,1,6,6,gun_shot
135544-6-8-0.wav,32.478232,33.143316,1,6,6,gun_shot
135544-6-9-0.wav,33.143316,34.584329,1,6,6,gun_shot
13577-3-0-0.wav,2.313777,6.313777,2,5,3,dog_bark
13577-3-0-2.wav,3.313777,7.313777,2,5,3,dog_bark
13577-3-5-0.wav,54.781414,58.781414,2,5,3,dog_bark
135776-2-0-32.wav,16.0,20.0,2,1,2,children_playing
135776-2-0-37.wav,18.5,22.5,2,1,2,children_playing
135776-2-0-40.wav,20.0,24.0,2,1,2,children_playing
135776-2-0-49.wav,24.5,28.5,2,1,2,children_playing
135776-2-0-50.wav,25.0,29.0,2,1,2,children_playing
135776-2-0-65.wav,32.5,36.5,2,1,2,children_playing
135776-2-0-85.wav,42.5,46.5,2,1,2,children_playing
135776-2-0-90.wav,45.0,49.0,2,1,2,children_playing
135849-4-0-0.wav,0.016276,0.935854,1,7,4,drilling
137156-9-0-28.wav,14.0,18.0,1,1,9,street_music
137156-9-0-30.wav,15.0,19.0,1,1,9,street_music
137156-9-0-31.wav,15.5,19.5,1,1,9,street_music
137156-9-0-5.wav,2.5,6.5,1,1,9,street_music
137156-9-0-73.wav,36.5,40.5,1,1,9,street_music
137156-9-0-79.wav,39.5,43.5,1,1,9,street_music
137969-2-0-18.wav,9.0,13.0,1,6,2,children_playing
137969-2-0-20.wav,10.0,14.0,1,6,2,children_playing
137969-2-0-37.wav,18.5,22.5,1,6,2,children_playing
137969-2-0-4.wav,2.0,6.0,1,6,2,children_playing
137969-2-0-41.wav,20.5,24.5,1,6,2,children_playing
137969-2-0-55.wav,27.5,31.5,1,6,2,children_playing
137969-2-0-56.wav,28.0,32.0,1,6,2,children_playing
137971-2-0-0.wav,3.919268,7.919268000000001,2,4,2,children_playing
137971-2-0-2.wav,4.919268000000001,8.919268,2,4,2,children_playing
137971-2-0-3.wav,5.419268000000001,9.419268,2,4,2,children_playing
137971-2-0-4.wav,5.919268000000001,9.919268,2,4,2,children_playing
137971-2-0-5.wav,6.419268000000001,10.419268,2,4,2,children_playing
137971-2-0-6.wav,6.919268000000001,10.919268,2,4,2,children_playing
137971-2-0-8.wav,7.919268000000001,11.919268,2,4,2,children_playing
138015-3-0-1.wav,0.5,4.5,1,1,3,dog_bark
138015-3-0-5.wav,2.5,6.5,1,1,3,dog_bark
138015-3-0-7.wav,3.5,7.5,1,1,3,dog_bark
138031-2-0-13.wav,6.5,10.5,1,1,2,children_playing
138031-2-0-2.wav,1.0,5.0,1,1,2,children_playing
138031-2-0-22.wav,11.0,15.0,1,1,2,children_playing
138031-2-0-23.wav,11.5,15.5,1,1,2,children_playing
138031-2-0-28.wav,14.0,18.0,1,1,2,children_playing
138031-2-0-45.wav,22.5,26.5,1,1,2,children_playing
138031-2-0-47.wav,23.5,27.5,1,1,2,children_playing
138031-2-0-7.wav,3.5,7.5,1,1,2,children_playing
138465-1-0-0.wav,19.212259,22.962543,2,8,1,car_horn
138473-9-0-12.wav,7.523034,11.523034,2,3,9,street_music
138473-9-0-29.wav,16.023034,20.023034,2,3,9,street_music
138473-9-0-35.wav,19.023034,23.023034,2,3,9,street_music
138473-9-0-38.wav,20.523034,24.523034,2,3,9,street_music
138473-9-0-5.wav,4.023034,8.023033999999999,2,3,9,street_music
138473-9-0-6.wav,4.523034,8.523033999999999,2,3,9,street_music
139000-4-0-0.wav,0.0,4.0,1,8,4,drilling
139000-4-0-1.wav,0.5,4.5,1,8,4,drilling
139000-4-0-2.wav,1.0,5.0,1,8,4,drilling
139665-9-0-19.wav,9.5,13.5,2,5,9,street_music
139665-9-0-23.wav,11.5,15.5,2,5,9,street_music
139665-9-0-25.wav,12.5,16.5,2,5,9,street_music
139665-9-0-32.wav,16.0,20.0,2,5,9,street_music
139665-9-0-8.wav,4.0,8.0,2,5,9,street_music
139665-9-0-9.wav,4.5,8.5,2,5,9,street_music
139948-3-0-0.wav,1.066204,4.182799,2,5,3,dog_bark
139948-3-1-0.wav,5.946136,8.939708,2,5,3,dog_bark
139948-3-2-0.wav,13.081499,14.39375,2,5,3,dog_bark
139948-3-4-0.wav,28.131374,29.361609,2,5,3,dog_bark
139951-9-0-13.wav,6.5,10.5,1,1,9,street_music
139951-9-0-17.wav,8.5,12.5,1,1,9,street_music
139951-9-0-29.wav,14.5,18.5,1,1,9,street_music
139951-9-0-33.wav,16.5,20.5,1,1,9,street_music
139951-9-0-45.wav,22.5,26.5,1,1,9,street_music
139951-9-0-9.wav,4.5,8.5,1,1,9,street_music
140824-4-0-0.wav,0.0,1.150114,1,4,4,drilling
14110-4-0-0.wav,0.0,4.0,1,4,4,drilling
14110-4-0-1.wav,0.5,4.5,1,4,4,drilling
14110-4-0-2.wav,1.0,5.0,1,4,4,drilling
14113-4-0-0.wav,0.0,4.0,1,1,4,drilling
14113-4-0-1.wav,0.5,4.5,1,1,4,drilling
14114-4-0-0.wav,0.0,4.0,1,6,4,drilling
14114-4-0-1.wav,0.5,4.5,1,6,4,drilling
14114-4-0-2.wav,1.0,5.0,1,6,4,drilling
14114-4-0-3.wav,1.5,5.5,1,6,4,drilling
14115-4-0-0.wav,0.0,2.133471,1,3,4,drilling
142003-2-0-0.wav,0.0,4.0,1,8,2,children_playing
142003-2-0-1.wav,0.5,4.5,1,8,2,children_playing
142003-2-0-19.wav,9.5,13.5,1,8,2,children_playing
142003-2-0-20.wav,10.0,14.0,1,8,2,children_playing
142003-2-0-21.wav,10.5,14.5,1,8,2,children_playing
142003-2-0-24.wav,12.0,16.0,1,8,2,children_playing
142003-2-0-30.wav,15.0,19.0,1,8,2,children_playing
142003-2-0-8.wav,4.0,8.0,1,8,2,children_playing
143115-1-0-0.wav,26.862734,27.466391,2,6,1,car_horn
143115-1-1-0.wav,31.490771,32.698085,2,6,1,car_horn
143115-1-2-0.wav,39.187397,40.394711,2,6,1,car_horn
143115-1-3-0.wav,40.69654,41.149282,2,6,1,car_horn
143115-1-4-0.wav,58.001372,58.353505,2,6,1,car_horn
14358-3-0-26.wav,13.0,17.0,2,6,3,dog_bark
14358-3-0-7.wav,3.5,7.5,2,6,3,dog_bark
14358-3-0-85.wav,42.5,46.5,2,6,3,dog_bark
14358-3-0-90.wav,45.0,49.0,2,6,3,dog_bark
143604-5-0-0.wav,3.311464,5.678107,1,1,5,engine_idling
143651-2-0-0.wav,0.0,4.0,2,1,2,children_playing
143651-2-0-16.wav,8.0,12.0,2,1,2,children_playing
143651-2-0-20.wav,10.0,14.0,2,1,2,children_playing
143651-2-0-22.wav,11.0,15.0,2,1,2,children_playing
143651-2-0-39.wav,19.5,23.5,2,1,2,children_playing
143651-2-0-55.wav,27.5,31.5,2,1,2,children_playing
143651-2-0-59.wav,29.5,33.5,2,1,2,children_playing
143651-2-0-63.wav,31.5,35.5,2,1,2,children_playing
14386-9-0-11.wav,5.5,9.5,1,8,9,street_music
14386-9-0-16.wav,8.0,12.0,1,8,9,street_music
14386-9-0-17.wav,8.5,12.5,1,8,9,street_music
14386-9-0-2.wav,1.0,5.0,1,8,9,street_music
14386-9-0-20.wav,10.0,14.0,1,8,9,street_music
14386-9-0-6.wav,3.0,7.0,1,8,9,street_music
14387-9-0-11.wav,5.5,9.5,1,2,9,street_music
14387-9-0-12.wav,6.0,10.0,1,2,9,street_music
14387-9-0-15.wav,7.5,11.5,1,2,9,street_music
14387-9-0-16.wav,8.0,12.0,1,2,9,street_music
14387-9-0-19.wav,9.5,13.5,1,2,9,street_music
14387-9-0-7.wav,3.5,7.5,1,2,9,street_music
143970-5-0-0.wav,4.430266,8.430266,1,2,5,engine_idling
143970-5-0-1.wav,4.930266,8.930266,1,2,5,engine_idling
143970-5-0-2.wav,5.430266,9.430266,1,2,5,engine_idling
143970-5-0-3.wav,5.930266,9.930266,1,2,5,engine_idling
144007-5-0-0.wav,2.488552,6.488552,1,4,5,engine_idling
144007-5-0-1.wav,2.988552,6.988552,1,4,5,engine_idling
144007-5-0-10.wav,7.488552,11.488552,1,4,5,engine_idling
144007-5-0-11.wav,7.988552,11.988552,1,4,5,engine_idling
144007-5-0-12.wav,8.488552,12.488552,1,4,5,engine_idling
144007-5-0-13.wav,8.988552,12.988552,1,4,5,engine_idling
144007-5-0-14.wav,9.488552,13.488552,1,4,5,engine_idling
144007-5-0-15.wav,9.988552,13.988552,1,4,5,engine_idling
144007-5-0-16.wav,10.488552,14.488552,1,4,5,engine_idling
144007-5-0-17.wav,10.988552,14.988552,1,4,5,engine_idling
144007-5-0-18.wav,11.488552,15.488552,1,4,5,engine_idling
144007-5-0-19.wav,11.988552,15.988552,1,4,5,engine_idling
144007-5-0-2.wav,3.488552,7.488552,1,4,5,engine_idling
144007-5-0-20.wav,12.488552,16.488552,1,4,5,engine_idling
144007-5-0-21.wav,12.988552,16.988552,1,4,5,engine_idling
144007-5-0-3.wav,3.988552,7.988552,1,4,5,engine_idling
144007-5-0-4.wav,4.488552,8.488552,1,4,5,engine_idling
144007-5-0-5.wav,4.988552,8.988552,1,4,5,engine_idling
144007-5-0-6.wav,5.488552,9.488552,1,4,5,engine_idling
144007-5-0-7.wav,5.988552,9.988552,1,4,5,engine_idling
144007-5-0-8.wav,6.488552,10.488552,1,4,5,engine_idling
144007-5-0-9.wav,6.988552,10.988552,1,4,5,engine_idling
144007-5-1-0.wav,68.762626,72.762626,1,4,5,engine_idling
144007-5-1-1.wav,69.262626,73.262626,1,4,5,engine_idling
144007-5-1-10.wav,73.762626,77.762626,1,4,5,engine_idling
144007-5-1-11.wav,74.262626,78.262626,1,4,5,engine_idling
144007-5-1-2.wav,69.762626,73.762626,1,4,5,engine_idling
144007-5-1-3.wav,70.262626,74.262626,1,4,5,engine_idling
144007-5-1-4.wav,70.762626,74.762626,1,4,5,engine_idling
144007-5-1-5.wav,71.262626,75.262626,1,4,5,engine_idling
144007-5-1-6.wav,71.762626,75.762626,1,4,5,engine_idling
144007-5-1-7.wav,72.262626,76.262626,1,4,5,engine_idling
144007-5-1-8.wav,72.762626,76.762626,1,4,5,engine_idling
144007-5-1-9.wav,73.262626,77.262626,1,4,5,engine_idling
144028-3-0-0.wav,0.0,1.799509,1,8,3,dog_bark
144028-3-1-0.wav,4.918658,8.918658,1,8,3,dog_bark
144028-3-1-1.wav,5.418658,9.418658,1,8,3,dog_bark
144068-5-0-0.wav,22.794739,26.794739,1,3,5,engine_idling
144068-5-0-1.wav,23.294739,27.294739,1,3,5,engine_idling
144068-5-0-10.wav,27.794739,31.794739,1,3,5,engine_idling
144068-5-0-11.wav,28.294739,32.294739,1,3,5,engine_idling
144068-5-0-12.wav,28.794739,32.794739,1,3,5,engine_idling
144068-5-0-13.wav,29.294739,33.294739,1,3,5,engine_idling
144068-5-0-14.wav,29.794739,33.794739,1,3,5,engine_idling
144068-5-0-15.wav,30.294739,34.294739,1,3,5,engine_idling
144068-5-0-16.wav,30.794739,34.794739,1,3,5,engine_idling
144068-5-0-17.wav,31.294739,35.294739,1,3,5,engine_idling
144068-5-0-18.wav,31.794739,35.794739,1,3,5,engine_idling
144068-5-0-2.wav,23.794739,27.794739,1,3,5,engine_idling
144068-5-0-3.wav,24.294739,28.294739,1,3,5,engine_idling
144068-5-0-4.wav,24.794739,28.794739,1,3,5,engine_idling
144068-5-0-5.wav,25.294739,29.294739,1,3,5,engine_idling
144068-5-0-6.wav,25.794739,29.794739,1,3,5,engine_idling
144068-5-0-7.wav,26.294739,30.294739,1,3,5,engine_idling
144068-5-0-8.wav,26.794739,30.794739,1,3,5,engine_idling
144068-5-0-9.wav,27.294739,31.294739,1,3,5,engine_idling
144068-5-1-0.wav,72.864107,76.864107,1,3,5,engine_idling
144068-5-2-0.wav,89.564877,92.331868,1,3,5,engine_idling
144068-5-3-0.wav,95.757667,99.644631,1,3,5,engine_idling
144068-5-4-0.wav,116.444222,120.444222,1,3,5,engine_idling
144068-5-4-1.wav,116.944222,120.944222,1,3,5,engine_idling
144068-5-4-2.wav,117.444222,121.444222,1,3,5,engine_idling
144068-5-4-3.wav,117.944222,121.944222,1,3,5,engine_idling
144068-5-4-4.wav,118.444222,122.444222,1,3,5,engine_idling
144068-5-4-5.wav,118.944222,122.944222,1,3,5,engine_idling
144068-5-4-6.wav,119.444222,123.444222,1,3,5,engine_idling
144068-5-4-7.wav,119.944222,123.944222,1,3,5,engine_idling
144068-5-4-8.wav,120.444222,124.444222,1,3,5,engine_idling
144068-5-5-0.wav,152.645693,156.645693,1,3,5,engine_idling
144068-5-5-1.wav,153.145693,157.145693,1,3,5,engine_idling
144068-5-5-2.wav,153.645693,157.645693,1,3,5,engine_idling
144351-4-0-0.wav,0.802028,4.802028,1,4,4,drilling
144351-4-0-1.wav,1.302028,5.302028,1,4,4,drilling
144351-4-0-2.wav,1.802028,5.802028,1,4,4,drilling
144351-4-1-1.wav,11.095206,15.095206,1,4,4,drilling
144351-4-2-0.wav,18.995389,22.995389,1,4,4,drilling
144351-4-2-2.wav,19.995389,23.995389,1,4,4,drilling
144351-4-2-4.wav,20.995389,24.995389,1,4,4,drilling
144351-4-2-5.wav,21.495389,25.495389,1,4,4,drilling
144351-4-2-6.wav,21.995389,25.995389,1,4,4,drilling
144351-4-3-1.wav,39.419441,43.419441,1,4,4,drilling
144351-4-3-10.wav,43.919441,47.919441,1,4,4,drilling
144351-4-3-11.wav,44.419441,48.419441,1,4,4,drilling
144351-4-3-12.wav,44.919441,48.919441,1,4,4,drilling
144351-4-3-14.wav,45.919441,49.919441,1,4,4,drilling
144351-4-3-15.wav,46.419441,50.419441,1,4,4,drilling
144351-4-3-2.wav,39.919441,43.919441,1,4,4,drilling
144351-4-3-3.wav,40.419441,44.419441,1,4,4,drilling
144351-4-3-4.wav,40.919441,44.919441,1,4,4,drilling
144351-4-3-5.wav,41.419441,45.419441,1,4,4,drilling
144351-4-3-7.wav,42.419441,46.419441,1,4,4,drilling
144885-3-0-0.wav,0.0,0.261224,1,3,3,dog_bark
145206-6-0-0.wav,0.099885,1.340558,1,8,6,gun_shot
145206-6-1-0.wav,1.340558,2.812544,1,8,6,gun_shot
145206-6-2-0.wav,2.849344,3.800877,1,8,6,gun_shot
145206-6-3-0.wav,3.800877,5.020523,1,8,6,gun_shot
145206-6-4-0.wav,5.020523,5.987828,1,8,6,gun_shot
145206-6-5-0.wav,5.987828,6.739592,1,8,6,gun_shot
14524-1-0-0.wav,45.748852,46.598538,2,7,1,car_horn
145577-1-0-0.wav,0.0,1.105569,1,2,1,car_horn
145608-6-0-0.wav,2.331561,3.340491,2,2,6,gun_shot
145608-6-1-0.wav,4.196809,5.231175,2,2,6,gun_shot
145608-6-2-0.wav,5.875533,6.833593,2,2,6,gun_shot
145608-6-3-0.wav,8.842974,9.750163,2,2,6,gun_shot
145609-6-0-0.wav,1.969512,3.235187,2,5,6,gun_shot
145609-6-1-0.wav,4.148941,5.235569,2,5,6,gun_shot
145611-6-0-0.wav,5.074933,6.231719,2,5,6,gun_shot
145611-6-1-0.wav,9.814025,10.989469,2,5,6,gun_shot
145611-6-2-0.wav,14.459828,15.560641,2,5,6,gun_shot
145611-6-3-0.wav,17.855555,18.975026,2,5,6,gun_shot
145611-6-4-0.wav,21.307256,22.370753,2,5,6,gun_shot
145612-6-0-0.wav,1.620559,2.595642,2,8,6,gun_shot
145612-6-1-0.wav,3.886596,4.683142,2,8,6,gun_shot
145612-6-2-0.wav,5.493422,6.406703,2,8,6,gun_shot
145612-6-3-0.wav,7.127715,8.253866,2,8,6,gun_shot
146186-5-0-0.wav,0.0,4.0,1,1,5,engine_idling
146186-5-0-1.wav,0.5,4.5,1,1,5,engine_idling
146186-5-0-10.wav,5.0,9.0,1,1,5,engine_idling
146186-5-0-11.wav,5.5,9.5,1,1,5,engine_idling
146186-5-0-12.wav,6.0,10.0,1,1,5,engine_idling
146186-5-0-13.wav,6.5,10.5,1,1,5,engine_idling
146186-5-0-2.wav,1.0,5.0,1,1,5,engine_idling
146186-5-0-3.wav,1.5,5.5,1,1,5,engine_idling
146186-5-0-4.wav,2.0,6.0,1,1,5,engine_idling
146186-5-0-5.wav,2.5,6.5,1,1,5,engine_idling
146186-5-0-6.wav,3.0,7.0,1,1,5,engine_idling
146186-5-0-7.wav,3.5,7.5,1,1,5,engine_idling
146186-5-0-8.wav,4.0,8.0,1,1,5,engine_idling
146186-5-0-9.wav,4.5,8.5,1,1,5,engine_idling
146343-3-0-0.wav,0.0,4.0,1,8,3,dog_bark
146690-0-0-100.wav,50.0,54.0,1,2,0,air_conditioner
146690-0-0-112.wav,56.0,60.0,1,2,0,air_conditioner
146690-0-0-115.wav,57.5,61.5,1,2,0,air_conditioner
146690-0-0-116.wav,58.0,62.0,1,2,0,air_conditioner
146690-0-0-117.wav,58.5,62.5,1,2,0,air_conditioner
146690-0-0-125.wav,62.5,66.5,1,2,0,air_conditioner
146690-0-0-137.wav,68.5,72.5,1,2,0,air_conditioner
146690-0-0-140.wav,70.0,74.0,1,2,0,air_conditioner
146690-0-0-151.wav,75.5,79.5,1,2,0,air_conditioner
146690-0-0-154.wav,77.0,81.0,1,2,0,air_conditioner
146690-0-0-155.wav,77.5,81.5,1,2,0,air_conditioner
146690-0-0-165.wav,82.5,86.5,1,2,0,air_conditioner
146690-0-0-17.wav,8.5,12.5,1,2,0,air_conditioner
146690-0-0-18.wav,9.0,13.0,1,2,0,air_conditioner
146690-0-0-25.wav,12.5,16.5,1,2,0,air_conditioner
146690-0-0-35.wav,17.5,21.5,1,2,0,air_conditioner
146690-0-0-38.wav,19.0,23.0,1,2,0,air_conditioner
146690-0-0-43.wav,21.5,25.5,1,2,0,air_conditioner
146690-0-0-47.wav,23.5,27.5,1,2,0,air_conditioner
146690-0-0-64.wav,32.0,36.0,1,2,0,air_conditioner
146690-0-0-8.wav,4.0,8.0,1,2,0,air_conditioner
146690-0-0-80.wav,40.0,44.0,1,2,0,air_conditioner
146690-0-0-86.wav,43.0,47.0,1,2,0,air_conditioner
146690-0-0-87.wav,43.5,47.5,1,2,0,air_conditioner
146690-0-0-93.wav,46.5,50.5,1,2,0,air_conditioner
146709-0-0-1.wav,0.5,4.5,1,4,0,air_conditioner
146709-0-0-11.wav,5.5,9.5,1,4,0,air_conditioner
146709-0-0-12.wav,6.0,10.0,1,4,0,air_conditioner
146709-0-0-17.wav,8.5,12.5,1,4,0,air_conditioner
146709-0-0-18.wav,9.0,13.0,1,4,0,air_conditioner
146709-0-0-19.wav,9.5,13.5,1,4,0,air_conditioner
146709-0-0-20.wav,10.0,14.0,1,4,0,air_conditioner
146709-0-0-22.wav,11.0,15.0,1,4,0,air_conditioner
146709-0-0-25.wav,12.5,16.5,1,4,0,air_conditioner
146709-0-0-26.wav,13.0,17.0,1,4,0,air_conditioner
146709-0-0-3.wav,1.5,5.5,1,4,0,air_conditioner
146709-0-0-30.wav,15.0,19.0,1,4,0,air_conditioner
146709-0-0-33.wav,16.5,20.5,1,4,0,air_conditioner
146709-0-0-34.wav,17.0,21.0,1,4,0,air_conditioner
146709-0-0-37.wav,18.5,22.5,1,4,0,air_conditioner
146709-0-0-44.wav,22.0,26.0,1,4,0,air_conditioner
146709-0-0-48.wav,24.0,28.0,1,4,0,air_conditioner
146709-0-0-53.wav,26.5,30.5,1,4,0,air_conditioner
146709-0-0-59.wav,29.5,33.5,1,4,0,air_conditioner
146709-0-0-63.wav,31.5,35.5,1,4,0,air_conditioner
146709-0-0-65.wav,32.5,36.5,1,4,0,air_conditioner
146709-0-0-66.wav,33.0,37.0,1,4,0,air_conditioner
146709-0-0-68.wav,34.0,38.0,1,4,0,air_conditioner
146709-0-0-7.wav,3.5,7.5,1,4,0,air_conditioner
146714-0-0-0.wav,0.0,4.0,2,3,0,air_conditioner
146714-0-0-12.wav,6.0,10.0,2,3,0,air_conditioner
146714-0-0-13.wav,6.5,10.5,2,3,0,air_conditioner
146714-0-0-17.wav,8.5,12.5,2,3,0,air_conditioner
146714-0-0-18.wav,9.0,13.0,2,3,0,air_conditioner
146714-0-0-2.wav,1.0,5.0,2,3,0,air_conditioner
146714-0-0-21.wav,10.5,14.5,2,3,0,air_conditioner
146714-0-0-22.wav,11.0,15.0,2,3,0,air_conditioner
146714-0-0-27.wav,13.5,17.5,2,3,0,air_conditioner
146714-0-0-33.wav,16.5,20.5,2,3,0,air_conditioner
146714-0-0-35.wav,17.5,21.5,2,3,0,air_conditioner
146714-0-0-36.wav,18.0,22.0,2,3,0,air_conditioner
146714-0-0-38.wav,19.0,23.0,2,3,0,air_conditioner
146714-0-0-41.wav,20.5,24.5,2,3,0,air_conditioner
146714-0-0-43.wav,21.5,25.5,2,3,0,air_conditioner
146714-0-0-45.wav,22.5,26.5,2,3,0,air_conditioner
146714-0-0-47.wav,23.5,27.5,2,3,0,air_conditioner
146714-0-0-49.wav,24.5,28.5,2,3,0,air_conditioner
146714-0-0-50.wav,25.0,29.0,2,3,0,air_conditioner
146714-0-0-53.wav,26.5,30.5,2,3,0,air_conditioner
146714-0-0-55.wav,27.5,31.5,2,3,0,air_conditioner
146714-0-0-56.wav,28.0,32.0,2,3,0,air_conditioner
146714-0-0-58.wav,29.0,33.0,2,3,0,air_conditioner
146714-0-0-6.wav,3.0,7.0,2,3,0,air_conditioner
146845-0-0-0.wav,0.0,4.0,1,7,0,air_conditioner
146845-0-0-1.wav,0.5,4.5,1,7,0,air_conditioner
146845-0-0-10.wav,5.0,9.0,1,7,0,air_conditioner
146845-0-0-11.wav,5.5,9.5,1,7,0,air_conditioner
146845-0-0-12.wav,6.0,10.0,1,7,0,air_conditioner
146845-0-0-13.wav,6.5,10.5,1,7,0,air_conditioner
146845-0-0-14.wav,7.0,11.0,1,7,0,air_conditioner
146845-0-0-15.wav,7.5,11.5,1,7,0,air_conditioner
146845-0-0-16.wav,8.0,12.0,1,7,0,air_conditioner
146845-0-0-17.wav,8.5,12.5,1,7,0,air_conditioner
146845-0-0-18.wav,9.0,13.0,1,7,0,air_conditioner
146845-0-0-19.wav,9.5,13.5,1,7,0,air_conditioner
146845-0-0-2.wav,1.0,5.0,1,7,0,air_conditioner
146845-0-0-20.wav,10.0,14.0,1,7,0,air_conditioner
146845-0-0-21.wav,10.5,14.5,1,7,0,air_conditioner
146845-0-0-22.wav,11.0,15.0,1,7,0,air_conditioner
146845-0-0-24.wav,12.0,16.0,1,7,0,air_conditioner
146845-0-0-25.wav,12.5,16.5,1,7,0,air_conditioner
146845-0-0-26.wav,13.0,17.0,1,7,0,air_conditioner
146845-0-0-27.wav,13.5,17.5,1,7,0,air_conditioner
146845-0-0-3.wav,1.5,5.5,1,7,0,air_conditioner
146845-0-0-30.wav,15.0,19.0,1,7,0,air_conditioner
146845-0-0-31.wav,15.5,19.5,1,7,0,air_conditioner
146845-0-0-32.wav,16.0,20.0,1,7,0,air_conditioner
146845-0-0-33.wav,16.5,20.5,1,7,0,air_conditioner
146845-0-0-35.wav,17.5,21.5,1,7,0,air_conditioner
146845-0-0-36.wav,18.0,22.0,1,7,0,air_conditioner
146845-0-0-5.wav,2.5,6.5,1,7,0,air_conditioner
146845-0-0-6.wav,3.0,7.0,1,7,0,air_conditioner
146845-0-0-7.wav,3.5,7.5,1,7,0,air_conditioner
146845-0-0-8.wav,4.0,8.0,1,7,0,air_conditioner
146845-0-0-9.wav,4.5,8.5,1,7,0,air_conditioner
147019-4-0-0.wav,0.688099,4.5951,1,8,4,drilling
147317-6-0-0.wav,0.916114,2.20664,1,7,6,gun_shot
147672-3-0-0.wav,0.644886,0.997283,1,2,3,dog_bark
147672-3-1-0.wav,1.726745,2.188385,1,2,3,dog_bark
147672-3-2-0.wav,3.781219,4.161808,1,2,3,dog_bark
14772-7-0-0.wav,0.78467,2.045746,1,7,7,jackhammer
14772-7-1-0.wav,4.539875,6.249334,1,7,7,jackhammer
14772-7-2-0.wav,8.715439,9.86442,1,7,7,jackhammer
14772-7-3-0.wav,11.265616,12.358549,1,7,7,jackhammer
14772-7-4-0.wav,13.759745,15.160941,1,7,7,jackhammer
14772-7-5-0.wav,17.570998,19.672793,1,7,7,jackhammer
14772-7-6-0.wav,22.503209,24.717098,1,7,7,jackhammer
14772-7-7-0.wav,26.006199,28.023921,1,7,7,jackhammer
14772-7-8-0.wav,29.200926,30.910385,1,7,7,jackhammer
14772-7-9-0.wav,31.891222,35.786547,1,7,7,jackhammer
147764-4-0-0.wav,0.441828,2.143685,1,1,4,drilling
147764-4-1-0.wav,2.143685,5.220118,1,1,4,drilling
147764-4-2-0.wav,5.449214,6.103774,1,1,4,drilling
147764-4-3-0.wav,6.431054,7.543807,1,1,4,drilling
147764-4-4-0.wav,7.641991,11.641991,1,1,4,drilling
147764-4-4-1.wav,8.141991,12.141991,1,1,4,drilling
147764-4-4-2.wav,8.641991,12.641991,1,1,4,drilling
147764-4-5-0.wav,16.29855,17.329482,1,1,4,drilling
147764-4-6-0.wav,17.460394,21.460394,1,1,4,drilling
147764-4-7-0.wav,23.400529,24.595101,1,1,4,drilling
147764-4-8-0.wav,24.676921,25.364209,1,1,4,drilling
14780-9-0-0.wav,1.155116,5.155116,2,2,9,street_music
14780-9-0-1.wav,1.655116,5.655116,2,2,9,street_music
14780-9-0-2.wav,2.155116,6.155116,2,2,9,street_music
147926-0-0-10.wav,5.0,9.0,1,2,0,air_conditioner
147926-0-0-11.wav,5.5,9.5,1,2,0,air_conditioner
147926-0-0-12.wav,6.0,10.0,1,2,0,air_conditioner
147926-0-0-16.wav,8.0,12.0,1,2,0,air_conditioner
147926-0-0-17.wav,8.5,12.5,1,2,0,air_conditioner
147926-0-0-2.wav,1.0,5.0,1,2,0,air_conditioner
147926-0-0-20.wav,10.0,14.0,1,2,0,air_conditioner
147926-0-0-21.wav,10.5,14.5,1,2,0,air_conditioner
147926-0-0-27.wav,13.5,17.5,1,2,0,air_conditioner
147926-0-0-28.wav,14.0,18.0,1,2,0,air_conditioner
147926-0-0-34.wav,17.0,21.0,1,2,0,air_conditioner
147926-0-0-35.wav,17.5,21.5,1,2,0,air_conditioner
147926-0-0-36.wav,18.0,22.0,1,2,0,air_conditioner
147926-0-0-37.wav,18.5,22.5,1,2,0,air_conditioner
147926-0-0-39.wav,19.5,23.5,1,2,0,air_conditioner
147926-0-0-4.wav,2.0,6.0,1,2,0,air_conditioner
147926-0-0-41.wav,20.5,24.5,1,2,0,air_conditioner
147926-0-0-42.wav,21.0,25.0,1,2,0,air_conditioner
147926-0-0-44.wav,22.0,26.0,1,2,0,air_conditioner
147926-0-0-5.wav,2.5,6.5,1,2,0,air_conditioner
147926-0-0-50.wav,25.0,29.0,1,2,0,air_conditioner
147926-0-0-52.wav,26.0,30.0,1,2,0,air_conditioner
147926-0-0-54.wav,27.0,31.0,1,2,0,air_conditioner
147926-0-0-7.wav,3.5,7.5,1,2,0,air_conditioner
148463-7-2-0.wav,216.572451,220.572451,2,4,7,jackhammer
148463-7-2-1.wav,217.072451,221.072451,2,4,7,jackhammer
148463-7-2-2.wav,217.572451,221.572451,2,4,7,jackhammer
148463-7-3-0.wav,292.484445,296.484445,2,4,7,jackhammer
148463-7-3-1.wav,292.984445,296.984445,2,4,7,jackhammer
148463-7-3-10.wav,297.484445,301.484445,2,4,7,jackhammer
148463-7-3-2.wav,293.484445,297.484445,2,4,7,jackhammer
148463-7-3-3.wav,293.984445,297.984445,2,4,7,jackhammer
148463-7-3-4.wav,294.484445,298.484445,2,4,7,jackhammer
148463-7-3-5.wav,294.984445,298.984445,2,4,7,jackhammer
148463-7-3-6.wav,295.484445,299.484445,2,4,7,jackhammer
148463-7-3-7.wav,295.984445,299.984445,2,4,7,jackhammer
148463-7-3-8.wav,296.484445,300.484445,2,4,7,jackhammer
148463-7-3-9.wav,296.984445,300.984445,2,4,7,jackhammer
148632-8-0-0.wav,129.795722,133.795722,2,8,8,siren
148632-8-0-1.wav,130.295722,134.295722,2,8,8,siren
148632-8-0-10.wav,134.795722,138.795722,2,8,8,siren
148632-8-0-11.wav,135.295722,139.295722,2,8,8,siren
148632-8-0-12.wav,135.795722,139.795722,2,8,8,siren
148632-8-0-13.wav,136.295722,140.295722,2,8,8,siren
148632-8-0-14.wav,136.795722,140.795722,2,8,8,siren
148632-8-0-15.wav,137.295722,141.295722,2,8,8,siren
148632-8-0-16.wav,137.795722,141.795722,2,8,8,siren
148632-8-0-17.wav,138.295722,142.295722,2,8,8,siren
148632-8-0-18.wav,138.795722,142.795722,2,8,8,siren
148632-8-0-2.wav,130.795722,134.795722,2,8,8,siren
148632-8-0-3.wav,131.295722,135.295722,2,8,8,siren
148632-8-0-4.wav,131.795722,135.795722,2,8,8,siren
148632-8-0-5.wav,132.295722,136.295722,2,8,8,siren
148632-8-0-6.wav,132.795722,136.795722,2,8,8,siren
148632-8-0-7.wav,133.295722,137.295722,2,8,8,siren
148632-8-0-8.wav,133.795722,137.795722,2,8,8,siren
148632-8-0-9.wav,134.295722,138.295722,2,8,8,siren
148827-6-0-0.wav,0.30659,1.258978,1,7,6,gun_shot
148827-6-1-0.wav,1.836281,2.622326,1,7,6,gun_shot
148827-6-2-0.wav,2.899562,3.6693,1,7,6,gun_shot
148827-6-3-0.wav,3.884565,4.902184,1,7,6,gun_shot
148827-6-4-0.wav,5.17942,5.746939,1,7,6,gun_shot
148828-6-0-0.wav,0.800693,1.948198,1,7,6,gun_shot
148828-6-1-0.wav,2.597597,3.691568,1,7,6,gun_shot
148833-6-0-0.wav,1.145889,2.623483,1,6,6,gun_shot
148833-6-1-0.wav,3.993859,5.903673,1,6,6,gun_shot
148834-6-0-0.wav,0.119197,0.781005,1,6,6,gun_shot
148835-6-0-0.wav,1.440367,2.259399,1,6,6,gun_shot
148835-6-1-0.wav,2.259399,3.202698,1,6,6,gun_shot
148835-6-2-0.wav,4.275913,5.546825,1,6,6,gun_shot
148835-6-3-0.wav,5.546825,7.038028,1,6,6,gun_shot
148835-6-4-0.wav,9.252239,9.952653,1,6,6,gun_shot
148837-6-0-0.wav,0.564257,1.772279,1,4,6,gun_shot
148837-6-1-0.wav,1.772279,2.959783,1,4,6,gun_shot
148837-6-2-0.wav,2.959783,4.424286,1,4,6,gun_shot
148838-6-0-0.wav,0.248919,1.270571,1,3,6,gun_shot
148838-6-1-0.wav,1.270571,2.476207,1,3,6,gun_shot
148838-6-2-0.wav,2.584432,3.813878,1,3,6,gun_shot
148841-6-0-0.wav,0.722118,2.245611,1,5,6,gun_shot
148841-6-1-0.wav,6.120392,7.450146,1,5,6,gun_shot
148841-6-2-0.wav,9.132153,10.787741,1,5,6,gun_shot
149177-6-0-0.wav,0.0,0.81678,1,2,6,gun_shot
149193-5-0-0.wav,0.0,4.0,1,7,5,engine_idling
149193-5-0-1.wav,0.5,4.5,1,7,5,engine_idling
149193-5-0-2.wav,1.0,5.0,1,7,5,engine_idling
149193-5-0-3.wav,1.5,5.5,1,7,5,engine_idling
149193-5-0-4.wav,2.0,6.0,1,7,5,engine_idling
149193-5-0-5.wav,2.5,6.5,1,7,5,engine_idling
149254-9-0-25.wav,12.5,16.5,1,2,9,street_music
149254-9-0-29.wav,14.5,18.5,1,2,9,street_music
149254-9-0-30.wav,15.0,19.0,1,2,9,street_music
149254-9-0-42.wav,21.0,25.0,1,2,9,street_music
149254-9-0-51.wav,25.5,29.5,1,2,9,street_music
149254-9-0-56.wav,28.0,32.0,1,2,9,street_music
149370-9-0-15.wav,7.5,11.5,2,2,9,street_music
149370-9-0-19.wav,9.5,13.5,2,2,9,street_music
149370-9-0-21.wav,10.5,14.5,2,2,9,street_music
149370-9-0-22.wav,11.0,15.0,2,2,9,street_music
149370-9-0-32.wav,16.0,20.0,2,2,9,street_music
149370-9-0-37.wav,18.5,22.5,2,2,9,street_music
150341-3-0-0.wav,12.834011,13.322652,1,1,3,dog_bark
150341-3-1-0.wav,15.377819,15.823344,1,1,3,dog_bark
151005-4-0-0.wav,0.524393,4.524393,1,4,4,drilling
151005-4-0-1.wav,1.024393,5.024393,1,4,4,drilling
151005-4-0-2.wav,1.524393,5.524393,1,4,4,drilling
151005-4-0-3.wav,2.024393,6.024393,1,4,4,drilling
151005-4-1-0.wav,11.445447,15.445447,1,4,4,drilling
151005-4-1-1.wav,11.945447,15.945447,1,4,4,drilling
151005-4-1-2.wav,12.445447,16.445447,1,4,4,drilling
151005-4-2-0.wav,21.705309,25.705309,1,4,4,drilling
151005-4-2-1.wav,22.205309,26.205309,1,4,4,drilling
151005-4-3-0.wav,30.072797,34.072797,1,4,4,drilling
151005-4-3-1.wav,30.572797,34.572797,1,4,4,drilling
151005-4-3-2.wav,31.072797,35.072797,1,4,4,drilling
151065-6-0-0.wav,0.162737,1.759161,1,7,6,gun_shot
151069-6-0-0.wav,0.018056,1.871429,1,8,6,gun_shot
151071-6-0-0.wav,0.018986,1.760726,1,3,6,gun_shot
151149-2-0-11.wav,5.5,9.5,2,3,2,children_playing
151149-2-0-12.wav,6.0,10.0,2,3,2,children_playing
151149-2-0-15.wav,7.5,11.5,2,3,2,children_playing
151149-2-0-22.wav,11.0,15.0,2,3,2,children_playing
151149-2-0-3.wav,1.5,5.5,2,3,2,children_playing
151149-2-0-4.wav,2.0,6.0,2,3,2,children_playing
151149-2-0-54.wav,27.0,31.0,2,3,2,children_playing
151149-2-0-56.wav,28.0,32.0,2,3,2,children_playing
151359-1-0-0.wav,5.038068,5.180168,1,3,1,car_horn
151359-1-1-0.wav,9.100818,9.255836,1,3,1,car_horn
151359-1-2-0.wav,11.322735,11.419621,1,3,1,car_horn
151359-1-3-0.wav,13.777179,13.886983,1,3,1,car_horn
151877-5-0-0.wav,1.597715,3.007464,1,4,5,engine_idling
151877-5-1-0.wav,19.423205,23.423205,1,4,5,engine_idling
151977-0-0-0.wav,0.466587,4.466587,1,1,0,air_conditioner
151977-0-0-1.wav,0.966587,4.966587,1,1,0,air_conditioner
151977-0-0-10.wav,5.466587,9.466587,1,1,0,air_conditioner
151977-0-0-11.wav,5.966587,9.966587,1,1,0,air_conditioner
151977-0-0-12.wav,6.466587,10.466587,1,1,0,air_conditioner
151977-0-0-13.wav,6.966587,10.966587,1,1,0,air_conditioner
151977-0-0-2.wav,1.466587,5.4665870000000005,1,1,0,air_conditioner
151977-0-0-3.wav,1.966587,5.9665870000000005,1,1,0,air_conditioner
151977-0-0-4.wav,2.466587,6.4665870000000005,1,1,0,air_conditioner
151977-0-0-5.wav,2.966587,6.9665870000000005,1,1,0,air_conditioner
151977-0-0-6.wav,3.466587,7.466587,1,1,0,air_conditioner
151977-0-0-7.wav,3.966587,7.966587,1,1,0,air_conditioner
151977-0-0-8.wav,4.466587,8.466587,1,1,0,air_conditioner
151977-0-0-9.wav,4.966587,8.966587,1,1,0,air_conditioner
152908-5-0-0.wav,0.0,4.0,1,2,5,engine_idling
152908-5-0-1.wav,0.5,4.5,1,2,5,engine_idling
152908-5-0-10.wav,5.0,9.0,1,2,5,engine_idling
152908-5-0-11.wav,5.5,9.5,1,2,5,engine_idling
152908-5-0-12.wav,6.0,10.0,1,2,5,engine_idling
152908-5-0-13.wav,6.5,10.5,1,2,5,engine_idling
152908-5-0-2.wav,1.0,5.0,1,2,5,engine_idling
152908-5-0-3.wav,1.5,5.5,1,2,5,engine_idling
152908-5-0-4.wav,2.0,6.0,1,2,5,engine_idling
152908-5-0-5.wav,2.5,6.5,1,2,5,engine_idling
152908-5-0-6.wav,3.0,7.0,1,2,5,engine_idling
152908-5-0-7.wav,3.5,7.5,1,2,5,engine_idling
152908-5-0-8.wav,4.0,8.0,1,2,5,engine_idling
152908-5-0-9.wav,4.5,8.5,1,2,5,engine_idling
153057-1-0-0.wav,0.284091,1.383136,1,7,1,car_horn
153261-0-0-0.wav,0.0,4.0,1,3,0,air_conditioner
153261-0-0-1.wav,0.5,4.5,1,3,0,air_conditioner
153261-0-0-2.wav,1.0,5.0,1,3,0,air_conditioner
153261-0-0-3.wav,1.5,5.5,1,3,0,air_conditioner
15356-2-0-0.wav,0.0,4.0,1,3,2,children_playing
15356-2-0-1.wav,0.5,4.5,1,3,2,children_playing
15356-2-0-2.wav,1.0,5.0,1,3,2,children_playing
15356-2-0-3.wav,1.5,5.5,1,3,2,children_playing
15356-2-0-4.wav,2.0,6.0,1,3,2,children_playing
154758-5-0-0.wav,0.0,4.0,1,4,5,engine_idling
154758-5-0-1.wav,0.5,4.5,1,4,5,engine_idling
154758-5-0-10.wav,5.0,9.0,1,4,5,engine_idling
154758-5-0-11.wav,5.5,9.5,1,4,5,engine_idling
154758-5-0-12.wav,6.0,10.0,1,4,5,engine_idling
154758-5-0-13.wav,6.5,10.5,1,4,5,engine_idling
154758-5-0-14.wav,7.0,11.0,1,4,5,engine_idling
154758-5-0-15.wav,7.5,11.5,1,4,5,engine_idling
154758-5-0-16.wav,8.0,12.0,1,4,5,engine_idling
154758-5-0-17.wav,8.5,12.5,1,4,5,engine_idling
154758-5-0-18.wav,9.0,13.0,1,4,5,engine_idling
154758-5-0-19.wav,9.5,13.5,1,4,5,engine_idling
154758-5-0-2.wav,1.0,5.0,1,4,5,engine_idling
154758-5-0-20.wav,10.0,14.0,1,4,5,engine_idling
154758-5-0-21.wav,10.5,14.5,1,4,5,engine_idling
154758-5-0-3.wav,1.5,5.5,1,4,5,engine_idling
154758-5-0-4.wav,2.0,6.0,1,4,5,engine_idling
154758-5-0-5.wav,2.5,6.5,1,4,5,engine_idling
154758-5-0-6.wav,3.0,7.0,1,4,5,engine_idling
154758-5-0-7.wav,3.5,7.5,1,4,5,engine_idling
154758-5-0-8.wav,4.0,8.0,1,4,5,engine_idling
154758-5-0-9.wav,4.5,8.5,1,4,5,engine_idling
155127-9-0-2.wav,1.0,5.0,1,6,9,street_music
155127-9-1-2.wav,50.498966,54.498966,1,6,9,street_music
155127-9-1-23.wav,60.998966,64.998966,1,6,9,street_music
155127-9-1-24.wav,61.498966,65.498966,1,6,9,street_music
155127-9-1-25.wav,61.998966,65.998966,1,6,9,street_music
155127-9-1-27.wav,62.998966,66.998966,1,6,9,street_music
155129-1-0-0.wav,13.299687,13.403296,1,2,1,car_horn
155129-1-1-0.wav,13.702351,13.86012,1,2,1,car_horn
155129-1-2-0.wav,296.18928,298.389901,2,2,1,car_horn
155202-9-0-124.wav,62.0,66.0,1,1,9,street_music
155202-9-0-126.wav,63.0,67.0,1,1,9,street_music
155202-9-0-135.wav,67.5,71.5,1,1,9,street_music
155202-9-0-38.wav,19.0,23.0,1,1,9,street_music
155202-9-0-42.wav,21.0,25.0,1,1,9,street_music
155202-9-0-6.wav,3.0,7.0,1,1,9,street_music
155212-9-0-13.wav,105.384208,109.384208,2,6,9,street_music
155212-9-1-14.wav,139.167185,143.167185,1,6,9,street_music
155212-9-1-49.wav,156.667185,160.667185,1,6,9,street_music
155212-9-1-75.wav,169.667185,173.667185,1,6,9,street_music
155212-9-1-85.wav,174.667185,178.667185,1,6,9,street_music
155212-9-1-88.wav,176.167185,180.167185,1,6,9,street_music
155217-9-0-27.wav,51.2558,55.2558,1,8,9,street_music
155217-9-0-39.wav,57.2558,61.2558,1,8,9,street_music
155217-9-0-57.wav,66.2558,70.2558,1,8,9,street_music
155217-9-0-85.wav,80.2558,84.2558,1,8,9,street_music
155217-9-1-24.wav,284.64365,288.64365,1,8,9,street_music
155217-9-1-58.wav,301.64365,305.64365,1,8,9,street_music
155219-2-0-0.wav,0.0,4.0,2,2,2,children_playing
155219-2-0-1.wav,0.5,4.5,2,2,2,children_playing
155219-2-0-22.wav,11.0,15.0,2,2,2,children_playing
155219-2-0-24.wav,12.0,16.0,2,2,2,children_playing
155219-2-0-25.wav,12.5,16.5,2,2,2,children_playing
155219-2-0-26.wav,13.0,17.0,2,2,2,children_playing
155219-2-0-51.wav,25.5,29.5,2,2,2,children_playing
155219-2-0-57.wav,28.5,32.5,2,2,2,children_playing
155227-9-0-2.wav,1.0,5.0,1,3,9,street_music
155227-9-0-20.wav,10.0,14.0,1,3,9,street_music
155227-9-0-23.wav,11.5,15.5,1,3,9,street_music
155227-9-0-24.wav,12.0,16.0,1,3,9,street_music
155227-9-0-27.wav,13.5,17.5,1,3,9,street_music
155227-9-0-3.wav,1.5,5.5,1,3,9,street_music
155234-1-0-0.wav,101.719854,103.833373,2,2,1,car_horn
155238-2-0-17.wav,8.5,12.5,2,7,2,children_playing
155238-2-0-3.wav,1.5,5.5,2,7,2,children_playing
155238-2-0-31.wav,15.5,19.5,2,7,2,children_playing
155238-2-0-36.wav,18.0,22.0,2,7,2,children_playing
155238-2-0-47.wav,23.5,27.5,2,7,2,children_playing
155238-2-0-67.wav,33.5,37.5,2,7,2,children_playing
155238-2-0-75.wav,37.5,41.5,2,7,2,children_playing
155238-2-0-97.wav,48.5,52.5,2,7,2,children_playing
155243-9-0-18.wav,9.0,13.0,2,5,9,street_music
155243-9-0-24.wav,12.0,16.0,2,5,9,street_music
155243-9-0-32.wav,16.0,20.0,2,5,9,street_music
155243-9-0-42.wav,21.0,25.0,2,5,9,street_music
155243-9-0-53.wav,26.5,30.5,2,5,9,street_music
155243-9-0-55.wav,27.5,31.5,2,5,9,street_music
155263-2-0-12.wav,6.0,10.0,2,3,2,children_playing
155263-2-0-22.wav,11.0,15.0,2,3,2,children_playing
155263-2-0-23.wav,11.5,15.5,2,3,2,children_playing
155263-2-0-34.wav,17.0,21.0,2,3,2,children_playing
155263-2-0-43.wav,21.5,25.5,2,3,2,children_playing
155263-2-0-50.wav,25.0,29.0,2,3,2,children_playing
155263-2-0-57.wav,28.5,32.5,2,3,2,children_playing
155263-2-0-61.wav,30.5,34.5,2,3,2,children_playing
155283-1-0-0.wav,95.455122,96.061195,2,8,1,car_horn
155283-1-1-0.wav,401.371559,402.010695,2,8,1,car_horn
155294-3-0-0.wav,0.0,2.680454,2,8,3,dog_bark
155299-3-0-1.wav,0.5,4.5,2,7,3,dog_bark
155299-3-1-0.wav,8.526258,12.526258,2,7,3,dog_bark
155299-3-1-1.wav,9.026258,13.026258,2,7,3,dog_bark
155299-3-1-2.wav,9.526258,13.526258,2,7,3,dog_bark
155309-3-0-0.wav,0.0,1.219048,1,3,3,dog_bark
155310-3-0-0.wav,0.0,2.774785,1,1,3,dog_bark
155313-3-0-0.wav,2.249546,3.021266,1,8,3,dog_bark
155314-3-0-1.wav,0.5,4.5,1,7,3,dog_bark
155314-3-0-2.wav,1.0,5.0,1,7,3,dog_bark
155314-3-0-5.wav,2.5,6.5,1,7,3,dog_bark
155315-3-0-0.wav,0.0,4.0,1,7,3,dog_bark
155317-3-0-0.wav,3.031264,7.031264,1,6,3,dog_bark
155320-3-0-0.wav,0.084222,1.224028,1,4,3,dog_bark
155488-3-0-6.wav,34.470139,38.470139,2,6,3,dog_bark
155488-3-2-0.wav,99.268224,103.268224,2,6,3,dog_bark
155488-3-3-0.wav,147.423873,151.423873,2,6,3,dog_bark
155488-3-3-1.wav,147.923873,151.923873,2,6,3,dog_bark
15564-2-0-0.wav,0.0,4.0,1,1,2,children_playing
15564-2-0-1.wav,0.5,4.5,1,1,2,children_playing
15564-2-0-2.wav,1.0,5.0,1,1,2,children_playing
156091-1-0-0.wav,1.175595,2.9223,2,7,1,car_horn
156194-1-0-0.wav,0.0,0.252086,2,1,1,car_horn
156358-5-0-0.wav,5.547216,9.547216,1,8,5,engine_idling
156358-5-0-1.wav,6.047216,10.047216,1,8,5,engine_idling
156358-5-0-2.wav,6.547216,10.547216,1,8,5,engine_idling
156358-5-0-3.wav,7.047216,11.047216,1,8,5,engine_idling
156358-5-0-4.wav,7.547216,11.547216,1,8,5,engine_idling
156358-5-0-5.wav,8.047215999999999,12.047216,1,8,5,engine_idling
156358-5-0-6.wav,8.547215999999999,12.547216,1,8,5,engine_idling
156362-4-0-0.wav,111.410002,115.410002,2,4,4,drilling
156362-4-0-1.wav,111.910002,115.910002,2,4,4,drilling
156362-4-0-2.wav,112.410002,116.410002,2,4,4,drilling
156362-4-0-3.wav,112.910002,116.910002,2,4,4,drilling
156362-4-1-0.wav,124.563955,126.556979,2,4,4,drilling
156362-4-2-0.wav,132.536049,136.536049,2,4,4,drilling
156362-4-2-1.wav,133.036049,137.036049,2,4,4,drilling
156362-4-3-0.wav,309.117912,313.117912,2,4,4,drilling
156362-4-3-1.wav,309.617912,313.617912,2,4,4,drilling
156362-4-3-2.wav,310.117912,314.117912,2,4,4,drilling
156362-4-3-3.wav,310.617912,314.617912,2,4,4,drilling
156362-4-3-4.wav,311.117912,315.117912,2,4,4,drilling
156362-4-3-5.wav,311.617912,315.617912,2,4,4,drilling
156362-4-3-6.wav,312.117912,316.117912,2,4,4,drilling
156362-4-3-7.wav,312.617912,316.617912,2,4,4,drilling
156362-4-3-8.wav,313.117912,317.117912,2,4,4,drilling
156418-3-0-0.wav,0.0,4.0,1,3,3,dog_bark
156418-3-0-1.wav,0.5,4.5,1,3,3,dog_bark
156418-3-1-0.wav,8.43488,12.43488,1,3,3,dog_bark
156418-3-2-0.wav,15.852218,16.85637,1,3,3,dog_bark
156634-5-0-0.wav,0.0,4.0,1,5,5,engine_idling
156634-5-0-1.wav,0.5,4.5,1,5,5,engine_idling
156634-5-0-10.wav,5.0,9.0,1,5,5,engine_idling
156634-5-0-11.wav,5.5,9.5,1,5,5,engine_idling
156634-5-0-12.wav,6.0,10.0,1,5,5,engine_idling
156634-5-0-2.wav,1.0,5.0,1,5,5,engine_idling
156634-5-0-3.wav,1.5,5.5,1,5,5,engine_idling
156634-5-0-4.wav,2.0,6.0,1,5,5,engine_idling
156634-5-0-5.wav,2.5,6.5,1,5,5,engine_idling
156634-5-0-6.wav,3.0,7.0,1,5,5,engine_idling
156634-5-0-7.wav,3.5,7.5,1,5,5,engine_idling
156634-5-0-8.wav,4.0,8.0,1,5,5,engine_idling
156634-5-0-9.wav,4.5,8.5,1,5,5,engine_idling
156634-5-1-0.wav,32.465057,36.465057,1,5,5,engine_idling
156634-5-2-0.wav,42.99745,46.99745,1,5,5,engine_idling
156634-5-2-1.wav,43.49745,47.49745,1,5,5,engine_idling
156634-5-2-2.wav,43.99745,47.99745,1,5,5,engine_idling
156634-5-2-3.wav,44.49745,48.49745,1,5,5,engine_idling
156634-5-2-4.wav,44.99745,48.99745,1,5,5,engine_idling
156634-5-2-5.wav,45.49745,49.49745,1,5,5,engine_idling
156634-5-2-6.wav,45.99745,49.99745,1,5,5,engine_idling
156634-5-2-7.wav,46.49745,50.49745,1,5,5,engine_idling
156634-5-2-8.wav,46.99745,50.99745,1,5,5,engine_idling
156868-8-0-0.wav,0.29819,1.043666,1,4,8,siren
156868-8-1-0.wav,2.094109,3.022564,1,4,8,siren
156868-8-2-0.wav,3.395302,3.99846,1,4,8,siren
156868-8-3-0.wav,4.994686,5.58429,1,4,8,siren
156868-8-4-0.wav,6.905814,7.502195,1,4,8,siren
156869-8-0-0.wav,4.650289,8.650289,1,5,8,siren
156869-8-0-1.wav,5.150289,9.150289,1,5,8,siren
156869-8-0-10.wav,9.650289,13.650289,1,5,8,siren
156869-8-0-11.wav,10.150289,14.150289,1,5,8,siren
156869-8-0-2.wav,5.650289,9.650289,1,5,8,siren
156869-8-0-3.wav,6.150289,10.150289,1,5,8,siren
156869-8-0-4.wav,6.650289,10.650289,1,5,8,siren
156869-8-0-5.wav,7.150289,11.150289,1,5,8,siren
156869-8-0-6.wav,7.650289,11.650289,1,5,8,siren
156869-8-0-7.wav,8.150289,12.150289,1,5,8,siren
156869-8-0-8.wav,8.650289,12.650289,1,5,8,siren
156869-8-0-9.wav,9.150289,13.150289,1,5,8,siren
156893-7-0-0.wav,0.948287,2.203372,2,2,7,jackhammer
156893-7-1-0.wav,3.765256,4.992451,2,2,7,jackhammer
156893-7-10-0.wav,30.791429,31.349245,2,2,7,jackhammer
156893-7-11-0.wav,32.715894,35.532863,2,2,7,jackhammer
156893-7-2-0.wav,5.717611,6.833243,2,2,7,jackhammer
156893-7-3-0.wav,7.809421,9.343414,2,2,7,jackhammer
156893-7-4-0.wav,10.737953,11.797803,2,2,7,jackhammer
156893-7-5-0.wav,13.750158,15.507278,2,2,7,jackhammer
156893-7-6-0.wav,16.790254,18.07323,2,2,7,jackhammer
156893-7-7-0.wav,20.19293,22.758883,2,2,7,jackhammer
156893-7-8-0.wav,25.380617,26.440467,2,2,7,jackhammer
156893-7-9-0.wav,29.173764,30.345177,2,2,7,jackhammer
156897-6-0-0.wav,1.24645,4.686652,1,4,6,gun_shot
157322-3-0-3.wav,1.5,5.5,1,6,3,dog_bark
157322-3-0-4.wav,2.0,6.0,1,6,3,dog_bark
157322-3-0-5.wav,2.5,6.5,1,6,3,dog_bark
157322-3-0-6.wav,3.0,7.0,1,6,3,dog_bark
157648-8-0-0.wav,18.799126,22.799126,2,5,8,siren
157649-3-0-0.wav,0.312331,4.312331,2,8,3,dog_bark
157649-3-0-1.wav,0.812331,4.812331,2,8,3,dog_bark
157649-3-1-1.wav,14.71108,18.711080000000003,2,8,3,dog_bark
157649-3-2-0.wav,23.8413,27.8413,2,8,3,dog_bark
157695-3-0-19.wav,9.5,13.5,1,4,3,dog_bark
157695-3-0-2.wav,1.0,5.0,1,4,3,dog_bark
157695-3-0-27.wav,13.5,17.5,1,4,3,dog_bark
157695-3-0-8.wav,4.0,8.0,1,4,3,dog_bark
157799-6-0-0.wav,0.0,2.272653,1,4,6,gun_shot
157867-8-0-0.wav,0.0,4.0,1,1,8,siren
157867-8-0-1.wav,0.5,4.5,1,1,8,siren
157867-8-0-10.wav,5.0,9.0,1,1,8,siren
157867-8-0-11.wav,5.5,9.5,1,1,8,siren
157867-8-0-12.wav,6.0,10.0,1,1,8,siren
157867-8-0-13.wav,6.5,10.5,1,1,8,siren
157867-8-0-14.wav,7.0,11.0,1,1,8,siren
157867-8-0-15.wav,7.5,11.5,1,1,8,siren
157867-8-0-16.wav,8.0,12.0,1,1,8,siren
157867-8-0-17.wav,8.5,12.5,1,1,8,siren
157867-8-0-18.wav,9.0,13.0,1,1,8,siren
157867-8-0-19.wav,9.5,13.5,1,1,8,siren
157867-8-0-2.wav,1.0,5.0,1,1,8,siren
157867-8-0-20.wav,10.0,14.0,1,1,8,siren
157867-8-0-21.wav,10.5,14.5,1,1,8,siren
157867-8-0-22.wav,11.0,15.0,1,1,8,siren
157867-8-0-23.wav,11.5,15.5,1,1,8,siren
157867-8-0-24.wav,12.0,16.0,1,1,8,siren
157867-8-0-25.wav,12.5,16.5,1,1,8,siren
157867-8-0-26.wav,13.0,17.0,1,1,8,siren
157867-8-0-27.wav,13.5,17.5,1,1,8,siren
157867-8-0-28.wav,14.0,18.0,1,1,8,siren
157867-8-0-3.wav,1.5,5.5,1,1,8,siren
157867-8-0-4.wav,2.0,6.0,1,1,8,siren
157867-8-0-5.wav,2.5,6.5,1,1,8,siren
157867-8-0-6.wav,3.0,7.0,1,1,8,siren
157867-8-0-7.wav,3.5,7.5,1,1,8,siren
157867-8-0-8.wav,4.0,8.0,1,1,8,siren
157867-8-0-9.wav,4.5,8.5,1,1,8,siren
157868-8-0-0.wav,0.0,4.0,1,8,8,siren
157868-8-0-1.wav,0.5,4.5,1,8,8,siren
157868-8-0-10.wav,5.0,9.0,1,8,8,siren
157868-8-0-11.wav,5.5,9.5,1,8,8,siren
157868-8-0-12.wav,6.0,10.0,1,8,8,siren
157868-8-0-13.wav,6.5,10.5,1,8,8,siren
157868-8-0-14.wav,7.0,11.0,1,8,8,siren
157868-8-0-15.wav,7.5,11.5,1,8,8,siren
157868-8-0-16.wav,8.0,12.0,1,8,8,siren
157868-8-0-17.wav,8.5,12.5,1,8,8,siren
157868-8-0-18.wav,9.0,13.0,1,8,8,siren
157868-8-0-19.wav,9.5,13.5,1,8,8,siren
157868-8-0-2.wav,1.0,5.0,1,8,8,siren
157868-8-0-20.wav,10.0,14.0,1,8,8,siren
157868-8-0-21.wav,10.5,14.5,1,8,8,siren
157868-8-0-22.wav,11.0,15.0,1,8,8,siren
157868-8-0-23.wav,11.5,15.5,1,8,8,siren
157868-8-0-24.wav,12.0,16.0,1,8,8,siren
157868-8-0-25.wav,12.5,16.5,1,8,8,siren
157868-8-0-26.wav,13.0,17.0,1,8,8,siren
157868-8-0-27.wav,13.5,17.5,1,8,8,siren
157868-8-0-3.wav,1.5,5.5,1,8,8,siren
157868-8-0-4.wav,2.0,6.0,1,8,8,siren
157868-8-0-5.wav,2.5,6.5,1,8,8,siren
157868-8-0-6.wav,3.0,7.0,1,8,8,siren
157868-8-0-7.wav,3.5,7.5,1,8,8,siren
157868-8-0-8.wav,4.0,8.0,1,8,8,siren
157868-8-0-9.wav,4.5,8.5,1,8,8,siren
157940-9-0-0.wav,0.0,4.0,1,7,9,street_music
157940-9-0-2.wav,1.0,5.0,1,7,9,street_music
157940-9-0-3.wav,1.5,5.5,1,7,9,street_music
157940-9-0-4.wav,2.0,6.0,1,7,9,street_music
157940-9-0-5.wav,2.5,6.5,1,7,9,street_music
157940-9-0-6.wav,3.0,7.0,1,7,9,street_music
157950-3-0-0.wav,0.0,1.410045,1,7,3,dog_bark
158593-2-0-0.wav,7.320678,11.320678,2,7,2,children_playing
158593-2-0-31.wav,22.820678,26.820678,2,7,2,children_playing
158593-2-0-43.wav,28.820678,32.820678,2,7,2,children_playing
158593-2-0-47.wav,30.820678,34.820678,2,7,2,children_playing
158593-2-0-52.wav,33.320678,37.320678,2,7,2,children_playing
158593-2-0-54.wav,34.320678,38.320678,2,7,2,children_playing
158593-2-0-8.wav,11.320678,15.320678,2,7,2,children_playing
158597-2-0-16.wav,9.168347,13.168347,2,2,2,children_playing
158597-2-0-2.wav,2.168347,6.168347,2,2,2,children_playing
158597-2-0-3.wav,2.668347,6.668347,2,2,2,children_playing
158597-2-0-30.wav,16.168347,20.168347,2,2,2,children_playing
158597-2-0-33.wav,17.668347,21.668347,2,2,2,children_playing
158597-2-0-41.wav,21.668347,25.668347,2,2,2,children_playing
158597-2-0-57.wav,29.668347,33.668347,2,2,2,children_playing
158597-2-0-85.wav,43.668347,47.668347,2,2,2,children_playing
158607-3-0-0.wav,0.115242,1.131463,2,2,3,dog_bark
158607-3-1-0.wav,5.835416,8.213584,1,2,3,dog_bark
158607-3-2-0.wav,11.16796,13.21088,1,2,3,dog_bark
158608-8-0-0.wav,7.309707,11.309707,2,4,8,siren
158608-8-0-1.wav,7.809707,11.809707,2,4,8,siren
158608-8-0-10.wav,12.309707,16.309707,2,4,8,siren
158608-8-0-2.wav,8.309707,12.309707,2,4,8,siren
158608-8-0-3.wav,8.809707,12.809707,2,4,8,siren
158608-8-0-4.wav,9.309707,13.309707,2,4,8,siren
158608-8-0-5.wav,9.809707,13.809707,2,4,8,siren
158608-8-0-6.wav,10.309707,14.309707,2,4,8,siren
158608-8-0-7.wav,10.809707,14.809707,2,4,8,siren
158608-8-0-8.wav,11.309707,15.309707,2,4,8,siren
158608-8-0-9.wav,11.809707,15.809707,2,4,8,siren
158977-6-0-0.wav,0.0,1.886562,1,4,6,gun_shot
158978-6-0-0.wav,0.0,1.737542,1,7,6,gun_shot
158979-6-0-0.wav,0.155453,2.512917,1,6,6,gun_shot
159176-3-0-0.wav,0.0,1.184218,1,4,3,dog_bark
159439-2-0-0.wav,0.0,4.0,1,5,2,children_playing
159439-2-0-10.wav,5.0,9.0,1,5,2,children_playing
159439-2-0-11.wav,5.5,9.5,1,5,2,children_playing
159439-2-0-19.wav,9.5,13.5,1,5,2,children_playing
159439-2-0-21.wav,10.5,14.5,1,5,2,children_playing
159439-2-0-29.wav,14.5,18.5,1,5,2,children_playing
159439-2-0-30.wav,15.0,19.0,1,5,2,children_playing
159701-6-0-0.wav,0.080091,1.978243,1,5,6,gun_shot
159701-6-1-0.wav,1.978243,4.020558,1,5,6,gun_shot
159701-6-2-0.wav,4.020558,5.582329,1,5,6,gun_shot
159701-6-3-0.wav,5.582329,7.336318,1,5,6,gun_shot
159701-6-4-0.wav,7.336318,9.650942,1,5,6,gun_shot
159701-6-5-0.wav,9.650942,12.093712,1,5,6,gun_shot
159701-6-6-0.wav,12.093712,14.112,1,5,6,gun_shot
159702-6-0-0.wav,0.0,0.597821,1,6,6,gun_shot
159702-6-1-0.wav,0.597821,1.174665,1,6,6,gun_shot
159702-6-2-0.wav,1.174665,1.76899,1,6,6,gun_shot
159702-6-3-0.wav,1.76899,2.405267,1,6,6,gun_shot
159702-6-4-0.wav,2.405267,3.003087,1,6,6,gun_shot
159702-6-5-0.wav,3.003087,3.621884,1,6,6,gun_shot
159702-6-6-0.wav,3.621884,5.705516,1,6,6,gun_shot
159703-6-0-0.wav,0.0,1.872,1,5,6,gun_shot
159704-6-0-0.wav,0.125348,2.096345,1,6,6,gun_shot
159705-6-0-0.wav,0.071101,1.387787,1,7,6,gun_shot
159706-6-0-0.wav,0.195647,1.825444,1,8,6,gun_shot
159708-6-0-0.wav,0.0,0.339735,1,7,6,gun_shot
159708-6-1-0.wav,0.339735,0.625168,1,7,6,gun_shot
159708-6-2-0.wav,0.625168,0.914779,1,7,6,gun_shot
159708-6-3-0.wav,0.914779,1.214135,1,7,6,gun_shot
159708-6-4-0.wav,1.214135,1.516277,1,7,6,gun_shot
159708-6-5-0.wav,1.516277,1.822596,1,7,6,gun_shot
159708-6-6-0.wav,1.822596,2.453333,1,7,6,gun_shot
159710-6-0-0.wav,0.031546,1.204005,1,2,6,gun_shot
159738-8-0-0.wav,0.746987,4.746987,2,1,8,siren
159738-8-0-1.wav,1.2469869999999998,5.246987,2,1,8,siren
159738-8-0-10.wav,5.746987,9.746987,2,1,8,siren
159738-8-0-11.wav,6.246987,10.246987,2,1,8,siren
159738-8-0-12.wav,6.746987,10.746987,2,1,8,siren
159738-8-0-13.wav,7.246987,11.246987,2,1,8,siren
159738-8-0-14.wav,7.746987,11.746987,2,1,8,siren
159738-8-0-15.wav,8.246987,12.246987,2,1,8,siren
159738-8-0-16.wav,8.746987,12.746987,2,1,8,siren
159738-8-0-17.wav,9.246987,13.246987,2,1,8,siren
159738-8-0-18.wav,9.746987,13.746987,2,1,8,siren
159738-8-0-19.wav,10.246987,14.246987,2,1,8,siren
159738-8-0-2.wav,1.7469869999999998,5.746987,2,1,8,siren
159738-8-0-3.wav,2.246987,6.246987,2,1,8,siren
159738-8-0-4.wav,2.746987,6.746987,2,1,8,siren
159738-8-0-5.wav,3.246987,7.246987,2,1,8,siren
159738-8-0-6.wav,3.746987,7.746987,2,1,8,siren
159738-8-0-7.wav,4.246987,8.246987,2,1,8,siren
159738-8-0-8.wav,4.746987,8.746987,2,1,8,siren
159738-8-0-9.wav,5.246987,9.246987,2,1,8,siren
159743-8-0-0.wav,1.313835,5.313835,1,2,8,siren
159747-8-0-0.wav,2.283772,6.283772,2,2,8,siren
159747-8-0-1.wav,2.783772,6.783772,2,2,8,siren
159747-8-0-10.wav,7.283772,11.283772,2,2,8,siren
159747-8-0-11.wav,7.783772,11.783772,2,2,8,siren
159747-8-0-12.wav,8.283771999999999,12.283772,2,2,8,siren
159747-8-0-13.wav,8.783771999999999,12.783772,2,2,8,siren
159747-8-0-14.wav,9.283772,13.283772,2,2,8,siren
159747-8-0-15.wav,9.783772,13.783772,2,2,8,siren
159747-8-0-16.wav,10.283772,14.283772,2,2,8,siren
159747-8-0-17.wav,10.783772,14.783772,2,2,8,siren
159747-8-0-18.wav,11.283772,15.283772,2,2,8,siren
159747-8-0-19.wav,11.783772,15.783772,2,2,8,siren
159747-8-0-2.wav,3.283772,7.283772,2,2,8,siren
159747-8-0-20.wav,12.283772,16.283772,2,2,8,siren
159747-8-0-21.wav,12.783772,16.783772,2,2,8,siren
159747-8-0-3.wav,3.783772,7.783772,2,2,8,siren
159747-8-0-4.wav,4.283772,8.283771999999999,2,2,8,siren
159747-8-0-5.wav,4.783772,8.783771999999999,2,2,8,siren
159747-8-0-6.wav,5.283772,9.283772,2,2,8,siren
159747-8-0-7.wav,5.783772,9.783772,2,2,8,siren
159747-8-0-8.wav,6.283772,10.283772,2,2,8,siren
159747-8-0-9.wav,6.783772,10.783772,2,2,8,siren
159750-8-0-0.wav,0.749887,4.749887,1,2,8,siren
159750-8-0-1.wav,1.249887,5.249887,1,2,8,siren
159750-8-0-2.wav,1.749887,5.749887,1,2,8,siren
159750-8-0-3.wav,2.249887,6.249887,1,2,8,siren
159750-8-0-4.wav,2.749887,6.749887,1,2,8,siren
159750-8-0-5.wav,3.249887,7.249887,1,2,8,siren
159750-8-0-6.wav,3.749887,7.749887,1,2,8,siren
159750-8-0-7.wav,4.249887,8.249887000000001,1,2,8,siren
159750-8-0-8.wav,4.749887,8.749887000000001,1,2,8,siren
159751-8-0-0.wav,1.150495,5.150495,2,4,8,siren
159751-8-0-1.wav,1.650495,5.650495,2,4,8,siren
159751-8-0-10.wav,6.150495,10.150495,2,4,8,siren
159751-8-0-11.wav,6.650495,10.650495,2,4,8,siren
159751-8-0-12.wav,7.150495,11.150495,2,4,8,siren
159751-8-0-13.wav,7.650495,11.650495,2,4,8,siren
159751-8-0-14.wav,8.150495,12.150495,2,4,8,siren
159751-8-0-15.wav,8.650495,12.650495,2,4,8,siren
159751-8-0-16.wav,9.150495,13.150495,2,4,8,siren
159751-8-0-17.wav,9.650495,13.650495,2,4,8,siren
159751-8-0-18.wav,10.150495,14.150495,2,4,8,siren
159751-8-0-19.wav,10.650495,14.650495,2,4,8,siren
159751-8-0-2.wav,2.1504950000000003,6.150495,2,4,8,siren
159751-8-0-20.wav,11.150495,15.150495,2,4,8,siren
159751-8-0-21.wav,11.650495,15.650495,2,4,8,siren
159751-8-0-3.wav,2.6504950000000003,6.650495,2,4,8,siren
159751-8-0-4.wav,3.1504950000000003,7.150495,2,4,8,siren
159751-8-0-5.wav,3.650495,7.650495,2,4,8,siren
159751-8-0-6.wav,4.150495,8.150495,2,4,8,siren
159751-8-0-7.wav,4.650495,8.650495,2,4,8,siren
159751-8-0-8.wav,5.150495,9.150495,2,4,8,siren
159751-8-0-9.wav,5.650495,9.650495,2,4,8,siren
159752-8-0-0.wav,0.0,4.0,2,4,8,siren
159752-8-0-1.wav,0.5,4.5,2,4,8,siren
159752-8-0-10.wav,5.0,9.0,2,4,8,siren
159752-8-0-11.wav,5.5,9.5,2,4,8,siren
159752-8-0-12.wav,6.0,10.0,2,4,8,siren
159752-8-0-2.wav,1.0,5.0,2,4,8,siren
159752-8-0-3.wav,1.5,5.5,2,4,8,siren
159752-8-0-4.wav,2.0,6.0,2,4,8,siren
159752-8-0-5.wav,2.5,6.5,2,4,8,siren
159752-8-0-6.wav,3.0,7.0,2,4,8,siren
159752-8-0-7.wav,3.5,7.5,2,4,8,siren
159752-8-0-8.wav,4.0,8.0,2,4,8,siren
159752-8-0-9.wav,4.5,8.5,2,4,8,siren
159752-8-1-0.wav,29.505959,30.471468,2,4,8,siren
159752-8-2-0.wav,36.303143,40.303143,2,4,8,siren
159752-8-2-1.wav,36.803143,40.803143,2,4,8,siren
159752-8-2-2.wav,37.303143,41.303143,2,4,8,siren
159752-8-2-3.wav,37.803143,41.803143,2,4,8,siren
159753-8-0-0.wav,0.579589,4.579589,1,4,8,siren
159753-8-0-1.wav,1.079589,5.079589,1,4,8,siren
159753-8-0-2.wav,1.579589,5.579589,1,4,8,siren
159753-8-0-3.wav,2.079589,6.079589,1,4,8,siren
159753-8-0-4.wav,2.579589,6.579589,1,4,8,siren
159753-8-0-5.wav,3.079589,7.079589,1,4,8,siren
159753-8-0-6.wav,3.579589,7.579589,1,4,8,siren
159754-8-0-0.wav,0.265065,1.34189,1,5,8,siren
159754-8-1-0.wav,5.616059,6.311854,1,5,8,siren
159754-8-2-0.wav,9.989627,10.552889,1,5,8,siren
159754-8-3-0.wav,10.900787,13.915898,1,5,8,siren
159754-8-4-0.wav,15.357188,19.357188,1,5,8,siren
159761-0-0-0.wav,0.0,4.0,2,3,0,air_conditioner
159761-0-0-1.wav,0.5,4.5,2,3,0,air_conditioner
159761-0-0-2.wav,1.0,5.0,2,3,0,air_conditioner
159761-0-0-3.wav,1.5,5.5,2,3,0,air_conditioner
159761-0-0-4.wav,2.0,6.0,2,3,0,air_conditioner
159761-0-0-5.wav,2.5,6.5,2,3,0,air_conditioner
159761-0-0-6.wav,3.0,7.0,2,3,0,air_conditioner
159761-0-0-7.wav,3.5,7.5,2,3,0,air_conditioner
159761-0-0-8.wav,4.0,8.0,2,3,0,air_conditioner
160009-2-0-1.wav,0.5,4.5,1,1,2,children_playing
160009-2-0-11.wav,5.5,9.5,1,1,2,children_playing
160009-2-0-22.wav,11.0,15.0,1,1,2,children_playing
160009-2-0-30.wav,15.0,19.0,1,1,2,children_playing
160009-2-0-31.wav,15.5,19.5,1,1,2,children_playing
160009-2-0-47.wav,23.5,27.5,1,1,2,children_playing
160009-2-0-5.wav,2.5,6.5,1,1,2,children_playing
160009-2-0-50.wav,25.0,29.0,1,1,2,children_playing
160010-2-0-19.wav,9.5,13.5,1,5,2,children_playing
160010-2-0-21.wav,10.5,14.5,1,5,2,children_playing
160010-2-0-30.wav,15.0,19.0,1,5,2,children_playing
160010-2-0-32.wav,16.0,20.0,1,5,2,children_playing
160010-2-0-33.wav,16.5,20.5,1,5,2,children_playing
160010-2-0-37.wav,18.5,22.5,1,5,2,children_playing
160010-2-0-38.wav,19.0,23.0,1,5,2,children_playing
160010-2-0-49.wav,24.5,28.5,1,5,2,children_playing
160011-2-0-0.wav,2.084127,6.0841270000000005,2,2,2,children_playing
160011-2-0-1.wav,2.584127,6.5841270000000005,2,2,2,children_playing
160011-2-0-12.wav,8.084127,12.084127,2,2,2,children_playing
160011-2-0-3.wav,3.584127,7.584127,2,2,2,children_playing
160011-2-0-34.wav,19.084127,23.084127,2,2,2,children_playing
160011-2-0-5.wav,4.5841270000000005,8.584127,2,2,2,children_playing
160011-2-0-7.wav,5.5841270000000005,9.584127,2,2,2,children_playing
160011-2-0-9.wav,6.5841270000000005,10.584127,2,2,2,children_playing
160016-2-0-13.wav,6.5,10.5,2,8,2,children_playing
160016-2-0-25.wav,12.5,16.5,2,8,2,children_playing
160016-2-0-26.wav,13.0,17.0,2,8,2,children_playing
160016-2-0-37.wav,18.5,22.5,2,8,2,children_playing
160016-2-0-40.wav,20.0,24.0,2,8,2,children_playing
160016-2-0-5.wav,2.5,6.5,2,8,2,children_playing
160016-2-0-8.wav,4.0,8.0,2,8,2,children_playing
160092-3-0-0.wav,0.013784,0.142207,1,2,3,dog_bark
160093-3-0-0.wav,0.015691,0.135517,1,3,3,dog_bark
160094-3-0-0.wav,0.120695,0.313453,1,1,3,dog_bark
160366-3-0-13.wav,6.5,10.5,1,2,3,dog_bark
160366-3-0-4.wav,2.0,6.0,1,2,3,dog_bark
160366-3-0-7.wav,3.5,7.5,1,2,3,dog_bark
160366-3-0-8.wav,4.0,8.0,1,2,3,dog_bark
160575-3-0-0.wav,1.351494,2.38668,2,6,3,dog_bark
160575-3-1-0.wav,3.450622,4.514564,2,6,3,dog_bark
160575-3-4-0.wav,11.185766,12.537259,2,6,3,dog_bark
160575-3-7-0.wav,17.540661,18.863399,2,6,3,dog_bark
161010-1-0-0.wav,123.329283,125.091034,2,4,1,car_horn
161010-1-1-0.wav,147.124081,148.444179,2,4,1,car_horn
161010-1-2-0.wav,148.909412,149.647969,2,4,1,car_horn
161010-1-3-0.wav,274.678649,277.041262,2,4,1,car_horn
161129-4-0-1.wav,8.775687,12.775687,1,8,4,drilling
161129-4-0-10.wav,13.275687,17.275686999999998,1,8,4,drilling
161129-4-0-11.wav,13.775687,17.775686999999998,1,8,4,drilling
161129-4-0-12.wav,14.275687,18.275687,1,8,4,drilling
161129-4-0-13.wav,14.775687,18.775687,1,8,4,drilling
161129-4-0-15.wav,15.775687,19.775687,1,8,4,drilling
161129-4-0-16.wav,16.275686999999998,20.275687,1,8,4,drilling
161129-4-0-19.wav,17.775686999999998,21.775687,1,8,4,drilling
161129-4-0-2.wav,9.275687,13.275687,1,8,4,drilling
161129-4-0-20.wav,18.275687,22.275687,1,8,4,drilling
161129-4-0-3.wav,9.775687,13.775687,1,8,4,drilling
161129-4-0-4.wav,10.275687,14.275687,1,8,4,drilling
161129-4-0-5.wav,10.775687,14.775687,1,8,4,drilling
161129-4-0-6.wav,11.275687,15.275687,1,8,4,drilling
161129-4-0-7.wav,11.775687,15.775687,1,8,4,drilling
161129-4-0-8.wav,12.275687,16.275686999999998,1,8,4,drilling
161129-4-0-9.wav,12.775687,16.775686999999998,1,8,4,drilling
161195-6-0-0.wav,0.0,0.799932,1,3,6,gun_shot
161702-9-0-26.wav,13.0,17.0,1,1,9,street_music
161702-9-0-30.wav,15.0,19.0,1,1,9,street_music
161702-9-0-37.wav,18.5,22.5,1,1,9,street_music
161702-9-0-45.wav,22.5,26.5,1,1,9,street_music
161702-9-0-6.wav,3.0,7.0,1,1,9,street_music
161702-9-0-8.wav,4.0,8.0,1,1,9,street_music
161922-3-1-4.wav,45.118484,49.118484,2,6,3,dog_bark
161922-3-1-5.wav,45.618484,49.618484,2,6,3,dog_bark
161922-3-1-6.wav,46.118484,50.118484,2,6,3,dog_bark
161922-3-2-0.wav,66.58268,69.969265,2,6,3,dog_bark
161923-3-0-0.wav,0.0,4.0,1,6,3,dog_bark
161923-3-0-12.wav,6.0,10.0,1,6,3,dog_bark
161923-3-0-19.wav,9.5,13.5,1,6,3,dog_bark
161923-3-0-5.wav,2.5,6.5,1,6,3,dog_bark
162103-0-0-0.wav,0.0,4.0,1,8,0,air_conditioner
162103-0-0-1.wav,0.5,4.5,1,8,0,air_conditioner
162103-0-0-10.wav,5.0,9.0,1,8,0,air_conditioner
162103-0-0-11.wav,5.5,9.5,1,8,0,air_conditioner
162103-0-0-12.wav,6.0,10.0,1,8,0,air_conditioner
162103-0-0-13.wav,6.5,10.5,1,8,0,air_conditioner
162103-0-0-14.wav,7.0,11.0,1,8,0,air_conditioner
162103-0-0-15.wav,7.5,11.5,1,8,0,air_conditioner
162103-0-0-16.wav,8.0,12.0,1,8,0,air_conditioner
162103-0-0-17.wav,8.5,12.5,1,8,0,air_conditioner
162103-0-0-2.wav,1.0,5.0,1,8,0,air_conditioner
162103-0-0-3.wav,1.5,5.5,1,8,0,air_conditioner
162103-0-0-4.wav,2.0,6.0,1,8,0,air_conditioner
162103-0-0-5.wav,2.5,6.5,1,8,0,air_conditioner
162103-0-0-6.wav,3.0,7.0,1,8,0,air_conditioner
162103-0-0-7.wav,3.5,7.5,1,8,0,air_conditioner
162103-0-0-8.wav,4.0,8.0,1,8,0,air_conditioner
162103-0-0-9.wav,4.5,8.5,1,8,0,air_conditioner
162318-2-0-17.wav,8.5,12.5,1,5,2,children_playing
162318-2-0-25.wav,12.5,16.5,1,5,2,children_playing
162318-2-0-34.wav,17.0,21.0,1,5,2,children_playing
162318-2-0-38.wav,19.0,23.0,1,5,2,children_playing
162318-2-0-39.wav,19.5,23.5,1,5,2,children_playing
162318-2-0-40.wav,20.0,24.0,1,5,2,children_playing
162318-2-0-55.wav,27.5,31.5,1,5,2,children_playing
162318-2-0-7.wav,3.5,7.5,1,5,2,children_playing
162431-6-0-0.wav,0.0,1.081659,1,3,6,gun_shot
162431-6-1-0.wav,1.787897,2.884424,1,3,6,gun_shot
162431-6-2-0.wav,4.449299,5.084913,1,3,6,gun_shot
162431-6-3-0.wav,5.497504,6.333839,1,3,6,gun_shot
162432-6-0-0.wav,0.786751,1.846456,1,5,6,gun_shot
162432-6-1-0.wav,3.130947,4.222765,1,5,6,gun_shot
162432-6-10-0.wav,23.907591,24.903071,1,5,6,gun_shot
162432-6-11-0.wav,24.903071,25.86644,1,5,6,gun_shot
162432-6-12-0.wav,25.86644,26.877976,1,5,6,gun_shot
162432-6-13-0.wav,26.877976,27.712896,1,5,6,gun_shot
162432-6-14-0.wav,27.712896,28.290917,1,5,6,gun_shot
162432-6-2-0.wav,5.250357,6.326119,1,5,6,gun_shot
162432-6-3-0.wav,9.93875,11.078736,1,5,6,gun_shot
162432-6-4-0.wav,13.310539,14.338132,1,5,6,gun_shot
162432-6-5-0.wav,16.345149,17.420911,1,5,6,gun_shot
162432-6-6-0.wav,18.014988,19.219198,1,5,6,gun_shot
162432-6-7-0.wav,19.363703,20.519745,1,5,6,gun_shot
162432-6-8-0.wav,21.338609,22.41437,1,5,6,gun_shot
162432-6-9-0.wav,22.41437,23.779142,1,5,6,gun_shot
162433-6-0-0.wav,0.027122,0.672627,1,8,6,gun_shot
162433-6-1-0.wav,0.753993,1.253039,1,8,6,gun_shot
162433-6-2-0.wav,1.309995,1.743948,1,8,6,gun_shot
162433-6-3-0.wav,1.776495,2.240282,1,8,6,gun_shot
162433-6-4-0.wav,2.256555,2.793572,1,8,6,gun_shot
162433-6-5-0.wav,2.82883,3.338725,1,8,6,gun_shot
162433-6-6-0.wav,3.371272,3.905576,1,8,6,gun_shot
162433-6-7-0.wav,3.905576,4.347666,1,8,6,gun_shot
162433-6-8-0.wav,4.347666,4.778906,1,8,6,gun_shot
162434-6-0-0.wav,0.354842,1.173267,1,6,6,gun_shot
162434-6-1-0.wav,1.549094,2.283579,1,6,6,gun_shot
162434-6-2-0.wav,2.525863,3.361458,1,6,6,gun_shot
162435-6-0-0.wav,0.0,0.716105,1,4,6,gun_shot
162435-6-1-0.wav,0.77919,1.495295,1,4,6,gun_shot
162435-6-2-0.wav,1.699896,2.27278,1,4,6,gun_shot
162435-6-3-0.wav,2.27278,3.004229,1,4,6,gun_shot
162436-6-0-0.wav,0.0,1.796802,1,3,6,gun_shot
162540-1-0-0.wav,1.25562,1.618235,1,1,1,car_horn
162540-1-1-0.wav,5.888426,6.202331,1,1,1,car_horn
162540-1-2-0.wav,10.207327,10.672773,1,1,1,car_horn
162541-1-0-0.wav,1.271857,1.758951,1,2,1,car_horn
162541-1-1-0.wav,5.899251,6.34846,1,2,1,car_horn
162541-1-2-0.wav,10.228976,10.667361,1,2,1,car_horn
162702-1-0-0.wav,0.0,0.105962,1,6,1,car_horn
162702-1-1-0.wav,0.452485,1.298459,2,6,1,car_horn
162703-1-0-0.wav,0.432845,1.592012,2,1,1,car_horn
162728-1-0-0.wav,2.778806,3.200719,1,7,1,car_horn
163460-6-0-0.wav,0.0,0.672222,1,2,6,gun_shot
164053-8-0-0.wav,0.0,4.0,2,1,8,siren
164053-8-1-0.wav,13.783876,17.783876,2,1,8,siren
164053-8-2-0.wav,21.660377,25.660377,2,1,8,siren
164053-8-2-1.wav,22.160377,26.160377,2,1,8,siren
164053-8-2-2.wav,22.660377,26.660377,2,1,8,siren
164053-8-2-3.wav,23.160377,27.160377,2,1,8,siren
164053-8-3-0.wav,49.276156,53.276156,2,1,8,siren
164311-3-0-0.wav,1.001261,5.001261,1,6,3,dog_bark
164311-3-1-0.wav,7.174174,10.683181,1,6,3,dog_bark
164312-3-0-0.wav,0.0,3.450579,1,1,3,dog_bark
164312-3-1-0.wav,6.182287,8.171162,1,1,3,dog_bark
164312-3-3-0.wav,22.380838,24.058202,1,1,3,dog_bark
164312-3-4-0.wav,25.711605,27.412932,1,1,3,dog_bark
164344-9-0-0.wav,0.0,4.0,1,5,9,street_music
164344-9-0-26.wav,13.0,17.0,1,5,9,street_music
164344-9-0-38.wav,19.0,23.0,1,5,9,street_music
164344-9-0-39.wav,19.5,23.5,1,5,9,street_music
164344-9-0-40.wav,20.0,24.0,1,5,9,street_music
164344-9-0-44.wav,22.0,26.0,1,5,9,street_music
164626-1-0-0.wav,0.811901,1.586686,1,8,1,car_horn
164627-1-0-0.wav,0.306819,1.804998,1,7,1,car_horn
164667-6-0-0.wav,0.056354,0.80246,1,5,6,gun_shot
164782-8-0-0.wav,52.812932,56.812932,2,5,8,siren
164782-8-0-1.wav,53.312932,57.312932,2,5,8,siren
164782-8-0-2.wav,53.812932,57.812932,2,5,8,siren
164782-8-0-3.wav,54.312932,58.312932,2,5,8,siren
164782-8-0-4.wav,54.812932,58.812932,2,5,8,siren
164782-8-0-5.wav,55.312932,59.312932,2,5,8,siren
164782-8-0-6.wav,55.812932,59.812932,2,5,8,siren
164782-8-0-7.wav,56.312932,60.312932,2,5,8,siren
164797-2-0-16.wav,42.169581,46.169581,2,7,2,children_playing
164797-2-0-29.wav,48.669581,52.669581,2,7,2,children_playing
164797-2-0-32.wav,50.169581,54.169581,2,7,2,children_playing
164797-2-0-44.wav,56.169581,60.169581,2,7,2,children_playing
164797-2-0-47.wav,57.669581,61.669581,2,7,2,children_playing
164797-2-0-50.wav,59.169581,63.169581,2,7,2,children_playing
164797-2-0-8.wav,38.169581,42.169581,2,7,2,children_playing
165039-7-0-0.wav,20.720467,24.720467,1,3,7,jackhammer
165039-7-1-0.wav,28.548199,32.462065,1,3,7,jackhammer
165039-7-10-0.wav,128.466896,132.466896,1,3,7,jackhammer
165039-7-10-1.wav,128.966896,132.966896,1,3,7,jackhammer
165039-7-11-0.wav,142.280541,146.280541,1,3,7,jackhammer
165039-7-12-0.wav,199.146711,203.146711,1,3,7,jackhammer
165039-7-12-1.wav,199.646711,203.646711,1,3,7,jackhammer
165039-7-13-0.wav,206.744216,210.744216,1,3,7,jackhammer
165039-7-14-0.wav,231.839004,234.83196,1,3,7,jackhammer
165039-7-15-0.wav,256.012882,260.012882,1,3,7,jackhammer
165039-7-15-1.wav,256.512882,260.512882,1,3,7,jackhammer
165039-7-16-0.wav,266.373115,270.286981,1,3,7,jackhammer
165039-7-17-0.wav,284.561081,288.561081,1,3,7,jackhammer
165039-7-17-1.wav,285.061081,289.061081,1,3,7,jackhammer
165039-7-2-0.wav,35.224794,39.224794,1,3,7,jackhammer
165039-7-2-1.wav,35.724794,39.724794,1,3,7,jackhammer
165039-7-3-0.wav,47.657074,51.657074,1,3,7,jackhammer
165039-7-4-0.wav,55.254579,59.254579,1,3,7,jackhammer
165039-7-4-1.wav,55.754579,59.754579,1,3,7,jackhammer
165039-7-4-2.wav,56.254579,60.254579,1,3,7,jackhammer
165039-7-5-0.wav,64.92413,68.92413,1,3,7,jackhammer
165039-7-5-1.wav,65.42413,69.42413,1,3,7,jackhammer
165039-7-6-0.wav,74.593681,78.593681,1,3,7,jackhammer
165039-7-6-1.wav,75.093681,79.093681,1,3,7,jackhammer
165039-7-7-0.wav,88.407326,92.321192,1,3,7,jackhammer
165039-7-8-0.wav,95.083921,99.083921,1,3,7,jackhammer
165039-7-8-1.wav,95.583921,99.583921,1,3,7,jackhammer
165039-7-8-2.wav,96.083921,100.083921,1,3,7,jackhammer
165039-7-9-0.wav,119.257799,123.257799,1,3,7,jackhammer
165067-2-0-111.wav,55.5,59.5,2,1,2,children_playing
165067-2-0-112.wav,56.0,60.0,2,1,2,children_playing
165067-2-0-35.wav,17.5,21.5,2,1,2,children_playing
165067-2-0-56.wav,28.0,32.0,2,1,2,children_playing
165067-2-0-72.wav,36.0,40.0,2,1,2,children_playing
165067-2-0-9.wav,4.5,8.5,2,1,2,children_playing
165067-2-0-91.wav,45.5,49.5,2,1,2,children_playing
165192-9-0-118.wav,59.0,63.0,1,7,9,street_music
165192-9-0-146.wav,73.0,77.0,1,7,9,street_music
165192-9-0-160.wav,80.0,84.0,1,7,9,street_music
165192-9-0-5.wav,2.5,6.5,1,7,9,street_music
165192-9-0-76.wav,38.0,42.0,1,7,9,street_music
165192-9-0-87.wav,43.5,47.5,1,7,9,street_music
165529-2-0-18.wav,9.0,13.0,2,7,2,children_playing
165529-2-0-3.wav,1.5,5.5,2,7,2,children_playing
165529-2-0-6.wav,3.0,7.0,2,7,2,children_playing
165529-2-0-70.wav,35.0,39.0,2,7,2,children_playing
165529-2-0-73.wav,36.5,40.5,2,7,2,children_playing
165529-2-0-8.wav,4.0,8.0,2,7,2,children_playing
165529-2-0-90.wav,45.0,49.0,2,7,2,children_playing
165641-4-0-0.wav,0.0,4.0,1,6,4,drilling
165641-4-0-1.wav,0.5,4.5,1,6,4,drilling
165642-4-0-0.wav,0.0,4.0,1,1,4,drilling
165643-4-0-0.wav,0.0,4.0,1,2,4,drilling
165644-4-0-0.wav,0.0,4.0,1,7,4,drilling
165644-4-0-1.wav,0.5,4.5,1,7,4,drilling
165645-4-0-0.wav,0.0,0.693888,1,1,4,drilling
165645-4-1-0.wav,0.8888,1.765905,1,1,4,drilling
165645-4-2-0.wav,1.882852,2.822329,1,1,4,drilling
165645-4-3-0.wav,2.888599,3.765705,1,1,4,drilling
165645-4-4-0.wav,4.295866,5.169073,1,1,4,drilling
165645-4-5-0.wav,5.402967,6.416511,1,1,4,drilling
165774-7-0-0.wav,1.150402,2.218633,1,5,7,jackhammer
165774-7-1-0.wav,3.040349,4.60161,1,5,7,jackhammer
165774-7-2-0.wav,5.423326,7.025672,1,5,7,jackhammer
165774-7-3-0.wav,17.379295,19.022727,1,5,7,jackhammer
165774-7-4-0.wav,20.871588,22.021991,1,5,7,jackhammer
165774-7-5-0.wav,23.706509,24.980168,1,5,7,jackhammer
165774-7-6-0.wav,32.909729,33.895788,1,5,7,jackhammer
165774-7-7-0.wav,35.005105,36.402022,1,5,7,jackhammer
165774-7-8-0.wav,37.388081,38.826084,1,5,7,jackhammer
165775-7-0-0.wav,6.82896,7.36632,2,2,7,jackhammer
165775-7-1-0.wav,9.258278,9.650104,2,2,7,jackhammer
165785-4-0-0.wav,0.0,1.234467,1,4,4,drilling
165785-4-1-0.wav,1.333836,2.415427,1,4,4,drilling
165785-4-2-0.wav,2.556837,3.64225,1,4,4,drilling
165785-4-3-0.wav,3.691934,4.731485,1,4,4,drilling
165785-4-4-0.wav,5.132783,6.416934,1,4,4,drilling
165786-4-0-0.wav,0.0,4.0,1,3,4,drilling
166101-5-0-0.wav,0.0,4.0,1,3,5,engine_idling
166101-5-0-1.wav,0.5,4.5,1,3,5,engine_idling
166101-5-0-2.wav,1.0,5.0,1,3,5,engine_idling
166101-5-0-3.wav,1.5,5.5,1,3,5,engine_idling
166101-5-1-0.wav,13.703532,15.792038,1,3,5,engine_idling
166101-5-2-0.wav,19.712567,23.712567,1,3,5,engine_idling
166101-5-2-1.wav,20.212567,24.212567,1,3,5,engine_idling
166101-5-2-2.wav,20.712567,24.712567,1,3,5,engine_idling
166101-5-2-3.wav,21.212567,25.212567,1,3,5,engine_idling
166101-5-2-4.wav,21.712567,25.712567,1,3,5,engine_idling
166101-5-3-0.wav,39.498414,42.722775,1,3,5,engine_idling
166268-3-0-0.wav,0.0,0.239205,1,1,3,dog_bark
166268-3-1-0.wav,0.940874,2.382484,1,1,3,dog_bark
166268-3-2-0.wav,3.495586,3.706087,1,1,3,dog_bark
166421-3-0-29.wav,14.5,18.5,1,2,3,dog_bark
166421-3-0-31.wav,15.5,19.5,1,2,3,dog_bark
166421-3-0-5.wav,2.5,6.5,1,2,3,dog_bark
166489-3-0-1.wav,0.5,4.5,1,6,3,dog_bark
166489-3-0-2.wav,1.0,5.0,1,6,3,dog_bark
166489-3-0-4.wav,2.0,6.0,1,6,3,dog_bark
16692-5-0-0.wav,1.209128,5.209128,1,4,5,engine_idling
16692-5-0-1.wav,1.709128,5.709128,1,4,5,engine_idling
16692-5-0-10.wav,6.209128,10.209128,1,4,5,engine_idling
16692-5-0-2.wav,2.209128,6.209128,1,4,5,engine_idling
16692-5-0-3.wav,2.709128,6.709128,1,4,5,engine_idling
16692-5-0-4.wav,3.209128,7.209128,1,4,5,engine_idling
16692-5-0-5.wav,3.709128,7.709128,1,4,5,engine_idling
16692-5-0-6.wav,4.209128,8.209128,1,4,5,engine_idling
16692-5-0-7.wav,4.709128,8.709128,1,4,5,engine_idling
16692-5-0-8.wav,5.209128,9.209128,1,4,5,engine_idling
16692-5-0-9.wav,5.709128,9.709128,1,4,5,engine_idling
166931-4-0-0.wav,0.0,4.0,1,6,4,drilling
166931-4-0-1.wav,0.5,4.5,1,6,4,drilling
166931-4-1-2.wav,15.031753,19.031753,1,6,4,drilling
166931-4-1-4.wav,16.031753000000002,20.031753,1,6,4,drilling
166931-4-1-5.wav,16.531753000000002,20.531753,1,6,4,drilling
166931-4-1-6.wav,17.031753000000002,21.031753,1,6,4,drilling
166931-4-2-0.wav,37.418008,41.418008,1,6,4,drilling
166931-4-2-12.wav,43.418008,47.418008,1,6,4,drilling
166931-4-2-13.wav,43.918008,47.918008,1,6,4,drilling
166931-4-2-3.wav,38.918008,42.918008,1,6,4,drilling
166931-4-2-7.wav,40.918008,44.918008,1,6,4,drilling
166931-4-2-8.wav,41.418008,45.418008,1,6,4,drilling
166931-4-3-1.wav,85.928614,89.928614,1,6,4,drilling
166931-4-3-2.wav,86.428614,90.428614,1,6,4,drilling
166931-4-4-0.wav,223.545085,227.545085,1,6,4,drilling
166931-4-4-2.wav,224.545085,228.545085,1,6,4,drilling
166931-4-4-3.wav,225.045085,229.045085,1,6,4,drilling
166942-0-0-0.wav,0.0,4.0,1,4,0,air_conditioner
166942-0-0-1.wav,0.5,4.5,1,4,0,air_conditioner
166942-0-0-10.wav,5.0,9.0,1,4,0,air_conditioner
166942-0-0-11.wav,5.5,9.5,1,4,0,air_conditioner
166942-0-0-12.wav,6.0,10.0,1,4,0,air_conditioner
166942-0-0-13.wav,6.5,10.5,1,4,0,air_conditioner
166942-0-0-14.wav,7.0,11.0,1,4,0,air_conditioner
166942-0-0-15.wav,7.5,11.5,1,4,0,air_conditioner
166942-0-0-2.wav,1.0,5.0,1,4,0,air_conditioner
166942-0-0-3.wav,1.5,5.5,1,4,0,air_conditioner
166942-0-0-4.wav,2.0,6.0,1,4,0,air_conditioner
166942-0-0-5.wav,2.5,6.5,1,4,0,air_conditioner
166942-0-0-6.wav,3.0,7.0,1,4,0,air_conditioner
166942-0-0-7.wav,3.5,7.5,1,4,0,air_conditioner
166942-0-0-8.wav,4.0,8.0,1,4,0,air_conditioner
166942-0-0-9.wav,4.5,8.5,1,4,0,air_conditioner
167701-4-0-0.wav,4.104292,5.435414,1,6,4,drilling
167701-4-1-0.wav,5.657268,6.766536,1,6,4,drilling
167701-4-10-0.wav,55.500387,57.127314,1,6,4,drilling
167701-4-11-0.wav,57.82985,60.196289,1,6,4,drilling
167701-4-12-0.wav,61.19463,63.671996,1,6,4,drilling
167701-4-2-0.wav,7.247219,8.393463,1,6,4,drilling
167701-4-3-0.wav,8.541365,9.798536,1,6,4,drilling
167701-4-4-0.wav,10.390146,14.390146,1,6,4,drilling
167701-4-5-0.wav,16.195316,17.526438,1,6,4,drilling
167701-4-6-0.wav,18.635706,22.635706,1,6,4,drilling
167701-4-6-1.wav,19.135706,23.135706,1,6,4,drilling
167701-4-6-2.wav,19.635706,23.635706,1,6,4,drilling
167701-4-6-3.wav,20.135706,24.135706,1,6,4,drilling
167701-4-6-4.wav,20.635706,24.635706,1,6,4,drilling
167701-4-7-0.wav,34.831022,36.864681,1,6,4,drilling
167701-4-9-0.wav,42.263119,46.263119,1,6,4,drilling
167701-4-9-1.wav,42.763119,46.763119,1,6,4,drilling
167702-4-0-0.wav,1.195058,5.195058,1,8,4,drilling
167702-4-1-0.wav,13.761272,16.730809,1,8,4,drilling
167702-4-2-0.wav,17.67237,20.678121,1,8,4,drilling
167702-4-3-0.wav,21.257543,25.257543,1,8,4,drilling
167702-4-4-0.wav,28.065751,30.492081,1,8,4,drilling
167702-4-5-0.wav,30.492081,32.628699,1,8,4,drilling
167702-4-6-0.wav,32.628699,35.670665,1,8,4,drilling
167702-4-7-0.wav,47.548815,51.548815,1,8,4,drilling
167702-4-7-1.wav,48.048815,52.048815,1,8,4,drilling
167702-4-8-0.wav,53.922456,57.922456,1,8,4,drilling
167702-4-9-0.wav,60.115029,63.048352,1,8,4,drilling
168037-4-0-0.wav,1.302542,3.362927,1,8,4,drilling
168037-4-1-0.wav,38.673666,40.236716,1,8,4,drilling
168037-4-10-0.wav,324.143576,325.967135,1,8,4,drilling
168037-4-11-0.wav,341.645008,343.089646,1,8,4,drilling
168037-4-12-0.wav,346.926225,348.678737,1,8,4,drilling
168037-4-13-0.wav,370.158844,373.78228,1,8,4,drilling
168037-4-2-0.wav,109.839841,111.829179,1,8,4,drilling
168037-4-3-0.wav,123.054725,124.949332,1,8,4,drilling
168037-4-4-0.wav,173.664415,175.914261,1,8,4,drilling
168037-4-5-0.wav,189.223875,191.047434,1,8,4,drilling
168037-4-6-0.wav,219.656,221.929528,1,8,4,drilling
168037-4-7-0.wav,223.445214,225.718742,1,8,4,drilling
168037-4-8-0.wav,269.010512,270.54988,1,8,4,drilling
168037-4-9-0.wav,291.911574,293.900912,1,8,4,drilling
16860-9-0-26.wav,14.989099,18.989099,1,8,9,street_music
16860-9-0-28.wav,15.989099,19.989099,1,8,9,street_music
16860-9-0-30.wav,16.989099,20.989099,1,8,9,street_music
16860-9-0-45.wav,24.489099,28.489099,1,8,9,street_music
16860-9-0-50.wav,26.989099,30.989099,1,8,9,street_music
16860-9-0-8.wav,5.989099,9.989099,1,8,9,street_music
168713-9-0-32.wav,16.0,20.0,1,2,9,street_music
168713-9-0-33.wav,16.5,20.5,1,2,9,street_music
168713-9-0-38.wav,19.0,23.0,1,2,9,street_music
168713-9-0-46.wav,23.0,27.0,1,2,9,street_music
168713-9-0-62.wav,31.0,35.0,1,2,9,street_music
168713-9-0-82.wav,41.0,45.0,1,2,9,street_music
168846-5-0-0.wav,0.0,4.0,1,7,5,engine_idling
168846-5-0-1.wav,0.5,4.5,1,7,5,engine_idling
168846-5-0-2.wav,1.0,5.0,1,7,5,engine_idling
168846-5-1-0.wav,67.019979,71.019979,2,7,5,engine_idling
168846-5-1-1.wav,67.519979,71.519979,2,7,5,engine_idling
168846-5-1-10.wav,72.019979,76.019979,2,7,5,engine_idling
168846-5-1-11.wav,72.519979,76.519979,2,7,5,engine_idling
168846-5-1-12.wav,73.019979,77.019979,2,7,5,engine_idling
168846-5-1-13.wav,73.519979,77.519979,2,7,5,engine_idling
168846-5-1-14.wav,74.019979,78.019979,2,7,5,engine_idling
168846-5-1-2.wav,68.019979,72.019979,2,7,5,engine_idling
168846-5-1-3.wav,68.519979,72.519979,2,7,5,engine_idling
168846-5-1-4.wav,69.019979,73.019979,2,7,5,engine_idling
168846-5-1-5.wav,69.519979,73.519979,2,7,5,engine_idling
168846-5-1-6.wav,70.019979,74.019979,2,7,5,engine_idling
168846-5-1-7.wav,70.519979,74.519979,2,7,5,engine_idling
168846-5-1-8.wav,71.019979,75.019979,2,7,5,engine_idling
168846-5-1-9.wav,71.519979,75.519979,2,7,5,engine_idling
169043-2-0-10.wav,5.0,9.0,1,8,2,children_playing
169043-2-0-13.wav,6.5,10.5,1,8,2,children_playing
169043-2-0-15.wav,7.5,11.5,1,8,2,children_playing
169043-2-0-21.wav,10.5,14.5,1,8,2,children_playing
169043-2-0-24.wav,12.0,16.0,1,8,2,children_playing
169043-2-0-28.wav,14.0,18.0,1,8,2,children_playing
169043-2-0-3.wav,1.5,5.5,1,8,2,children_playing
169044-2-0-10.wav,5.0,9.0,1,3,2,children_playing
169044-2-0-13.wav,6.5,10.5,1,3,2,children_playing
169044-2-0-18.wav,9.0,13.0,1,3,2,children_playing
169044-2-0-21.wav,10.5,14.5,1,3,2,children_playing
169044-2-0-25.wav,12.5,16.5,1,3,2,children_playing
169044-2-0-3.wav,1.5,5.5,1,3,2,children_playing
169044-2-0-5.wav,2.5,6.5,1,3,2,children_playing
169045-2-0-0.wav,0.0,4.0,1,6,2,children_playing
169045-2-0-1.wav,0.5,4.5,1,6,2,children_playing
169045-2-0-14.wav,7.0,11.0,1,6,2,children_playing
169045-2-0-16.wav,8.0,12.0,1,6,2,children_playing
169045-2-0-20.wav,10.0,14.0,1,6,2,children_playing
169045-2-0-3.wav,1.5,5.5,1,6,2,children_playing
169045-2-0-8.wav,4.0,8.0,1,6,2,children_playing
169098-7-0-0.wav,0.955909,4.955909,2,2,7,jackhammer
169098-7-0-1.wav,1.455909,5.455909,2,2,7,jackhammer
169098-7-0-2.wav,1.955909,5.955909,2,2,7,jackhammer
169098-7-0-3.wav,2.455909,6.455909,2,2,7,jackhammer
169098-7-0-4.wav,2.955909,6.955909,2,2,7,jackhammer
169098-7-0-5.wav,3.455909,7.455909,2,2,7,jackhammer
169098-7-0-6.wav,3.955909,7.955909,2,2,7,jackhammer
169098-7-0-7.wav,4.455909,8.455909,2,2,7,jackhammer
169098-7-0-8.wav,4.955909,8.955909,2,2,7,jackhammer
169098-7-0-9.wav,5.455909,9.455909,2,2,7,jackhammer
169098-7-1-0.wav,32.848496,36.848496,2,2,7,jackhammer
169098-7-2-0.wav,41.017169,45.017169,2,2,7,jackhammer
169098-7-3-0.wav,50.054851,54.054851,2,2,7,jackhammer
169098-7-3-1.wav,50.554851,54.554851,2,2,7,jackhammer
169098-7-4-0.wav,83.511652,87.511652,2,2,7,jackhammer
169098-7-4-1.wav,84.011652,88.011652,2,2,7,jackhammer
169098-7-4-10.wav,88.511652,92.511652,2,2,7,jackhammer
169098-7-4-11.wav,89.011652,93.011652,2,2,7,jackhammer
169098-7-4-2.wav,84.511652,88.511652,2,2,7,jackhammer
169098-7-4-3.wav,85.011652,89.011652,2,2,7,jackhammer
169098-7-4-4.wav,85.511652,89.511652,2,2,7,jackhammer
169098-7-4-5.wav,86.011652,90.011652,2,2,7,jackhammer
169098-7-4-6.wav,86.511652,90.511652,2,2,7,jackhammer
169098-7-4-7.wav,87.011652,91.011652,2,2,7,jackhammer
169098-7-4-8.wav,87.511652,91.511652,2,2,7,jackhammer
169098-7-4-9.wav,88.011652,92.011652,2,2,7,jackhammer
169466-4-0-12.wav,6.0,10.0,2,4,4,drilling
169466-4-0-7.wav,3.5,7.5,2,4,4,drilling
169466-4-0-8.wav,4.0,8.0,2,4,4,drilling
169466-4-1-3.wav,64.459037,68.459037,2,4,4,drilling
169466-4-1-5.wav,65.459037,69.459037,2,4,4,drilling
169466-4-1-8.wav,66.959037,70.959037,2,4,4,drilling
169466-4-2-17.wav,165.640268,169.640268,2,4,4,drilling
169466-4-2-18.wav,166.140268,170.140268,2,4,4,drilling
169466-4-2-2.wav,158.140268,162.140268,2,4,4,drilling
169466-4-2-21.wav,167.640268,171.640268,2,4,4,drilling
169466-4-2-4.wav,159.140268,163.140268,2,4,4,drilling
169466-4-2-6.wav,160.140268,164.140268,2,4,4,drilling
169466-4-2-8.wav,161.140268,165.140268,2,4,4,drilling
169466-4-3-1.wav,203.787355,207.787355,2,4,4,drilling
169466-4-3-10.wav,208.287355,212.287355,2,4,4,drilling
169466-4-3-12.wav,209.287355,213.287355,2,4,4,drilling
169466-4-3-14.wav,210.287355,214.287355,2,4,4,drilling
169466-4-3-3.wav,204.787355,208.787355,2,4,4,drilling
169466-4-3-7.wav,206.787355,210.787355,2,4,4,drilling
169466-4-3-8.wav,207.287355,211.287355,2,4,4,drilling
169466-4-3-9.wav,207.787355,211.787355,2,4,4,drilling
170015-3-0-0.wav,1.193864,1.790795,1,3,3,dog_bark
170022-0-0-0.wav,9.04285,13.04285,1,8,0,air_conditioner
170022-0-0-1.wav,9.54285,13.54285,1,8,0,air_conditioner
17009-2-0-0.wav,0.0,4.0,1,8,2,children_playing
17009-2-0-1.wav,0.5,4.5,1,8,2,children_playing
17009-2-0-10.wav,5.0,9.0,1,8,2,children_playing
17009-2-0-3.wav,1.5,5.5,1,8,2,children_playing
17009-2-0-4.wav,2.0,6.0,1,8,2,children_playing
17009-2-0-6.wav,3.0,7.0,1,8,2,children_playing
17009-2-0-9.wav,4.5,8.5,1,8,2,children_playing
170243-1-0-0.wav,0.082809,0.186917,1,7,1,car_horn
170245-0-0-0.wav,0.0,2.389546,1,5,0,air_conditioner
170564-2-0-0.wav,11.763036,15.763036,2,4,2,children_playing
170564-2-0-3.wav,13.263036,17.263036,2,4,2,children_playing
170564-2-1-22.wav,55.235644,59.235644,2,4,2,children_playing
170564-2-1-27.wav,57.735644,61.735644,2,4,2,children_playing
170564-2-1-31.wav,59.735644,63.735644,2,4,2,children_playing
170564-2-1-32.wav,60.235644,64.23564400000001,2,4,2,children_playing
170564-2-1-34.wav,61.235644,65.23564400000001,2,4,2,children_playing
170564-2-1-9.wav,48.735644,52.735644,2,4,2,children_playing
171165-9-0-103.wav,51.5,55.5,1,7,9,street_music
171165-9-0-15.wav,7.5,11.5,1,7,9,street_music
171165-9-0-19.wav,9.5,13.5,1,7,9,street_music
171165-9-0-54.wav,27.0,31.0,1,7,9,street_music
171165-9-0-70.wav,35.0,39.0,1,7,9,street_music
171165-9-0-84.wav,42.0,46.0,1,7,9,street_music
171184-9-0-17.wav,8.5,12.5,2,7,9,street_music
171184-9-0-18.wav,9.0,13.0,2,7,9,street_music
171184-9-0-19.wav,9.5,13.5,2,7,9,street_music
171184-9-0-23.wav,11.5,15.5,2,7,9,street_music
171184-9-0-6.wav,3.0,7.0,2,7,9,street_music
171184-9-0-7.wav,3.5,7.5,2,7,9,street_music
171243-9-0-11.wav,5.5,9.5,2,8,9,street_music
171243-9-0-123.wav,61.5,65.5,2,8,9,street_music
171243-9-0-31.wav,15.5,19.5,2,8,9,street_music
171243-9-0-49.wav,24.5,28.5,2,8,9,street_music
171243-9-0-81.wav,40.5,44.5,2,8,9,street_music
171243-9-0-85.wav,42.5,46.5,2,8,9,street_music
171243-9-0-91.wav,45.5,49.5,2,8,9,street_music
171249-1-0-0.wav,6.670459,7.433059,2,4,1,car_horn
171249-1-1-0.wav,11.144995,11.723836,2,4,1,car_horn
171249-1-2-0.wav,13.294977,13.59818,2,4,1,car_horn
171305-7-0-0.wav,0.579476,3.283696,1,4,7,jackhammer
171305-7-1-0.wav,4.346069,6.567393,1,4,7,jackhammer
171305-7-10-0.wav,51.380189,52.7323,1,4,7,jackhammer
171305-7-11-0.wav,54.374148,55.339941,1,4,7,jackhammer
171305-7-12-0.wav,56.498892,59.879168,1,4,7,jackhammer
171305-7-13-0.wav,60.94154,62.197071,1,4,7,jackhammer
171305-7-14-0.wav,62.969706,63.935499,1,4,7,jackhammer
171305-7-15-0.wav,64.708133,67.508933,1,4,7,jackhammer
171305-7-16-0.wav,71.661843,72.724215,1,4,7,jackhammer
171305-7-17-0.wav,74.366063,75.525015,1,4,7,jackhammer
171305-7-18-0.wav,76.683967,79.774504,1,4,7,jackhammer
171305-7-19-0.wav,81.030035,82.575304,1,4,7,jackhammer
171305-7-2-0.wav,12.941627,16.941627,1,4,7,jackhammer
171305-7-20-0.wav,83.347939,84.217152,1,4,7,jackhammer
171305-7-21-0.wav,84.796628,85.472683,1,4,7,jackhammer
171305-7-22-0.wav,86.728214,90.301648,1,4,7,jackhammer
171305-7-23-0.wav,91.4606,93.005869,1,4,7,jackhammer
171305-7-24-0.wav,93.778503,97.778503,1,4,7,jackhammer
171305-7-25-0.wav,99.186944,101.504848,1,4,7,jackhammer
171305-7-26-0.wav,103.146696,105.657758,1,4,7,jackhammer
171305-7-27-0.wav,106.72013,109.327771,1,4,7,jackhammer
171305-7-28-0.wav,112.32173,114.543054,1,4,7,jackhammer
171305-7-29-0.wav,118.116488,120.53097,1,4,7,jackhammer
171305-7-3-0.wav,19.509019,20.571392,1,4,7,jackhammer
171305-7-4-0.wav,21.730343,23.372191,1,4,7,jackhammer
171305-7-5-0.wav,24.820881,28.684053,1,4,7,jackhammer
171305-7-6-0.wav,31.678011,32.257487,1,4,7,jackhammer
171305-7-7-0.wav,34.092494,38.092494,1,4,7,jackhammer
171305-7-8-0.wav,40.273569,44.273569,1,4,7,jackhammer
171305-7-8-1.wav,40.773569,44.773569,1,4,7,jackhammer
171305-7-9-0.wav,49.352024,50.607555,1,4,7,jackhammer
171388-9-0-202.wav,101.0,105.0,2,5,9,street_music
171388-9-0-225.wav,112.5,116.5,2,5,9,street_music
171388-9-0-246.wav,123.0,127.0,2,5,9,street_music
171388-9-0-253.wav,126.5,130.5,2,5,9,street_music
171388-9-0-43.wav,21.5,25.5,2,5,9,street_music
171388-9-0-88.wav,44.0,48.0,2,5,9,street_music
171464-3-0-0.wav,0.719177,2.434138,1,8,3,dog_bark
171464-3-1-0.wav,3.961007,7.961007,1,8,3,dog_bark
171464-3-2-0.wav,11.705992,13.111154,1,8,3,dog_bark
172314-9-0-22.wav,11.0,15.0,2,1,9,street_music
172314-9-0-40.wav,20.0,24.0,2,1,9,street_music
172314-9-0-51.wav,25.5,29.5,2,1,9,street_music
172314-9-0-52.wav,26.0,30.0,2,1,9,street_music
172314-9-0-72.wav,36.0,40.0,2,1,9,street_music
172314-9-0-80.wav,40.0,44.0,2,1,9,street_music
172315-9-0-105.wav,52.5,56.5,2,3,9,street_music
172315-9-0-113.wav,56.5,60.5,2,3,9,street_music
172315-9-0-203.wav,101.5,105.5,2,3,9,street_music
172315-9-0-211.wav,105.5,109.5,2,3,9,street_music
172315-9-0-212.wav,106.0,110.0,2,3,9,street_music
172315-9-0-224.wav,112.0,116.0,2,3,9,street_music
172338-9-0-1.wav,88.76048,92.76048,1,4,9,street_music
172338-9-0-20.wav,98.26048,102.26048,1,4,9,street_music
172338-9-0-21.wav,98.76048,102.76048,1,4,9,street_music
172338-9-0-39.wav,107.76048,111.76048,1,4,9,street_music
172338-9-0-6.wav,91.26048,95.26048,1,4,9,street_music
172338-9-0-7.wav,91.76048,95.76048,1,4,9,street_music
172460-9-0-100.wav,50.0,54.0,1,5,9,street_music
172460-9-0-101.wav,50.5,54.5,1,5,9,street_music
172460-9-0-24.wav,12.0,16.0,1,5,9,street_music
172460-9-0-31.wav,15.5,19.5,1,5,9,street_music
172460-9-0-91.wav,45.5,49.5,1,5,9,street_music
172460-9-0-94.wav,47.0,51.0,1,5,9,street_music
172593-2-0-10.wav,5.0,9.0,1,2,2,children_playing
172593-2-0-13.wav,6.5,10.5,1,2,2,children_playing
172593-2-0-14.wav,7.0,11.0,1,2,2,children_playing
172593-2-0-18.wav,9.0,13.0,1,2,2,children_playing
172593-2-0-22.wav,11.0,15.0,1,2,2,children_playing
172593-2-0-27.wav,13.5,17.5,1,2,2,children_playing
172593-2-0-28.wav,14.0,18.0,1,2,2,children_playing
172593-2-0-29.wav,14.5,18.5,1,2,2,children_playing
17307-1-0-0.wav,11.275117,11.336696,2,2,1,car_horn
173891-9-0-1.wav,0.5,4.5,1,7,9,street_music
173891-9-0-10.wav,5.0,9.0,1,7,9,street_music
173891-9-0-11.wav,5.5,9.5,1,7,9,street_music
173891-9-0-17.wav,8.5,12.5,1,7,9,street_music
173891-9-0-2.wav,1.0,5.0,1,7,9,street_music
173891-9-0-7.wav,3.5,7.5,1,7,9,street_music
173993-3-0-25.wav,12.5,16.5,1,5,3,dog_bark
173993-3-0-39.wav,19.5,23.5,1,5,3,dog_bark
173993-3-0-51.wav,25.5,29.5,1,5,3,dog_bark
173993-3-0-52.wav,26.0,30.0,1,5,3,dog_bark
173994-3-0-14.wav,7.0,11.0,1,4,3,dog_bark
173994-3-0-3.wav,1.5,5.5,1,4,3,dog_bark
173994-3-0-44.wav,22.0,26.0,1,4,3,dog_bark
173994-3-0-45.wav,22.5,26.5,1,4,3,dog_bark
173995-3-0-0.wav,0.0,4.0,1,2,3,dog_bark
173995-3-0-11.wav,5.5,9.5,1,2,3,dog_bark
173995-3-0-27.wav,13.5,17.5,1,2,3,dog_bark
173995-3-0-3.wav,1.5,5.5,1,2,3,dog_bark
174026-3-1-0.wav,9.219766,13.219766,2,4,3,dog_bark
174026-3-1-1.wav,9.719766,13.719766,2,4,3,dog_bark
174026-3-1-5.wav,11.719766,15.719766,2,4,3,dog_bark
174026-3-2-2.wav,34.71608,38.71608,2,4,3,dog_bark
174032-2-0-1.wav,0.5,4.5,1,4,2,children_playing
174032-2-0-11.wav,5.5,9.5,1,4,2,children_playing
174032-2-0-17.wav,8.5,12.5,1,4,2,children_playing
174032-2-0-18.wav,9.0,13.0,1,4,2,children_playing
174032-2-0-22.wav,11.0,15.0,1,4,2,children_playing
174032-2-0-26.wav,13.0,17.0,1,4,2,children_playing
174032-2-0-4.wav,2.0,6.0,1,4,2,children_playing
174276-7-0-0.wav,0.273606,2.633453,1,1,7,jackhammer
174276-7-1-0.wav,4.651294,7.113743,1,1,7,jackhammer
174276-7-2-0.wav,8.139764,12.139764,1,1,7,jackhammer
174276-7-3-0.wav,14.603694,18.603694,1,1,7,jackhammer
174276-7-4-0.wav,20.007403,24.007403,1,1,7,jackhammer
174276-7-5-0.wav,27.052745,29.925603,1,1,7,jackhammer
174276-7-6-0.wav,31.464634,34.508495,1,1,7,jackhammer
174284-6-0-0.wav,0.0,2.549372,1,7,6,gun_shot
174284-6-1-0.wav,2.549372,5.175802,1,7,6,gun_shot
174284-6-2-0.wav,5.175802,8.181107,1,7,6,gun_shot
174285-6-0-0.wav,0.0,2.558383,1,8,6,gun_shot
174285-6-1-0.wav,2.558383,5.192354,1,8,6,gun_shot
174285-6-2-0.wav,5.192354,8.913638,1,8,6,gun_shot
174290-6-0-0.wav,0.273102,2.366884,1,1,6,gun_shot
174290-6-1-0.wav,5.355833,7.889612,1,1,6,gun_shot
174290-6-2-0.wav,9.968221,12.289587,1,1,6,gun_shot
174290-6-3-0.wav,14.959918,17.372318,1,1,6,gun_shot
174293-6-0-0.wav,0.109464,2.572406,1,2,6,gun_shot
174293-6-1-0.wav,4.387686,6.713798,1,2,6,gun_shot
174293-6-2-0.wav,10.234894,12.606616,1,2,6,gun_shot
174294-6-0-0.wav,0.0,2.535721,1,1,6,gun_shot
174294-6-1-0.wav,4.167707,7.343939,1,1,6,gun_shot
174294-6-2-0.wav,10.046368,13.126084,1,1,6,gun_shot
17480-2-0-11.wav,5.5,9.5,2,4,2,children_playing
17480-2-0-24.wav,12.0,16.0,2,4,2,children_playing
17480-2-0-25.wav,12.5,16.5,2,4,2,children_playing
17480-2-0-30.wav,15.0,19.0,2,4,2,children_playing
17480-2-0-35.wav,17.5,21.5,2,4,2,children_playing
17480-2-0-5.wav,2.5,6.5,2,4,2,children_playing
17480-2-0-6.wav,3.0,7.0,2,4,2,children_playing
17480-2-0-9.wav,4.5,8.5,2,4,2,children_playing
174840-1-0-0.wav,0.89259,3.875029,1,3,1,car_horn
174841-1-0-0.wav,1.05814,2.870053,1,4,1,car_horn
174873-3-5-1.wav,241.801632,245.801632,1,8,3,dog_bark
174873-3-5-10.wav,246.301632,250.301632,1,8,3,dog_bark
174873-3-5-12.wav,247.301632,251.301632,1,8,3,dog_bark
174873-3-5-13.wav,247.801632,251.801632,1,8,3,dog_bark
174906-2-0-10.wav,5.0,9.0,2,2,2,children_playing
174906-2-0-11.wav,5.5,9.5,2,2,2,children_playing
174906-2-0-14.wav,7.0,11.0,2,2,2,children_playing
174906-2-0-18.wav,9.0,13.0,2,2,2,children_playing
174906-2-0-20.wav,10.0,14.0,2,2,2,children_playing
174906-2-0-21.wav,10.5,14.5,2,2,2,children_playing
174906-2-0-6.wav,3.0,7.0,2,2,2,children_playing
174906-2-0-8.wav,4.0,8.0,2,2,2,children_playing
174994-3-0-0.wav,27.743475,31.743475,1,2,3,dog_bark
174994-3-0-1.wav,28.243475,32.243475000000004,1,2,3,dog_bark
174994-3-0-2.wav,28.743475,32.743475000000004,1,2,3,dog_bark
174994-3-0-4.wav,29.743475,33.743475000000004,1,2,3,dog_bark
175296-2-0-123.wav,61.5,65.5,1,7,2,children_playing
175296-2-0-128.wav,64.0,68.0,1,7,2,children_playing
175296-2-0-140.wav,70.0,74.0,1,7,2,children_playing
175296-2-0-212.wav,106.0,110.0,1,7,2,children_playing
175296-2-0-3.wav,1.5,5.5,1,7,2,children_playing
175296-2-0-54.wav,27.0,31.0,1,7,2,children_playing
175296-2-0-76.wav,38.0,42.0,1,7,2,children_playing
175296-2-0-86.wav,43.0,47.0,1,7,2,children_playing
17578-5-0-0.wav,0.0,4.0,1,5,5,engine_idling
17578-5-0-1.wav,0.5,4.5,1,5,5,engine_idling
17578-5-0-10.wav,5.0,9.0,1,5,5,engine_idling
17578-5-0-11.wav,5.5,9.5,1,5,5,engine_idling
17578-5-0-12.wav,6.0,10.0,1,5,5,engine_idling
17578-5-0-14.wav,7.0,11.0,1,5,5,engine_idling
17578-5-0-15.wav,7.5,11.5,1,5,5,engine_idling
17578-5-0-16.wav,8.0,12.0,1,5,5,engine_idling
17578-5-0-18.wav,9.0,13.0,1,5,5,engine_idling
17578-5-0-2.wav,1.0,5.0,1,5,5,engine_idling
17578-5-0-21.wav,10.5,14.5,1,5,5,engine_idling
17578-5-0-22.wav,11.0,15.0,1,5,5,engine_idling
17578-5-0-23.wav,11.5,15.5,1,5,5,engine_idling
17578-5-0-24.wav,12.0,16.0,1,5,5,engine_idling
17578-5-0-25.wav,12.5,16.5,1,5,5,engine_idling
17578-5-0-26.wav,13.0,17.0,1,5,5,engine_idling
17578-5-0-27.wav,13.5,17.5,1,5,5,engine_idling
17578-5-0-28.wav,14.0,18.0,1,5,5,engine_idling
17578-5-0-29.wav,14.5,18.5,1,5,5,engine_idling
17578-5-0-3.wav,1.5,5.5,1,5,5,engine_idling
17578-5-0-30.wav,15.0,19.0,1,5,5,engine_idling
17578-5-0-31.wav,15.5,19.5,1,5,5,engine_idling
17578-5-0-32.wav,16.0,20.0,1,5,5,engine_idling
17578-5-0-33.wav,16.5,20.5,1,5,5,engine_idling
17578-5-0-34.wav,17.0,21.0,1,5,5,engine_idling
17578-5-0-35.wav,17.5,21.5,1,5,5,engine_idling
17578-5-0-4.wav,2.0,6.0,1,5,5,engine_idling
17578-5-0-5.wav,2.5,6.5,1,5,5,engine_idling
17578-5-0-6.wav,3.0,7.0,1,5,5,engine_idling
17578-5-0-7.wav,3.5,7.5,1,5,5,engine_idling
17578-5-0-8.wav,4.0,8.0,1,5,5,engine_idling
17578-5-0-9.wav,4.5,8.5,1,5,5,engine_idling
175844-1-0-0.wav,0.400001,1.293813,1,2,1,car_horn
175845-1-0-0.wav,1.667248,2.405537,1,1,1,car_horn
175846-1-0-0.wav,0.143475,1.635387,1,4,1,car_horn
175847-1-0-0.wav,0.065415,0.881925,1,3,1,car_horn
175848-1-0-0.wav,0.094818,0.632591,1,6,1,car_horn
175849-1-0-0.wav,0.035708,0.554668,1,5,1,car_horn
175851-1-0-0.wav,0.348692,1.791682,1,1,1,car_horn
175852-1-0-0.wav,0.099252,1.234139,1,8,1,car_horn
175854-1-0-0.wav,0.060186,0.751776,1,3,1,car_horn
175855-1-0-0.wav,0.165309,0.712897,1,4,1,car_horn
175856-1-0-0.wav,0.287145,0.555461,1,8,1,car_horn
175856-1-1-0.wav,0.932044,1.230957,1,8,1,car_horn
175856-1-2-0.wav,3.031496,4.156539,1,8,1,car_horn
175904-2-0-11.wav,5.5,9.5,1,4,2,children_playing
175904-2-0-12.wav,6.0,10.0,1,4,2,children_playing
175904-2-0-124.wav,62.0,66.0,1,4,2,children_playing
175904-2-0-24.wav,12.0,16.0,1,4,2,children_playing
175904-2-0-41.wav,20.5,24.5,1,4,2,children_playing
175904-2-0-64.wav,32.0,36.0,1,4,2,children_playing
175904-2-0-76.wav,38.0,42.0,1,4,2,children_playing
175904-2-0-98.wav,49.0,53.0,1,4,2,children_playing
175917-3-0-3.wav,1.5,5.5,2,6,3,dog_bark
175917-3-1-1.wav,86.429353,90.429353,2,6,3,dog_bark
175917-3-2-2.wav,114.576188,118.576188,2,6,3,dog_bark
175917-3-4-1.wav,199.258329,203.258329,2,6,3,dog_bark
17592-5-0-0.wav,2.005174,6.005174,1,1,5,engine_idling
17592-5-1-0.wav,8.921326,12.921326,1,1,5,engine_idling
17592-5-1-1.wav,9.421326,13.421326,1,1,5,engine_idling
17592-5-1-2.wav,9.921326,13.921326,1,1,5,engine_idling
17592-5-1-3.wav,10.421326,14.421326,1,1,5,engine_idling
176003-1-0-0.wav,0.031344,1.1523,1,4,1,car_horn
17615-3-0-0.wav,35.115512,39.115512,2,3,3,dog_bark
17615-3-0-3.wav,36.615512,40.615512,2,3,3,dog_bark
17615-3-0-4.wav,37.115512,41.115512,2,3,3,dog_bark
17615-3-0-6.wav,38.115512,42.115512,2,3,3,dog_bark
176257-3-0-0.wav,45.814379,49.814379,1,1,3,dog_bark
176258-3-1-12.wav,75.897629,79.897629,1,1,3,dog_bark
176258-3-1-13.wav,76.397629,80.397629,1,1,3,dog_bark
176258-3-1-18.wav,78.897629,82.897629,1,1,3,dog_bark
176258-3-1-2.wav,70.897629,74.897629,1,1,3,dog_bark
176631-1-0-0.wav,28.32413,30.302215,2,3,1,car_horn
176634-1-0-0.wav,2.441912,2.70793,1,2,1,car_horn
176638-1-0-0.wav,4.51208,5.061169,1,1,1,car_horn
176638-1-1-0.wav,6.724352,7.520133,1,1,1,car_horn
176638-5-0-0.wav,0.0,4.0,1,4,5,engine_idling
176638-5-0-1.wav,0.5,4.5,1,4,5,engine_idling
176638-5-0-2.wav,1.0,5.0,1,4,5,engine_idling
176714-2-0-18.wav,9.0,13.0,1,1,2,children_playing
176714-2-0-23.wav,11.5,15.5,1,1,2,children_playing
176714-2-0-26.wav,13.0,17.0,1,1,2,children_playing
176714-2-0-33.wav,16.5,20.5,1,1,2,children_playing
176714-2-0-40.wav,20.0,24.0,1,1,2,children_playing
176714-2-0-51.wav,25.5,29.5,1,1,2,children_playing
176714-2-0-55.wav,27.5,31.5,1,1,2,children_playing
176714-2-0-77.wav,38.5,42.5,1,1,2,children_playing
176783-3-0-11.wav,5.5,9.5,1,3,3,dog_bark
176783-3-0-3.wav,1.5,5.5,1,3,3,dog_bark
176783-3-0-5.wav,2.5,6.5,1,3,3,dog_bark
176783-3-1-0.wav,53.119866,57.119866,1,3,3,dog_bark
176787-5-0-0.wav,0.0,4.0,1,1,5,engine_idling
176787-5-0-1.wav,0.5,4.5,1,1,5,engine_idling
176787-5-0-10.wav,5.0,9.0,1,1,5,engine_idling
176787-5-0-11.wav,5.5,9.5,1,1,5,engine_idling
176787-5-0-12.wav,6.0,10.0,1,1,5,engine_idling
176787-5-0-13.wav,6.5,10.5,1,1,5,engine_idling
176787-5-0-14.wav,7.0,11.0,1,1,5,engine_idling
176787-5-0-15.wav,7.5,11.5,1,1,5,engine_idling
176787-5-0-16.wav,8.0,12.0,1,1,5,engine_idling
176787-5-0-17.wav,8.5,12.5,1,1,5,engine_idling
176787-5-0-18.wav,9.0,13.0,1,1,5,engine_idling
176787-5-0-19.wav,9.5,13.5,1,1,5,engine_idling
176787-5-0-2.wav,1.0,5.0,1,1,5,engine_idling
176787-5-0-20.wav,10.0,14.0,1,1,5,engine_idling
176787-5-0-21.wav,10.5,14.5,1,1,5,engine_idling
176787-5-0-22.wav,11.0,15.0,1,1,5,engine_idling
176787-5-0-23.wav,11.5,15.5,1,1,5,engine_idling
176787-5-0-24.wav,12.0,16.0,1,1,5,engine_idling
176787-5-0-25.wav,12.5,16.5,1,1,5,engine_idling
176787-5-0-26.wav,13.0,17.0,1,1,5,engine_idling
176787-5-0-27.wav,13.5,17.5,1,1,5,engine_idling
176787-5-0-28.wav,14.0,18.0,1,1,5,engine_idling
176787-5-0-29.wav,14.5,18.5,1,1,5,engine_idling
176787-5-0-3.wav,1.5,5.5,1,1,5,engine_idling
176787-5-0-30.wav,15.0,19.0,1,1,5,engine_idling
176787-5-0-4.wav,2.0,6.0,1,1,5,engine_idling
176787-5-0-5.wav,2.5,6.5,1,1,5,engine_idling
176787-5-0-6.wav,3.0,7.0,1,1,5,engine_idling
176787-5-0-7.wav,3.5,7.5,1,1,5,engine_idling
176787-5-0-8.wav,4.0,8.0,1,1,5,engine_idling
176787-5-0-9.wav,4.5,8.5,1,1,5,engine_idling
177537-7-0-0.wav,0.0,4.0,2,7,7,jackhammer
177537-7-0-1.wav,0.5,4.5,2,7,7,jackhammer
177537-7-0-10.wav,5.0,9.0,2,7,7,jackhammer
177537-7-0-11.wav,5.5,9.5,2,7,7,jackhammer
177537-7-0-12.wav,6.0,10.0,2,7,7,jackhammer
177537-7-0-13.wav,6.5,10.5,2,7,7,jackhammer
177537-7-0-14.wav,7.0,11.0,2,7,7,jackhammer
177537-7-0-15.wav,7.5,11.5,2,7,7,jackhammer
177537-7-0-16.wav,8.0,12.0,2,7,7,jackhammer
177537-7-0-17.wav,8.5,12.5,2,7,7,jackhammer
177537-7-0-18.wav,9.0,13.0,2,7,7,jackhammer
177537-7-0-19.wav,9.5,13.5,2,7,7,jackhammer
177537-7-0-2.wav,1.0,5.0,2,7,7,jackhammer
177537-7-0-20.wav,10.0,14.0,2,7,7,jackhammer
177537-7-0-21.wav,10.5,14.5,2,7,7,jackhammer
177537-7-0-22.wav,11.0,15.0,2,7,7,jackhammer
177537-7-0-23.wav,11.5,15.5,2,7,7,jackhammer
177537-7-0-24.wav,12.0,16.0,2,7,7,jackhammer
177537-7-0-25.wav,12.5,16.5,2,7,7,jackhammer
177537-7-0-26.wav,13.0,17.0,2,7,7,jackhammer
177537-7-0-27.wav,13.5,17.5,2,7,7,jackhammer
177537-7-0-28.wav,14.0,18.0,2,7,7,jackhammer
177537-7-0-29.wav,14.5,18.5,2,7,7,jackhammer
177537-7-0-3.wav,1.5,5.5,2,7,7,jackhammer
177537-7-0-30.wav,15.0,19.0,2,7,7,jackhammer
177537-7-0-31.wav,15.5,19.5,2,7,7,jackhammer
177537-7-0-4.wav,2.0,6.0,2,7,7,jackhammer
177537-7-0-5.wav,2.5,6.5,2,7,7,jackhammer
177537-7-0-6.wav,3.0,7.0,2,7,7,jackhammer
177537-7-0-7.wav,3.5,7.5,2,7,7,jackhammer
177537-7-0-8.wav,4.0,8.0,2,7,7,jackhammer
177537-7-0-9.wav,4.5,8.5,2,7,7,jackhammer
177537-7-1-0.wav,69.836679,73.836679,2,7,7,jackhammer
177537-7-1-1.wav,70.336679,74.336679,2,7,7,jackhammer
177537-7-1-10.wav,74.836679,78.836679,2,7,7,jackhammer
177537-7-1-2.wav,70.836679,74.836679,2,7,7,jackhammer
177537-7-1-3.wav,71.336679,75.336679,2,7,7,jackhammer
177537-7-1-4.wav,71.836679,75.836679,2,7,7,jackhammer
177537-7-1-5.wav,72.336679,76.336679,2,7,7,jackhammer
177537-7-1-6.wav,72.836679,76.836679,2,7,7,jackhammer
177537-7-1-7.wav,73.336679,77.336679,2,7,7,jackhammer
177537-7-1-8.wav,73.836679,77.836679,2,7,7,jackhammer
177537-7-1-9.wav,74.336679,78.336679,2,7,7,jackhammer
177537-7-2-0.wav,96.379472,100.379472,2,7,7,jackhammer
177537-7-2-1.wav,96.879472,100.879472,2,7,7,jackhammer
177592-5-0-0.wav,0.0,4.0,2,2,5,engine_idling
177592-5-0-1.wav,0.5,4.5,2,2,5,engine_idling
177592-5-0-10.wav,5.0,9.0,2,2,5,engine_idling
177592-5-0-2.wav,1.0,5.0,2,2,5,engine_idling
177592-5-0-3.wav,1.5,5.5,2,2,5,engine_idling
177592-5-0-4.wav,2.0,6.0,2,2,5,engine_idling
177592-5-0-5.wav,2.5,6.5,2,2,5,engine_idling
177592-5-0-6.wav,3.0,7.0,2,2,5,engine_idling
177592-5-0-7.wav,3.5,7.5,2,2,5,engine_idling
177592-5-0-8.wav,4.0,8.0,2,2,5,engine_idling
177592-5-0-9.wav,4.5,8.5,2,2,5,engine_idling
177621-0-0-0.wav,0.0,4.0,2,1,0,air_conditioner
177621-0-0-100.wav,50.0,54.0,2,1,0,air_conditioner
177621-0-0-104.wav,52.0,56.0,2,1,0,air_conditioner
177621-0-0-105.wav,52.5,56.5,2,1,0,air_conditioner
177621-0-0-109.wav,54.5,58.5,2,1,0,air_conditioner
177621-0-0-117.wav,58.5,62.5,2,1,0,air_conditioner
177621-0-0-120.wav,60.0,64.0,2,1,0,air_conditioner
177621-0-0-126.wav,63.0,67.0,2,1,0,air_conditioner
177621-0-0-127.wav,63.5,67.5,2,1,0,air_conditioner
177621-0-0-128.wav,64.0,68.0,2,1,0,air_conditioner
177621-0-0-145.wav,72.5,76.5,2,1,0,air_conditioner
177621-0-0-147.wav,73.5,77.5,2,1,0,air_conditioner
177621-0-0-2.wav,1.0,5.0,2,1,0,air_conditioner
177621-0-0-27.wav,13.5,17.5,2,1,0,air_conditioner
177621-0-0-31.wav,15.5,19.5,2,1,0,air_conditioner
177621-0-0-35.wav,17.5,21.5,2,1,0,air_conditioner
177621-0-0-46.wav,23.0,27.0,2,1,0,air_conditioner
177621-0-0-47.wav,23.5,27.5,2,1,0,air_conditioner
177621-0-0-48.wav,24.0,28.0,2,1,0,air_conditioner
177621-0-0-54.wav,27.0,31.0,2,1,0,air_conditioner
177621-0-0-57.wav,28.5,32.5,2,1,0,air_conditioner
177621-0-0-80.wav,40.0,44.0,2,1,0,air_conditioner
177621-0-0-88.wav,44.0,48.0,2,1,0,air_conditioner
177621-0-0-91.wav,45.5,49.5,2,1,0,air_conditioner
177621-0-0-93.wav,46.5,50.5,2,1,0,air_conditioner
177726-0-0-1.wav,0.5,4.5,2,8,0,air_conditioner
177726-0-0-10.wav,5.0,9.0,2,8,0,air_conditioner
177726-0-0-11.wav,5.5,9.5,2,8,0,air_conditioner
177726-0-0-12.wav,6.0,10.0,2,8,0,air_conditioner
177726-0-0-13.wav,6.5,10.5,2,8,0,air_conditioner
177726-0-0-14.wav,7.0,11.0,2,8,0,air_conditioner
177726-0-0-15.wav,7.5,11.5,2,8,0,air_conditioner
177726-0-0-17.wav,8.5,12.5,2,8,0,air_conditioner
177726-0-0-18.wav,9.0,13.0,2,8,0,air_conditioner
177726-0-0-19.wav,9.5,13.5,2,8,0,air_conditioner
177726-0-0-2.wav,1.0,5.0,2,8,0,air_conditioner
177726-0-0-21.wav,10.5,14.5,2,8,0,air_conditioner
177726-0-0-22.wav,11.0,15.0,2,8,0,air_conditioner
177726-0-0-23.wav,11.5,15.5,2,8,0,air_conditioner
177726-0-0-25.wav,12.5,16.5,2,8,0,air_conditioner
177726-0-0-26.wav,13.0,17.0,2,8,0,air_conditioner
177726-0-0-27.wav,13.5,17.5,2,8,0,air_conditioner
177726-0-0-28.wav,14.0,18.0,2,8,0,air_conditioner
177726-0-0-29.wav,14.5,18.5,2,8,0,air_conditioner
177726-0-0-3.wav,1.5,5.5,2,8,0,air_conditioner
177726-0-0-30.wav,15.0,19.0,2,8,0,air_conditioner
177726-0-0-31.wav,15.5,19.5,2,8,0,air_conditioner
177726-0-0-32.wav,16.0,20.0,2,8,0,air_conditioner
177726-0-0-33.wav,16.5,20.5,2,8,0,air_conditioner
177726-0-0-34.wav,17.0,21.0,2,8,0,air_conditioner
177726-0-0-36.wav,18.0,22.0,2,8,0,air_conditioner
177726-0-0-37.wav,18.5,22.5,2,8,0,air_conditioner
177726-0-0-5.wav,2.5,6.5,2,8,0,air_conditioner
177726-0-0-6.wav,3.0,7.0,2,8,0,air_conditioner
177726-0-0-7.wav,3.5,7.5,2,8,0,air_conditioner
177726-0-0-8.wav,4.0,8.0,2,8,0,air_conditioner
177726-0-0-9.wav,4.5,8.5,2,8,0,air_conditioner
177729-0-0-1.wav,0.5,4.5,2,7,0,air_conditioner
177729-0-0-106.wav,53.0,57.0,2,7,0,air_conditioner
177729-0-0-108.wav,54.0,58.0,2,7,0,air_conditioner
177729-0-0-111.wav,55.5,59.5,2,7,0,air_conditioner
177729-0-0-120.wav,60.0,64.0,2,7,0,air_conditioner
177729-0-0-128.wav,64.0,68.0,2,7,0,air_conditioner
177729-0-0-20.wav,10.0,14.0,2,7,0,air_conditioner
177729-0-0-22.wav,11.0,15.0,2,7,0,air_conditioner
177729-0-0-27.wav,13.5,17.5,2,7,0,air_conditioner
177729-0-0-28.wav,14.0,18.0,2,7,0,air_conditioner
177729-0-0-3.wav,1.5,5.5,2,7,0,air_conditioner
177729-0-0-38.wav,19.0,23.0,2,7,0,air_conditioner
177729-0-0-40.wav,20.0,24.0,2,7,0,air_conditioner
177729-0-0-42.wav,21.0,25.0,2,7,0,air_conditioner
177729-0-0-50.wav,25.0,29.0,2,7,0,air_conditioner
177729-0-0-51.wav,25.5,29.5,2,7,0,air_conditioner
177729-0-0-53.wav,26.5,30.5,2,7,0,air_conditioner
177729-0-0-58.wav,29.0,33.0,2,7,0,air_conditioner
177729-0-0-63.wav,31.5,35.5,2,7,0,air_conditioner
177729-0-0-67.wav,33.5,37.5,2,7,0,air_conditioner
177729-0-0-68.wav,34.0,38.0,2,7,0,air_conditioner
177729-0-0-69.wav,34.5,38.5,2,7,0,air_conditioner
177729-0-0-73.wav,36.5,40.5,2,7,0,air_conditioner
177729-0-0-74.wav,37.0,41.0,2,7,0,air_conditioner
177729-0-0-80.wav,40.0,44.0,2,7,0,air_conditioner
177729-0-0-82.wav,41.0,45.0,2,7,0,air_conditioner
177729-0-0-83.wav,41.5,45.5,2,7,0,air_conditioner
177729-0-0-89.wav,44.5,48.5,2,7,0,air_conditioner
177729-0-0-91.wav,45.5,49.5,2,7,0,air_conditioner
177729-0-0-97.wav,48.5,52.5,2,7,0,air_conditioner
177729-0-0-98.wav,49.0,53.0,2,7,0,air_conditioner
177742-0-0-10.wav,5.0,9.0,2,3,0,air_conditioner
177742-0-0-102.wav,51.0,55.0,2,3,0,air_conditioner
177742-0-0-111.wav,55.5,59.5,2,3,0,air_conditioner
177742-0-0-149.wav,74.5,78.5,2,3,0,air_conditioner
177742-0-0-161.wav,80.5,84.5,2,3,0,air_conditioner
177742-0-0-164.wav,82.0,86.0,2,3,0,air_conditioner
177742-0-0-165.wav,82.5,86.5,2,3,0,air_conditioner
177742-0-0-17.wav,8.5,12.5,2,3,0,air_conditioner
177742-0-0-178.wav,89.0,93.0,2,3,0,air_conditioner
177742-0-0-196.wav,98.0,102.0,2,3,0,air_conditioner
177742-0-0-202.wav,101.0,105.0,2,3,0,air_conditioner
177742-0-0-203.wav,101.5,105.5,2,3,0,air_conditioner
177742-0-0-204.wav,102.0,106.0,2,3,0,air_conditioner
177742-0-0-205.wav,102.5,106.5,2,3,0,air_conditioner
177742-0-0-211.wav,105.5,109.5,2,3,0,air_conditioner
177742-0-0-214.wav,107.0,111.0,2,3,0,air_conditioner
177742-0-0-3.wav,1.5,5.5,2,3,0,air_conditioner
177742-0-0-36.wav,18.0,22.0,2,3,0,air_conditioner
177742-0-0-49.wav,24.5,28.5,2,3,0,air_conditioner
177742-0-0-58.wav,29.0,33.0,2,3,0,air_conditioner
177742-0-0-67.wav,33.5,37.5,2,3,0,air_conditioner
177742-0-0-73.wav,36.5,40.5,2,3,0,air_conditioner
177742-0-0-84.wav,42.0,46.0,2,3,0,air_conditioner
177742-0-0-99.wav,49.5,53.5,2,3,0,air_conditioner
177756-2-0-10.wav,5.0,9.0,1,4,2,children_playing
177756-2-0-12.wav,6.0,10.0,1,4,2,children_playing
177756-2-0-16.wav,8.0,12.0,1,4,2,children_playing
177756-2-0-17.wav,8.5,12.5,1,4,2,children_playing
177756-2-0-19.wav,9.5,13.5,1,4,2,children_playing
177756-2-0-4.wav,2.0,6.0,1,4,2,children_playing
177756-2-0-5.wav,2.5,6.5,1,4,2,children_playing
177756-2-0-7.wav,3.5,7.5,1,4,2,children_playing
178099-9-0-0.wav,0.0,4.0,1,5,9,street_music
178099-9-0-1.wav,0.5,4.5,1,5,9,street_music
178099-9-0-10.wav,5.0,9.0,1,5,9,street_music
178099-9-0-12.wav,6.0,10.0,1,5,9,street_music
178099-9-0-6.wav,3.0,7.0,1,5,9,street_music
178099-9-0-7.wav,3.5,7.5,1,5,9,street_music
17810-3-0-0.wav,0.308951,0.689991,1,8,3,dog_bark
17810-3-1-0.wav,2.152361,2.770263,1,8,3,dog_bark
178115-1-0-0.wav,2.807855,3.269359,2,7,1,car_horn
178260-7-0-0.wav,0.0,4.0,1,5,7,jackhammer
178260-7-1-0.wav,5.337693,9.337693,1,5,7,jackhammer
178260-7-1-1.wav,5.837693,9.837693,1,5,7,jackhammer
178260-7-1-10.wav,10.337693,14.337693,1,5,7,jackhammer
178260-7-1-2.wav,6.337693,10.337693,1,5,7,jackhammer
178260-7-1-3.wav,6.837693,10.837693,1,5,7,jackhammer
178260-7-1-4.wav,7.337693,11.337693,1,5,7,jackhammer
178260-7-1-5.wav,7.837693,11.837693,1,5,7,jackhammer
178260-7-1-6.wav,8.337693,12.337693,1,5,7,jackhammer
178260-7-1-7.wav,8.837693,12.837693,1,5,7,jackhammer
178260-7-1-8.wav,9.337693,13.337693,1,5,7,jackhammer
178260-7-1-9.wav,9.837693,13.837693,1,5,7,jackhammer
178260-7-2-0.wav,31.879921,35.879921,1,5,7,jackhammer
178260-7-2-1.wav,32.379921,36.379921,1,5,7,jackhammer
178260-7-2-2.wav,32.879921,36.879921,1,5,7,jackhammer
178260-7-3-0.wav,40.946687,44.946687,1,5,7,jackhammer
178260-7-3-1.wav,41.446687,45.446687,1,5,7,jackhammer
178260-7-3-10.wav,45.946687,49.946687,1,5,7,jackhammer
178260-7-3-11.wav,46.446687,50.446687,1,5,7,jackhammer
178260-7-3-12.wav,46.946687,50.946687,1,5,7,jackhammer
178260-7-3-2.wav,41.946687,45.946687,1,5,7,jackhammer
178260-7-3-3.wav,42.446687,46.446687,1,5,7,jackhammer
178260-7-3-4.wav,42.946687,46.946687,1,5,7,jackhammer
178260-7-3-5.wav,43.446687,47.446687,1,5,7,jackhammer
178260-7-3-6.wav,43.946687,47.946687,1,5,7,jackhammer
178260-7-3-7.wav,44.446687,48.446687,1,5,7,jackhammer
178260-7-3-8.wav,44.946687,48.946687,1,5,7,jackhammer
178260-7-3-9.wav,45.446687,49.446687,1,5,7,jackhammer
178260-7-4-0.wav,73.704037,77.704037,1,5,7,jackhammer
178260-7-4-1.wav,74.204037,78.204037,1,5,7,jackhammer
178260-7-5-0.wav,81.308422,84.964376,1,5,7,jackhammer
178260-7-6-0.wav,86.426758,89.351522,1,5,7,jackhammer
178260-7-7-0.wav,90.448308,91.471975,1,5,7,jackhammer
178497-3-0-1.wav,0.5,4.5,1,5,3,dog_bark
178497-3-0-3.wav,1.5,5.5,1,5,3,dog_bark
178497-3-0-4.wav,2.0,6.0,1,5,3,dog_bark
178497-3-0-6.wav,3.0,7.0,1,5,3,dog_bark
178520-2-0-11.wav,5.5,9.5,1,2,2,children_playing
178520-2-0-23.wav,11.5,15.5,1,2,2,children_playing
178520-2-0-27.wav,13.5,17.5,1,2,2,children_playing
178520-2-0-28.wav,14.0,18.0,1,2,2,children_playing
178520-2-0-29.wav,14.5,18.5,1,2,2,children_playing
178520-2-0-38.wav,19.0,23.0,1,2,2,children_playing
178520-2-0-39.wav,19.5,23.5,1,2,2,children_playing
178520-2-0-42.wav,21.0,25.0,1,2,2,children_playing
178521-2-0-18.wav,9.0,13.0,1,2,2,children_playing
178521-2-0-2.wav,1.0,5.0,1,2,2,children_playing
178521-2-0-22.wav,11.0,15.0,1,2,2,children_playing
178521-2-0-69.wav,34.5,38.5,1,2,2,children_playing
178521-2-0-7.wav,3.5,7.5,1,2,2,children_playing
178521-2-0-70.wav,35.0,39.0,1,2,2,children_playing
178521-2-0-86.wav,43.0,47.0,1,2,2,children_playing
178521-2-0-93.wav,46.5,50.5,1,2,2,children_playing
17853-5-0-0.wav,15.323533,19.323533,1,3,5,engine_idling
17853-5-0-1.wav,15.823533,19.823533,1,3,5,engine_idling
17853-5-0-10.wav,20.323533,24.323533,1,3,5,engine_idling
17853-5-0-11.wav,20.823533,24.823533,1,3,5,engine_idling
17853-5-0-12.wav,21.323533,25.323533,1,3,5,engine_idling
17853-5-0-13.wav,21.823533,25.823533,1,3,5,engine_idling
17853-5-0-14.wav,22.323533,26.323533,1,3,5,engine_idling
17853-5-0-15.wav,22.823533,26.823533,1,3,5,engine_idling
17853-5-0-2.wav,16.323532999999998,20.323533,1,3,5,engine_idling
17853-5-0-3.wav,16.823532999999998,20.823533,1,3,5,engine_idling
17853-5-0-4.wav,17.323532999999998,21.323533,1,3,5,engine_idling
17853-5-0-5.wav,17.823532999999998,21.823533,1,3,5,engine_idling
17853-5-0-6.wav,18.323533,22.323533,1,3,5,engine_idling
17853-5-0-7.wav,18.823533,22.823533,1,3,5,engine_idling
17853-5-0-8.wav,19.323533,23.323533,1,3,5,engine_idling
17853-5-0-9.wav,19.823533,23.823533,1,3,5,engine_idling
178686-0-0-1.wav,0.5,4.5,2,5,0,air_conditioner
178686-0-0-11.wav,5.5,9.5,2,5,0,air_conditioner
178686-0-0-12.wav,6.0,10.0,2,5,0,air_conditioner
178686-0-0-14.wav,7.0,11.0,2,5,0,air_conditioner
178686-0-0-15.wav,7.5,11.5,2,5,0,air_conditioner
178686-0-0-16.wav,8.0,12.0,2,5,0,air_conditioner
178686-0-0-17.wav,8.5,12.5,2,5,0,air_conditioner
178686-0-0-18.wav,9.0,13.0,2,5,0,air_conditioner
178686-0-0-19.wav,9.5,13.5,2,5,0,air_conditioner
178686-0-0-2.wav,1.0,5.0,2,5,0,air_conditioner
178686-0-0-21.wav,10.5,14.5,2,5,0,air_conditioner
178686-0-0-23.wav,11.5,15.5,2,5,0,air_conditioner
178686-0-0-3.wav,1.5,5.5,2,5,0,air_conditioner
178686-0-0-31.wav,15.5,19.5,2,5,0,air_conditioner
178686-0-0-33.wav,16.5,20.5,2,5,0,air_conditioner
178686-0-0-34.wav,17.0,21.0,2,5,0,air_conditioner
178686-0-0-38.wav,19.0,23.0,2,5,0,air_conditioner
178686-0-0-39.wav,19.5,23.5,2,5,0,air_conditioner
178686-0-0-42.wav,21.0,25.0,2,5,0,air_conditioner
178686-0-0-43.wav,21.5,25.5,2,5,0,air_conditioner
178686-0-0-44.wav,22.0,26.0,2,5,0,air_conditioner
178686-0-0-45.wav,22.5,26.5,2,5,0,air_conditioner
178686-0-0-46.wav,23.0,27.0,2,5,0,air_conditioner
178686-0-0-53.wav,26.5,30.5,2,5,0,air_conditioner
178686-0-0-55.wav,27.5,31.5,2,5,0,air_conditioner
178686-0-0-57.wav,28.5,32.5,2,5,0,air_conditioner
178686-0-0-6.wav,3.0,7.0,2,5,0,air_conditioner
178686-0-0-60.wav,30.0,34.0,2,5,0,air_conditioner
178686-0-0-63.wav,31.5,35.5,2,5,0,air_conditioner
178686-0-0-64.wav,32.0,36.0,2,5,0,air_conditioner
178686-0-0-65.wav,32.5,36.5,2,5,0,air_conditioner
178686-0-0-66.wav,33.0,37.0,2,5,0,air_conditioner
178686-0-0-67.wav,33.5,37.5,2,5,0,air_conditioner
178686-0-0-68.wav,34.0,38.0,2,5,0,air_conditioner
178686-0-0-7.wav,3.5,7.5,2,5,0,air_conditioner
178686-0-0-72.wav,36.0,40.0,2,5,0,air_conditioner
178686-0-0-8.wav,4.0,8.0,2,5,0,air_conditioner
178686-0-0-9.wav,4.5,8.5,2,5,0,air_conditioner
178825-2-0-4.wav,2.0,6.0,1,5,2,children_playing
178825-2-0-53.wav,26.5,30.5,1,5,2,children_playing
178825-2-0-62.wav,31.0,35.0,1,5,2,children_playing
178825-2-0-70.wav,35.0,39.0,1,5,2,children_playing
178825-2-0-74.wav,37.0,41.0,1,5,2,children_playing
178825-2-0-9.wav,4.5,8.5,1,5,2,children_playing
178825-2-0-95.wav,47.5,51.5,1,5,2,children_playing
179039-9-0-22.wav,45.725979,49.725979,2,8,9,street_music
179039-9-0-23.wav,46.225979,50.225979,2,8,9,street_music
179039-9-0-30.wav,49.725979,53.725979,2,8,9,street_music
179039-9-0-38.wav,53.725979,57.725979,2,8,9,street_music
179039-9-0-4.wav,36.725979,40.725979,2,8,9,street_music
179039-9-0-40.wav,54.725979,58.725979,2,8,9,street_music
179096-3-0-1.wav,0.5,4.5,1,2,3,dog_bark
179096-3-0-10.wav,5.0,9.0,1,2,3,dog_bark
179096-3-0-5.wav,2.5,6.5,1,2,3,dog_bark
179096-3-0-9.wav,4.5,8.5,1,2,3,dog_bark
17913-4-0-0.wav,0.0,4.0,1,1,4,drilling
17913-4-0-1.wav,0.5,4.5,1,1,4,drilling
17913-4-0-2.wav,1.0,5.0,1,1,4,drilling
17913-4-1-0.wav,8.462876,9.512387,2,1,4,drilling
17913-4-2-0.wav,9.512387,11.458753,1,1,4,drilling
179212-4-0-0.wav,0.0,4.0,1,4,4,drilling
179386-3-0-0.wav,0.0,4.0,1,3,3,dog_bark
179386-3-0-1.wav,0.5,4.5,1,3,3,dog_bark
179386-3-0-2.wav,1.0,5.0,1,3,3,dog_bark
179386-3-0-3.wav,1.5,5.5,1,3,3,dog_bark
179725-4-0-0.wav,0.815935,2.420932,1,6,4,drilling
17973-2-0-17.wav,8.5,12.5,1,3,2,children_playing
17973-2-0-21.wav,10.5,14.5,1,3,2,children_playing
17973-2-0-22.wav,11.0,15.0,1,3,2,children_playing
17973-2-0-29.wav,14.5,18.5,1,3,2,children_playing
17973-2-0-31.wav,15.5,19.5,1,3,2,children_playing
17973-2-0-32.wav,16.0,20.0,1,3,2,children_playing
17973-2-0-8.wav,4.0,8.0,1,3,2,children_playing
17973-2-0-9.wav,4.5,8.5,1,3,2,children_playing
179858-1-0-0.wav,0.627537,0.973626,1,1,1,car_horn
179860-1-0-0.wav,0.257272,1.348884,1,6,1,car_horn
179861-1-0-0.wav,0.160016,0.691407,1,5,1,car_horn
179862-1-0-0.wav,0.324883,0.70578,1,4,1,car_horn
179863-1-0-0.wav,0.141445,0.897289,1,3,1,car_horn
179864-1-0-0.wav,0.362889,1.166566,1,2,1,car_horn
179865-1-0-0.wav,0.315169,1.648178,2,3,1,car_horn
179866-1-0-0.wav,0.145435,0.630933,1,2,1,car_horn
179866-1-1-0.wav,0.913249,1.628663,1,2,1,car_horn
179867-1-0-0.wav,0.025482,0.566271,1,1,1,car_horn
180052-3-0-0.wav,0.0,4.0,1,5,3,dog_bark
180052-3-0-1.wav,0.5,4.5,1,5,3,dog_bark
180052-3-0-3.wav,1.5,5.5,1,5,3,dog_bark
180052-3-0-4.wav,2.0,6.0,1,5,3,dog_bark
180057-9-0-11.wav,5.5,9.5,2,3,9,street_music
180057-9-0-20.wav,10.0,14.0,2,3,9,street_music
180057-9-0-34.wav,17.0,21.0,2,3,9,street_music
180057-9-0-36.wav,18.0,22.0,2,3,9,street_music
180057-9-0-5.wav,2.5,6.5,2,3,9,street_music
180057-9-0-7.wav,3.5,7.5,2,3,9,street_music
180125-4-0-16.wav,8.0,12.0,1,5,4,drilling
180125-4-0-17.wav,8.5,12.5,1,5,4,drilling
180125-4-1-3.wav,42.348486,46.348486,1,5,4,drilling
180125-4-1-5.wav,43.348486,47.348486,1,5,4,drilling
180125-4-1-7.wav,44.348486,48.348486,1,5,4,drilling
180125-4-1-8.wav,44.848486,48.848486,1,5,4,drilling
180125-4-2-1.wav,73.47305,77.47305,1,5,4,drilling
180125-4-2-13.wav,79.47305,83.47305,1,5,4,drilling
180125-4-2-14.wav,79.97305,83.97305,1,5,4,drilling
180125-4-2-15.wav,80.47305,84.47305,1,5,4,drilling
180125-4-2-17.wav,81.47305,85.47305,1,5,4,drilling
180125-4-3-0.wav,115.566321,119.566321,1,5,4,drilling
180125-4-3-1.wav,116.066321,120.066321,1,5,4,drilling
180125-4-3-10.wav,120.566321,124.566321,1,5,4,drilling
180125-4-3-2.wav,116.566321,120.566321,1,5,4,drilling
180125-4-3-22.wav,126.566321,130.56632100000002,1,5,4,drilling
180125-4-3-24.wav,127.566321,131.56632100000002,1,5,4,drilling
180125-4-3-4.wav,117.566321,121.566321,1,5,4,drilling
180126-4-0-0.wav,14.22063,17.254364,1,2,4,drilling
180126-4-1-0.wav,19.285883,23.285883,1,2,4,drilling
180126-4-1-1.wav,19.785883,23.785883,1,2,4,drilling
180126-4-1-2.wav,20.285883,24.285883,1,2,4,drilling
180126-4-2-0.wav,30.012301,32.070906,1,2,4,drilling
180126-4-3-0.wav,32.233428,36.233428,1,2,4,drilling
180126-4-4-0.wav,38.138375,42.138375,1,2,4,drilling
180126-4-4-1.wav,38.638375,42.638375,1,2,4,drilling
180126-4-4-2.wav,39.138375,43.138375,1,2,4,drilling
180128-4-0-0.wav,0.0,4.0,1,5,4,drilling
180128-4-11-0.wav,88.332836,92.332836,1,5,4,drilling
180128-4-11-1.wav,88.832836,92.832836,1,5,4,drilling
180128-4-12-0.wav,96.646515,100.646515,1,5,4,drilling
180128-4-13-0.wav,102.961713,106.961713,1,5,4,drilling
180128-4-14-0.wav,107.838005,111.838005,1,5,4,drilling
180128-4-16-1.wav,121.048341,125.048341,1,5,4,drilling
180128-4-17-0.wav,128.542263,132.542263,1,5,4,drilling
180128-4-4-0.wav,25.260793,29.260793,1,5,4,drilling
180128-4-5-0.wav,33.73435,37.73435,1,5,4,drilling
180128-4-6-0.wav,42.767482,46.767482,1,5,4,drilling
180128-4-6-1.wav,43.267482,47.267482,1,5,4,drilling
180128-4-6-2.wav,43.767482,47.767482,1,5,4,drilling
180128-4-7-0.wav,52.280249,56.280249,1,5,4,drilling
180128-4-7-2.wav,53.280249,57.280249,1,5,4,drilling
180128-4-7-3.wav,53.780249,57.780249,1,5,4,drilling
180128-4-7-4.wav,54.280249,58.280249,1,5,4,drilling
180128-4-7-5.wav,54.780249,58.780249,1,5,4,drilling
180128-4-9-0.wav,75.70244,79.70244,1,5,4,drilling
180132-4-0-0.wav,0.355545,3.806421,1,8,4,drilling
180132-4-1-0.wav,6.65078,10.248058,1,8,4,drilling
180132-4-2-0.wav,11.231035,13.636191,1,8,4,drilling
180132-4-3-0.wav,28.192616,32.192616,1,8,4,drilling
180134-4-1-3.wav,11.981716,15.981716,1,8,4,drilling
180134-4-1-7.wav,13.981716,17.981716,1,8,4,drilling
180134-4-1-8.wav,14.481716,18.481716,1,8,4,drilling
180134-4-1-9.wav,14.981716,18.981716,1,8,4,drilling
180134-4-2-0.wav,41.87811,45.87811,1,8,4,drilling
180134-4-2-1.wav,42.37811,46.37811,1,8,4,drilling
180134-4-2-11.wav,47.37811,51.37811,1,8,4,drilling
180134-4-2-13.wav,48.37811,52.37811,1,8,4,drilling
180134-4-2-15.wav,49.37811,53.37811,1,8,4,drilling
180134-4-2-16.wav,49.87811,53.87811,1,8,4,drilling
180134-4-2-17.wav,50.37811,54.37811,1,8,4,drilling
180134-4-2-19.wav,51.37811,55.37811,1,8,4,drilling
180134-4-2-3.wav,43.37811,47.37811,1,8,4,drilling
180134-4-2-4.wav,43.87811,47.87811,1,8,4,drilling
180134-4-2-5.wav,44.37811,48.37811,1,8,4,drilling
180134-4-2-6.wav,44.87811,48.87811,1,8,4,drilling
180134-4-2-9.wav,46.37811,50.37811,1,8,4,drilling
180256-3-0-0.wav,0.0,4.0,1,1,3,dog_bark
180256-3-0-1.wav,0.5,4.5,1,1,3,dog_bark
180256-3-0-2.wav,1.0,5.0,1,1,3,dog_bark
180256-3-0-3.wav,1.5,5.5,1,1,3,dog_bark
180257-3-0-1.wav,0.5,4.5,1,7,3,dog_bark
180257-3-0-3.wav,1.5,5.5,1,7,3,dog_bark
180257-3-0-4.wav,2.0,6.0,1,7,3,dog_bark
180257-3-0-5.wav,2.5,6.5,1,7,3,dog_bark
180937-7-0-0.wav,171.272327,175.272327,1,1,7,jackhammer
180937-7-0-1.wav,171.772327,175.772327,1,1,7,jackhammer
180937-7-0-2.wav,172.272327,176.272327,1,1,7,jackhammer
180937-7-0-4.wav,173.272327,177.272327,1,1,7,jackhammer
180937-7-0-5.wav,173.772327,177.772327,1,1,7,jackhammer
180937-7-0-6.wav,174.272327,178.272327,1,1,7,jackhammer
180937-7-1-0.wav,193.415715,197.415715,1,1,7,jackhammer
180937-7-1-1.wav,193.915715,197.915715,1,1,7,jackhammer
180937-7-1-10.wav,198.415715,202.415715,1,1,7,jackhammer
180937-7-1-11.wav,198.915715,202.915715,1,1,7,jackhammer
180937-7-1-12.wav,199.415715,203.415715,1,1,7,jackhammer
180937-7-1-13.wav,199.915715,203.915715,1,1,7,jackhammer
180937-7-1-14.wav,200.415715,204.415715,1,1,7,jackhammer
180937-7-1-15.wav,200.915715,204.915715,1,1,7,jackhammer
180937-7-1-2.wav,194.415715,198.415715,1,1,7,jackhammer
180937-7-1-3.wav,194.915715,198.915715,1,1,7,jackhammer
180937-7-1-4.wav,195.415715,199.415715,1,1,7,jackhammer
180937-7-1-5.wav,195.915715,199.915715,1,1,7,jackhammer
180937-7-1-6.wav,196.415715,200.415715,1,1,7,jackhammer
180937-7-1-7.wav,196.915715,200.915715,1,1,7,jackhammer
180937-7-1-8.wav,197.415715,201.415715,1,1,7,jackhammer
180937-7-1-9.wav,197.915715,201.915715,1,1,7,jackhammer
180937-7-2-0.wav,252.163479,256.163479,1,1,7,jackhammer
180937-7-2-1.wav,252.663479,256.663479,1,1,7,jackhammer
180937-7-2-10.wav,257.163479,261.163479,1,1,7,jackhammer
180937-7-2-2.wav,253.163479,257.163479,1,1,7,jackhammer
180937-7-2-3.wav,253.663479,257.663479,1,1,7,jackhammer
180937-7-2-4.wav,254.163479,258.163479,1,1,7,jackhammer
180937-7-2-5.wav,254.663479,258.663479,1,1,7,jackhammer
180937-7-2-6.wav,255.163479,259.163479,1,1,7,jackhammer
180937-7-2-7.wav,255.663479,259.663479,1,1,7,jackhammer
180937-7-2-8.wav,256.163479,260.163479,1,1,7,jackhammer
180937-7-2-9.wav,256.663479,260.663479,1,1,7,jackhammer
180937-7-3-0.wav,304.584561,308.584561,2,1,7,jackhammer
180937-7-3-1.wav,305.084561,309.084561,2,1,7,jackhammer
180937-7-3-10.wav,309.584561,313.584561,2,1,7,jackhammer
180937-7-3-11.wav,310.084561,314.084561,2,1,7,jackhammer
180937-7-3-12.wav,310.584561,314.584561,2,1,7,jackhammer
180937-7-3-13.wav,311.084561,315.084561,2,1,7,jackhammer
180937-7-3-14.wav,311.584561,315.584561,2,1,7,jackhammer
180937-7-3-15.wav,312.084561,316.084561,2,1,7,jackhammer
180937-7-3-17.wav,313.084561,317.084561,2,1,7,jackhammer
180937-7-3-18.wav,313.584561,317.584561,2,1,7,jackhammer
180937-7-3-19.wav,314.084561,318.084561,2,1,7,jackhammer
180937-7-3-2.wav,305.584561,309.584561,2,1,7,jackhammer
180937-7-3-20.wav,314.584561,318.584561,2,1,7,jackhammer
180937-7-3-21.wav,315.084561,319.084561,2,1,7,jackhammer
180937-7-3-22.wav,315.584561,319.584561,2,1,7,jackhammer
180937-7-3-23.wav,316.084561,320.084561,2,1,7,jackhammer
180937-7-3-24.wav,316.584561,320.584561,2,1,7,jackhammer
180937-7-3-26.wav,317.584561,321.584561,2,1,7,jackhammer
180937-7-3-27.wav,318.084561,322.084561,2,1,7,jackhammer
180937-7-3-28.wav,318.584561,322.584561,2,1,7,jackhammer
180937-7-3-29.wav,319.084561,323.084561,2,1,7,jackhammer
180937-7-3-3.wav,306.084561,310.084561,2,1,7,jackhammer
180937-7-3-30.wav,319.584561,323.584561,2,1,7,jackhammer
180937-7-3-31.wav,320.084561,324.084561,2,1,7,jackhammer
180937-7-3-32.wav,320.584561,324.584561,2,1,7,jackhammer
180937-7-3-33.wav,321.084561,325.084561,2,1,7,jackhammer
180937-7-3-4.wav,306.584561,310.584561,2,1,7,jackhammer
180937-7-3-5.wav,307.084561,311.084561,2,1,7,jackhammer
180937-7-3-6.wav,307.584561,311.584561,2,1,7,jackhammer
180937-7-3-7.wav,308.084561,312.084561,2,1,7,jackhammer
180937-7-3-8.wav,308.584561,312.584561,2,1,7,jackhammer
180937-7-3-9.wav,309.084561,313.084561,2,1,7,jackhammer
180937-7-4-0.wav,463.203523,467.203523,2,1,7,jackhammer
180937-7-4-10.wav,468.203523,472.203523,2,1,7,jackhammer
180937-7-4-11.wav,468.703523,472.703523,2,1,7,jackhammer
180937-7-4-12.wav,469.203523,473.203523,2,1,7,jackhammer
180937-7-4-13.wav,469.703523,473.703523,2,1,7,jackhammer
180937-7-4-14.wav,470.203523,474.203523,2,1,7,jackhammer
180937-7-4-2.wav,464.203523,468.203523,2,1,7,jackhammer
180937-7-4-3.wav,464.703523,468.703523,2,1,7,jackhammer
180937-7-4-4.wav,465.203523,469.203523,2,1,7,jackhammer
180937-7-4-5.wav,465.703523,469.703523,2,1,7,jackhammer
180937-7-4-6.wav,466.203523,470.203523,2,1,7,jackhammer
180937-7-4-7.wav,466.703523,470.703523,2,1,7,jackhammer
180937-7-4-8.wav,467.203523,471.203523,2,1,7,jackhammer
180937-7-4-9.wav,467.703523,471.703523,2,1,7,jackhammer
180960-6-0-0.wav,0.066816,2.140544,1,3,6,gun_shot
180977-3-1-0.wav,10.726049,14.726049,1,4,3,dog_bark
180977-3-1-1.wav,11.226049,15.226049,1,4,3,dog_bark
180977-3-1-5.wav,13.226049,17.226049,1,4,3,dog_bark
181102-9-0-111.wav,63.461224,67.461224,1,7,9,street_music
181102-9-0-117.wav,66.461224,70.461224,1,7,9,street_music
181102-9-0-23.wav,19.461224,23.461224,1,7,9,street_music
181102-9-0-26.wav,20.961224,24.961224,1,7,9,street_music
181102-9-0-50.wav,32.961224,36.961224,1,7,9,street_music
181102-9-0-97.wav,56.461224,60.461224,1,7,9,street_music
181725-3-0-16.wav,8.0,12.0,1,5,3,dog_bark
181725-3-0-22.wav,11.0,15.0,1,5,3,dog_bark
181725-3-0-37.wav,18.5,22.5,1,5,3,dog_bark
182103-9-0-0.wav,0.0,4.0,1,3,9,street_music
182103-9-0-22.wav,11.0,15.0,1,3,9,street_music
182103-9-0-26.wav,13.0,17.0,1,3,9,street_music
182103-9-0-47.wav,23.5,27.5,1,3,9,street_music
182103-9-0-53.wav,26.5,30.5,1,3,9,street_music
182103-9-0-8.wav,4.0,8.0,1,3,9,street_music
182474-1-0-0.wav,1.26501,2.605597,1,6,1,car_horn
182739-2-0-13.wav,6.5,10.5,1,2,2,children_playing
182739-2-0-17.wav,8.5,12.5,1,2,2,children_playing
182739-2-0-24.wav,12.0,16.0,1,2,2,children_playing
182739-2-0-35.wav,17.5,21.5,1,2,2,children_playing
182739-2-0-56.wav,28.0,32.0,1,2,2,children_playing
182739-2-0-62.wav,31.0,35.0,1,2,2,children_playing
182739-2-0-78.wav,39.0,43.0,1,2,2,children_playing
182739-2-0-85.wav,42.5,46.5,1,2,2,children_playing
182800-2-0-0.wav,1.405558,5.405558,1,1,2,children_playing
182800-2-1-0.wav,21.083366,23.687782,1,1,2,children_playing
182800-2-2-0.wav,25.672099,29.672099,1,1,2,children_playing
182800-2-2-1.wav,26.172099,30.172099,1,1,2,children_playing
182800-2-2-2.wav,26.672099,30.672099,1,1,2,children_playing
182800-2-2-3.wav,27.172099,31.172099,1,1,2,children_playing
182800-2-3-0.wav,55.974271,59.974271,1,1,2,children_playing
182800-2-3-1.wav,56.474271,60.474271,1,1,2,children_playing
183894-1-5-0.wav,98.082239,98.955375,2,7,1,car_horn
183894-1-6-0.wav,102.156872,103.321053,2,7,1,car_horn
183894-1-7-0.wav,124.494593,127.186761,2,7,1,car_horn
183894-1-8-0.wav,133.225949,134.317369,2,7,1,car_horn
183894-1-9-0.wav,135.699834,137.373344,2,7,1,car_horn
183989-3-1-18.wav,80.176471,84.176471,2,4,3,dog_bark
183989-3-1-21.wav,81.676471,85.676471,2,4,3,dog_bark
183989-3-1-23.wav,82.676471,86.676471,2,4,3,dog_bark
183989-3-1-25.wav,83.676471,87.676471,2,4,3,dog_bark
183992-3-0-10.wav,5.0,9.0,1,7,3,dog_bark
183992-3-0-3.wav,1.5,5.5,1,7,3,dog_bark
183992-3-0-6.wav,3.0,7.0,1,7,3,dog_bark
183992-3-0-9.wav,4.5,8.5,1,7,3,dog_bark
184355-1-0-0.wav,4.08756,4.750408,2,1,1,car_horn
18453-3-0-0.wav,9.13085,9.937155,2,2,3,dog_bark
184623-8-0-0.wav,0.13472,4.13472,1,3,8,siren
184623-8-0-1.wav,0.63472,4.63472,1,3,8,siren
184623-8-0-2.wav,1.13472,5.13472,1,3,8,siren
184623-8-0-3.wav,1.63472,5.63472,1,3,8,siren
184623-8-1-0.wav,12.064884,16.064884,2,3,8,siren
184725-3-0-1.wav,0.5,4.5,1,3,3,dog_bark
184725-3-0-2.wav,1.0,5.0,1,3,3,dog_bark
184725-3-0-4.wav,2.0,6.0,1,3,3,dog_bark
184725-3-0-5.wav,2.5,6.5,1,3,3,dog_bark
184805-0-0-101.wav,50.5,54.5,2,6,0,air_conditioner
184805-0-0-103.wav,51.5,55.5,2,6,0,air_conditioner
184805-0-0-104.wav,52.0,56.0,2,6,0,air_conditioner
184805-0-0-112.wav,56.0,60.0,2,6,0,air_conditioner
184805-0-0-121.wav,60.5,64.5,2,6,0,air_conditioner
184805-0-0-13.wav,6.5,10.5,2,6,0,air_conditioner
184805-0-0-16.wav,8.0,12.0,2,6,0,air_conditioner
184805-0-0-2.wav,1.0,5.0,2,6,0,air_conditioner
184805-0-0-27.wav,13.5,17.5,2,6,0,air_conditioner
184805-0-0-32.wav,16.0,20.0,2,6,0,air_conditioner
184805-0-0-34.wav,17.0,21.0,2,6,0,air_conditioner
184805-0-0-4.wav,2.0,6.0,2,6,0,air_conditioner
184805-0-0-40.wav,20.0,24.0,2,6,0,air_conditioner
184805-0-0-45.wav,22.5,26.5,2,6,0,air_conditioner
184805-0-0-47.wav,23.5,27.5,2,6,0,air_conditioner
184805-0-0-48.wav,24.0,28.0,2,6,0,air_conditioner
184805-0-0-49.wav,24.5,28.5,2,6,0,air_conditioner
184805-0-0-5.wav,2.5,6.5,2,6,0,air_conditioner
184805-0-0-51.wav,25.5,29.5,2,6,0,air_conditioner
184805-0-0-54.wav,27.0,31.0,2,6,0,air_conditioner
184805-0-0-57.wav,28.5,32.5,2,6,0,air_conditioner
184805-0-0-58.wav,29.0,33.0,2,6,0,air_conditioner
184805-0-0-61.wav,30.5,34.5,2,6,0,air_conditioner
184805-0-0-63.wav,31.5,35.5,2,6,0,air_conditioner
184805-0-0-64.wav,32.0,36.0,2,6,0,air_conditioner
184805-0-0-74.wav,37.0,41.0,2,6,0,air_conditioner
184805-0-0-75.wav,37.5,41.5,2,6,0,air_conditioner
184805-0-0-77.wav,38.5,42.5,2,6,0,air_conditioner
184805-0-0-81.wav,40.5,44.5,2,6,0,air_conditioner
184805-0-0-82.wav,41.0,45.0,2,6,0,air_conditioner
184805-0-0-88.wav,44.0,48.0,2,6,0,air_conditioner
184805-0-0-90.wav,45.0,49.0,2,6,0,air_conditioner
184805-0-0-99.wav,49.5,53.5,2,6,0,air_conditioner
185373-9-0-21.wav,10.5,14.5,2,3,9,street_music
185373-9-0-6.wav,3.0,7.0,2,3,9,street_music
185373-9-1-17.wav,138.293638,142.293638,2,3,9,street_music
185373-9-1-46.wav,152.793638,156.793638,2,3,9,street_music
185373-9-1-7.wav,133.293638,137.293638,2,3,9,street_music
185373-9-1-70.wav,164.793638,168.793638,2,3,9,street_music
185375-9-0-23.wav,11.5,15.5,2,3,9,street_music
185375-9-0-26.wav,13.0,17.0,2,3,9,street_music
185375-9-0-33.wav,16.5,20.5,2,3,9,street_music
185375-9-0-60.wav,30.0,34.0,2,3,9,street_music
185375-9-0-61.wav,30.5,34.5,2,3,9,street_music
185375-9-0-84.wav,42.0,46.0,2,3,9,street_music
185436-1-0-0.wav,18.261502,19.677122,2,5,1,car_horn
185436-1-1-0.wav,84.795657,85.786591,2,5,1,car_horn
185436-1-2-0.wav,97.394678,99.942794,2,5,1,car_horn
185436-1-3-0.wav,161.946964,164.636643,2,5,1,car_horn
185436-1-4-0.wav,191.391867,195.214042,2,5,1,car_horn
185436-1-5-0.wav,225.508316,226.923937,2,5,1,car_horn
185436-1-6-0.wav,235.134535,238.107337,2,5,1,car_horn
185436-1-7-0.wav,249.998548,251.272606,2,5,1,car_horn
185709-0-0-0.wav,0.0,4.0,1,4,0,air_conditioner
185709-0-0-1.wav,0.5,4.5,1,4,0,air_conditioner
185709-0-0-2.wav,1.0,5.0,1,4,0,air_conditioner
185709-0-0-3.wav,1.5,5.5,1,4,0,air_conditioner
185709-0-0-4.wav,2.0,6.0,1,4,0,air_conditioner
185709-0-0-5.wav,2.5,6.5,1,4,0,air_conditioner
185709-0-0-6.wav,3.0,7.0,1,4,0,air_conditioner
185709-0-0-7.wav,3.5,7.5,1,4,0,air_conditioner
185709-0-0-8.wav,4.0,8.0,1,4,0,air_conditioner
185800-4-0-0.wav,0.0,4.0,1,2,4,drilling
185800-4-0-1.wav,0.5,4.5,1,2,4,drilling
185800-4-1-0.wav,7.019837,8.327131,2,2,4,drilling
185800-4-2-0.wav,9.14007,13.14007,2,2,4,drilling
185800-4-2-1.wav,9.64007,13.64007,2,2,4,drilling
185800-4-2-2.wav,10.14007,14.14007,2,2,4,drilling
185801-4-0-0.wav,0.088953,4.088953,2,3,4,drilling
185801-4-0-1.wav,0.5889530000000001,4.588953,2,3,4,drilling
185801-4-0-2.wav,1.088953,5.088953,2,3,4,drilling
18581-3-0-0.wav,40.693758,44.693758,2,2,3,dog_bark
18581-3-0-5.wav,43.193758,47.193758,2,2,3,dog_bark
18581-3-1-1.wav,64.21059,68.21059,2,2,3,dog_bark
18581-3-1-3.wav,65.21059,69.21059,2,2,3,dog_bark
185909-2-0-102.wav,51.0,55.0,1,4,2,children_playing
185909-2-0-116.wav,58.0,62.0,1,4,2,children_playing
185909-2-0-13.wav,6.5,10.5,1,4,2,children_playing
185909-2-0-17.wav,8.5,12.5,1,4,2,children_playing
185909-2-0-22.wav,11.0,15.0,1,4,2,children_playing
185909-2-0-34.wav,17.0,21.0,1,4,2,children_playing
185909-2-0-86.wav,43.0,47.0,1,4,2,children_playing
185909-2-0-87.wav,43.5,47.5,1,4,2,children_playing
18594-1-0-0.wav,11.503499,11.939286,1,3,1,car_horn
18594-1-1-0.wav,12.833291,13.464541,1,3,1,car_horn
18594-1-2-0.wav,43.782548,43.982489,2,3,1,car_horn
18594-1-3-0.wav,44.50593,44.750801,1,3,1,car_horn
18594-1-4-0.wav,45.134957,45.350623,1,3,1,car_horn
18594-1-5-0.wav,45.714561,46.033567,1,3,1,car_horn
18594-1-6-0.wav,77.175828,77.611488,1,3,1,car_horn
186334-2-0-1.wav,0.5,4.5,1,3,2,children_playing
186334-2-0-11.wav,5.5,9.5,1,3,2,children_playing
186334-2-0-20.wav,10.0,14.0,1,3,2,children_playing
186334-2-0-33.wav,16.5,20.5,1,3,2,children_playing
186334-2-0-35.wav,17.5,21.5,1,3,2,children_playing
186334-2-0-36.wav,18.0,22.0,1,3,2,children_playing
186334-2-0-37.wav,18.5,22.5,1,3,2,children_playing
186334-2-0-44.wav,22.0,26.0,1,3,2,children_playing
186336-9-0-0.wav,10.288126,14.288126,2,3,9,street_music
186336-9-0-1.wav,10.788126,14.788126,2,3,9,street_music
186336-9-0-2.wav,11.288126,15.288126,2,3,9,street_music
186336-9-0-3.wav,11.788126,15.788126,2,3,9,street_music
186336-9-0-4.wav,12.288126,16.288126,2,3,9,street_music
186339-9-0-1.wav,0.5,4.5,2,3,9,street_music
186339-9-0-12.wav,6.0,10.0,2,3,9,street_music
186339-9-0-17.wav,8.5,12.5,2,3,9,street_music
186339-9-0-18.wav,9.0,13.0,2,3,9,street_music
186339-9-0-3.wav,1.5,5.5,2,3,9,street_music
186339-9-0-7.wav,3.5,7.5,2,3,9,street_music
186935-5-0-0.wav,0.0,4.0,1,8,5,engine_idling
186935-5-0-1.wav,0.5,4.5,1,8,5,engine_idling
186936-5-0-0.wav,0.0,4.0,1,7,5,engine_idling
186936-5-0-1.wav,0.5,4.5,1,7,5,engine_idling
186938-5-0-0.wav,2.72963,4.539396,1,4,5,engine_idling
186940-5-0-0.wav,0.0,3.836599,1,8,5,engine_idling
187356-1-0-0.wav,20.664779,21.032153,2,4,1,car_horn
187356-1-1-0.wav,23.052709,24.338518,2,4,1,car_horn
187356-1-2-0.wav,28.471474,32.471474,2,4,1,car_horn
187356-1-3-0.wav,37.058838,40.548889,2,4,1,car_horn
187356-1-4-0.wav,48.998488,52.998488,2,4,1,car_horn
187356-1-5-0.wav,64.42819,67.045729,2,4,1,car_horn
187356-1-6-0.wav,79.720127,81.419231,2,4,1,car_horn
187377-4-0-0.wav,0.0,4.0,1,4,4,drilling
187377-4-0-1.wav,0.5,4.5,1,4,4,drilling
187920-7-0-0.wav,1.436244,4.589735,1,5,7,jackhammer
187920-7-1-0.wav,7.368554,11.368554,1,5,7,jackhammer
187920-7-1-1.wav,7.868554,11.868554,1,5,7,jackhammer
187920-7-1-2.wav,8.368554,12.368554,1,5,7,jackhammer
187920-7-2-0.wav,30.660677,32.096921,2,5,7,jackhammer
188004-8-0-0.wav,0.0,4.0,2,6,8,siren
188004-8-0-1.wav,0.5,4.5,2,6,8,siren
188004-8-0-2.wav,1.0,5.0,2,6,8,siren
188824-7-0-0.wav,0.0,1.373335,2,3,7,jackhammer
188824-7-1-0.wav,1.87273,3.183641,2,3,7,jackhammer
188824-7-10-0.wav,53.185535,54.1219,2,3,7,jackhammer
188824-7-11-0.wav,55.307963,56.494025,2,3,7,jackhammer
188824-7-12-0.wav,59.864939,63.485551,2,3,7,jackhammer
188824-7-2-0.wav,3.683036,4.74425,2,3,7,jackhammer
188824-7-3-0.wav,5.680615,6.492131,2,3,7,jackhammer
188824-7-4-0.wav,6.991526,8.240012,2,3,7,jackhammer
188824-7-5-0.wav,8.240012,9.613348,2,3,7,jackhammer
188824-7-6-0.wav,10.549713,11.423654,2,3,7,jackhammer
188824-7-7-0.wav,25.9061,28.278225,2,3,7,jackhammer
188824-7-8-0.wav,29.277014,30.775198,2,3,7,jackhammer
188824-7-9-0.wav,31.399441,35.399441,2,3,7,jackhammer
189023-0-0-0.wav,0.0,4.0,1,2,0,air_conditioner
189023-0-0-1.wav,0.5,4.5,1,2,0,air_conditioner
189023-0-0-10.wav,5.0,9.0,1,2,0,air_conditioner
189023-0-0-11.wav,5.5,9.5,1,2,0,air_conditioner
189023-0-0-12.wav,6.0,10.0,1,2,0,air_conditioner
189023-0-0-13.wav,6.5,10.5,1,2,0,air_conditioner
189023-0-0-2.wav,1.0,5.0,1,2,0,air_conditioner
189023-0-0-3.wav,1.5,5.5,1,2,0,air_conditioner
189023-0-0-4.wav,2.0,6.0,1,2,0,air_conditioner
189023-0-0-5.wav,2.5,6.5,1,2,0,air_conditioner
189023-0-0-6.wav,3.0,7.0,1,2,0,air_conditioner
189023-0-0-7.wav,3.5,7.5,1,2,0,air_conditioner
189023-0-0-8.wav,4.0,8.0,1,2,0,air_conditioner
189023-0-0-9.wav,4.5,8.5,1,2,0,air_conditioner
18933-1-0-0.wav,25.639242,25.944262,2,6,1,car_horn
189825-9-0-0.wav,0.0,4.0,1,8,9,street_music
189825-9-0-1.wav,0.5,4.5,1,8,9,street_music
189825-9-0-2.wav,1.0,5.0,1,8,9,street_music
189825-9-0-3.wav,1.5,5.5,1,8,9,street_music
189825-9-0-5.wav,2.5,6.5,1,8,9,street_music
189825-9-0-7.wav,3.5,7.5,1,8,9,street_music
189846-3-0-0.wav,13.241992,14.358787,2,8,3,dog_bark
189846-3-1-0.wav,17.230544,18.586652,2,8,3,dog_bark
189846-3-3-0.wav,26.404213,27.32158,2,8,3,dog_bark
189846-3-4-0.wav,28.159176,28.956887,2,8,3,dog_bark
189895-3-0-0.wav,0.0,4.0,1,5,3,dog_bark
189981-0-0-0.wav,0.0,4.0,1,7,0,air_conditioner
189981-0-0-1.wav,0.5,4.5,1,7,0,air_conditioner
189981-0-0-10.wav,5.0,9.0,1,7,0,air_conditioner
189981-0-0-11.wav,5.5,9.5,1,7,0,air_conditioner
189981-0-0-12.wav,6.0,10.0,1,7,0,air_conditioner
189981-0-0-13.wav,6.5,10.5,1,7,0,air_conditioner
189981-0-0-14.wav,7.0,11.0,1,7,0,air_conditioner
189981-0-0-15.wav,7.5,11.5,1,7,0,air_conditioner
189981-0-0-16.wav,8.0,12.0,1,7,0,air_conditioner
189981-0-0-17.wav,8.5,12.5,1,7,0,air_conditioner
189981-0-0-2.wav,1.0,5.0,1,7,0,air_conditioner
189981-0-0-3.wav,1.5,5.5,1,7,0,air_conditioner
189981-0-0-4.wav,2.0,6.0,1,7,0,air_conditioner
189981-0-0-5.wav,2.5,6.5,1,7,0,air_conditioner
189981-0-0-6.wav,3.0,7.0,1,7,0,air_conditioner
189981-0-0-7.wav,3.5,7.5,1,7,0,air_conditioner
189981-0-0-8.wav,4.0,8.0,1,7,0,air_conditioner
189981-0-0-9.wav,4.5,8.5,1,7,0,air_conditioner
189986-0-0-0.wav,0.0,4.0,1,6,0,air_conditioner
189987-0-0-0.wav,0.0,4.0,1,7,0,air_conditioner
189987-0-0-1.wav,0.5,4.5,1,7,0,air_conditioner
189987-0-0-2.wav,1.0,5.0,1,7,0,air_conditioner
189987-0-0-3.wav,1.5,5.5,1,7,0,air_conditioner
189987-0-0-4.wav,2.0,6.0,1,7,0,air_conditioner
189991-0-0-0.wav,0.0,4.0,1,2,0,air_conditioner
189991-0-0-1.wav,0.5,4.5,1,2,0,air_conditioner
189991-0-0-2.wav,1.0,5.0,1,2,0,air_conditioner
189991-0-0-3.wav,1.5,5.5,1,2,0,air_conditioner
189991-0-0-4.wav,2.0,6.0,1,2,0,air_conditioner
189991-0-0-5.wav,2.5,6.5,1,2,0,air_conditioner
189991-0-0-6.wav,3.0,7.0,1,2,0,air_conditioner
189991-0-0-7.wav,3.5,7.5,1,2,0,air_conditioner
19007-4-0-0.wav,0.0,4.0,2,5,4,drilling
19026-1-0-0.wav,0.012822,1.050575,1,1,1,car_horn
190680-3-1-0.wav,5.960838,7.49752,2,6,3,dog_bark
190680-3-4-0.wav,21.352441,25.352441,2,6,3,dog_bark
190680-3-6-0.wav,36.24834,40.24834,2,6,3,dog_bark
190893-2-0-10.wav,5.0,9.0,1,5,2,children_playing
190893-2-0-11.wav,5.5,9.5,1,5,2,children_playing
190893-2-0-12.wav,6.0,10.0,1,5,2,children_playing
190893-2-0-21.wav,10.5,14.5,1,5,2,children_playing
190893-2-0-23.wav,11.5,15.5,1,5,2,children_playing
190893-2-0-27.wav,13.5,17.5,1,5,2,children_playing
190893-2-0-28.wav,14.0,18.0,1,5,2,children_playing
190893-2-0-7.wav,3.5,7.5,1,5,2,children_playing
190996-3-0-0.wav,12.510494,16.510494,2,8,3,dog_bark
190996-3-0-1.wav,13.010494,17.010494,2,8,3,dog_bark
190996-3-0-8.wav,16.510494,20.510494,2,8,3,dog_bark
191382-3-0-0.wav,0.61858,4.61858,1,5,3,dog_bark
191382-3-0-5.wav,3.11858,7.11858,1,5,3,dog_bark
191382-3-1-0.wav,28.636596,32.636596,1,5,3,dog_bark
191382-3-1-1.wav,29.136596,33.136596,1,5,3,dog_bark
191431-9-0-26.wav,19.303963,23.303963,1,1,9,street_music
191431-9-0-30.wav,21.303963,25.303963,1,1,9,street_music
191431-9-0-61.wav,36.803963,40.803963,1,1,9,street_music
191431-9-0-66.wav,39.303963,43.303963,1,1,9,street_music
191431-9-0-73.wav,42.803963,46.803963,1,1,9,street_music
191431-9-0-8.wav,10.303963,14.303963,1,1,9,street_music
191449-6-0-0.wav,3.094025,4.7257,1,5,6,gun_shot
191687-3-0-0.wav,0.0,4.0,1,7,3,dog_bark
191687-3-0-11.wav,5.5,9.5,1,7,3,dog_bark
191687-3-0-15.wav,7.5,11.5,1,7,3,dog_bark
191687-3-0-5.wav,2.5,6.5,1,7,3,dog_bark
192124-2-0-0.wav,0.0,4.0,1,1,2,children_playing
192124-2-0-11.wav,5.5,9.5,1,1,2,children_playing
192124-2-0-12.wav,6.0,10.0,1,1,2,children_playing
192124-2-0-15.wav,7.5,11.5,1,1,2,children_playing
192124-2-0-3.wav,1.5,5.5,1,1,2,children_playing
192124-2-0-4.wav,2.0,6.0,1,1,2,children_playing
192124-2-0-5.wav,2.5,6.5,1,1,2,children_playing
192124-2-0-7.wav,3.5,7.5,1,1,2,children_playing
19218-3-0-0.wav,55.750425,59.750425,2,2,3,dog_bark
192236-3-0-2.wav,4.506272,8.506272,1,7,3,dog_bark
192236-3-0-4.wav,5.506272,9.506272,1,7,3,dog_bark
192236-3-0-6.wav,6.506272,10.506272,1,7,3,dog_bark
192236-3-0-8.wav,7.506272,11.506272,1,7,3,dog_bark
192269-2-0-1.wav,0.5,4.5,1,2,2,children_playing
192269-2-0-11.wav,5.5,9.5,1,2,2,children_playing
192269-2-0-18.wav,9.0,13.0,1,2,2,children_playing
192269-2-0-24.wav,12.0,16.0,1,2,2,children_playing
192269-2-0-35.wav,17.5,21.5,1,2,2,children_playing
192269-2-0-37.wav,18.5,22.5,1,2,2,children_playing
192269-2-0-54.wav,27.0,31.0,1,2,2,children_playing
192269-2-0-56.wav,28.0,32.0,1,2,2,children_playing
192382-2-0-105.wav,52.5,56.5,1,4,2,children_playing
192382-2-0-12.wav,6.0,10.0,1,4,2,children_playing
192382-2-0-18.wav,9.0,13.0,1,4,2,children_playing
192382-2-0-36.wav,18.0,22.0,1,4,2,children_playing
192382-2-0-66.wav,33.0,37.0,1,4,2,children_playing
192382-2-0-67.wav,33.5,37.5,1,4,2,children_playing
192382-2-0-8.wav,4.0,8.0,1,4,2,children_playing
192382-2-0-9.wav,4.5,8.5,1,4,2,children_playing
19338-5-0-0.wav,2.578426,6.578426,1,3,5,engine_idling
19338-5-1-0.wav,15.400867,19.400867,1,3,5,engine_idling
19338-5-2-0.wav,27.421906,31.421906,1,3,5,engine_idling
19338-5-3-0.wav,43.659019,44.425578,1,3,5,engine_idling
193394-3-0-10.wav,5.0,9.0,1,1,3,dog_bark
193394-3-0-11.wav,5.5,9.5,1,1,3,dog_bark
193394-3-0-4.wav,2.0,6.0,1,1,3,dog_bark
193394-3-0-7.wav,3.5,7.5,1,1,3,dog_bark
193697-2-0-103.wav,51.5,55.5,2,6,2,children_playing
193697-2-0-107.wav,53.5,57.5,2,6,2,children_playing
193697-2-0-110.wav,55.0,59.0,2,6,2,children_playing
193697-2-0-135.wav,67.5,71.5,2,6,2,children_playing
193697-2-0-5.wav,2.5,6.5,2,6,2,children_playing
193697-2-0-90.wav,45.0,49.0,2,6,2,children_playing
193697-2-0-99.wav,49.5,53.5,2,6,2,children_playing
193698-2-0-112.wav,56.0,60.0,2,1,2,children_playing
193698-2-0-113.wav,56.5,60.5,2,1,2,children_playing
193698-2-0-114.wav,57.0,61.0,2,1,2,children_playing
193698-2-0-140.wav,70.0,74.0,2,1,2,children_playing
193698-2-0-42.wav,21.0,25.0,2,1,2,children_playing
193698-2-0-58.wav,29.0,33.0,2,1,2,children_playing
193698-2-0-64.wav,32.0,36.0,2,1,2,children_playing
193698-2-0-89.wav,44.5,48.5,2,1,2,children_playing
193699-2-0-109.wav,54.5,58.5,2,8,2,children_playing
193699-2-0-3.wav,1.5,5.5,2,8,2,children_playing
193699-2-0-32.wav,16.0,20.0,2,8,2,children_playing
193699-2-0-33.wav,16.5,20.5,2,8,2,children_playing
193699-2-0-46.wav,23.0,27.0,2,8,2,children_playing
193699-2-0-54.wav,27.0,31.0,2,8,2,children_playing
193699-2-0-62.wav,31.0,35.0,2,8,2,children_playing
193699-2-0-69.wav,34.5,38.5,2,8,2,children_playing
194321-9-0-100.wav,50.0,54.0,1,6,9,street_music
194321-9-0-126.wav,63.0,67.0,1,6,9,street_music
194321-9-0-150.wav,75.0,79.0,1,6,9,street_music
194321-9-0-241.wav,120.5,124.5,1,6,9,street_music
194321-9-0-6.wav,3.0,7.0,1,6,9,street_music
194321-9-0-61.wav,30.5,34.5,1,6,9,street_music
194458-9-0-2.wav,1.0,5.0,2,4,9,street_music
194458-9-0-34.wav,17.0,21.0,2,4,9,street_music
194458-9-1-122.wav,163.261507,167.261507,2,4,9,street_music
194458-9-1-75.wav,139.761507,143.761507,2,4,9,street_music
194458-9-1-91.wav,147.761507,151.761507,2,4,9,street_music
194732-9-0-126.wav,57.235978,61.235978,1,1,9,street_music
194732-9-0-163.wav,75.735978,79.735978,1,1,9,street_music
194732-9-0-171.wav,79.735978,83.735978,1,1,9,street_music
194732-9-0-175.wav,81.735978,85.735978,1,1,9,street_music
194732-9-0-191.wav,89.735978,93.735978,1,1,9,street_music
194732-9-0-41.wav,14.735978,18.735978,1,1,9,street_music
194732-9-0-95.wav,41.735978,45.735978,1,1,9,street_music
194733-9-0-1.wav,0.5,4.5,1,8,9,street_music
194733-9-0-10.wav,5.0,9.0,1,8,9,street_music
194733-9-0-11.wav,5.5,9.5,1,8,9,street_music
194733-9-0-12.wav,6.0,10.0,1,8,9,street_music
194733-9-0-14.wav,7.0,11.0,1,8,9,street_music
194733-9-0-16.wav,8.0,12.0,1,8,9,street_music
194733-9-0-7.wav,3.5,7.5,1,8,9,street_music
194753-3-0-0.wav,0.0,0.752941,2,6,3,dog_bark
194753-3-1-0.wav,2.917647,4.729412,2,6,3,dog_bark
194753-3-2-0.wav,8.235294,9.2,2,6,3,dog_bark
194753-3-3-0.wav,13.105882,13.858824,2,6,3,dog_bark
194754-3-0-0.wav,0.312357,4.312357,1,7,3,dog_bark
194754-3-0-1.wav,0.812357,4.812357,1,7,3,dog_bark
194754-3-0-2.wav,1.312357,5.312357,1,7,3,dog_bark
194841-9-0-130.wav,65.0,69.0,1,2,9,street_music
194841-9-0-144.wav,72.0,76.0,1,2,9,street_music
194841-9-0-164.wav,82.0,86.0,1,2,9,street_music
194841-9-0-178.wav,89.0,93.0,1,2,9,street_music
194841-9-0-222.wav,111.0,115.0,1,2,9,street_music
194841-9-0-48.wav,24.0,28.0,1,2,9,street_music
194910-9-0-108.wav,54.0,58.0,1,5,9,street_music
194910-9-0-26.wav,13.0,17.0,1,5,9,street_music
194910-9-0-5.wav,2.5,6.5,1,5,9,street_music
194910-9-0-63.wav,31.5,35.5,1,5,9,street_music
194910-9-0-65.wav,32.5,36.5,1,5,9,street_music
19496-3-0-0.wav,32.082004,36.082004,2,3,3,dog_bark
19496-3-1-0.wav,41.420638,45.420638,2,3,3,dog_bark
19496-3-1-1.wav,41.920638,45.920638,2,3,3,dog_bark
194962-5-0-0.wav,4.151762,8.151762,1,7,5,engine_idling
194962-5-0-1.wav,4.651762,8.651762,1,7,5,engine_idling
194962-5-0-2.wav,5.151762,9.151762,1,7,5,engine_idling
19503-3-0-0.wav,0.126733,4.087129,2,5,3,dog_bark
19503-3-1-0.wav,19.152475,21.544554,2,5,3,dog_bark
19503-3-2-0.wav,23.112871,23.809901,2,5,3,dog_bark
195451-5-0-0.wav,2.249062,6.249062,1,3,5,engine_idling
195451-5-0-1.wav,2.749062,6.749062,1,3,5,engine_idling
195451-5-0-10.wav,7.249062,11.249062,1,3,5,engine_idling
195451-5-0-11.wav,7.749062,11.749062,1,3,5,engine_idling
195451-5-0-12.wav,8.249062,12.249062,1,3,5,engine_idling
195451-5-0-13.wav,8.749062,12.749062,1,3,5,engine_idling
195451-5-0-14.wav,9.249062,13.249062,1,3,5,engine_idling
195451-5-0-15.wav,9.749062,13.749062,1,3,5,engine_idling
195451-5-0-16.wav,10.249062,14.249062,1,3,5,engine_idling
195451-5-0-17.wav,10.749062,14.749062,1,3,5,engine_idling
195451-5-0-18.wav,11.249062,15.249062,1,3,5,engine_idling
195451-5-0-19.wav,11.749062,15.749062,1,3,5,engine_idling
195451-5-0-2.wav,3.249062,7.249062,1,3,5,engine_idling
195451-5-0-20.wav,12.249062,16.249062000000002,1,3,5,engine_idling
195451-5-0-21.wav,12.749062,16.749062000000002,1,3,5,engine_idling
195451-5-0-3.wav,3.749062,7.749062,1,3,5,engine_idling
195451-5-0-4.wav,4.249062,8.249062,1,3,5,engine_idling
195451-5-0-5.wav,4.749062,8.749062,1,3,5,engine_idling
195451-5-0-6.wav,5.249062,9.249062,1,3,5,engine_idling
195451-5-0-7.wav,5.749062,9.749062,1,3,5,engine_idling
195451-5-0-8.wav,6.249062,10.249062,1,3,5,engine_idling
195451-5-0-9.wav,6.749062,10.749062,1,3,5,engine_idling
195969-0-0-1.wav,283.98561,287.98561,2,4,0,air_conditioner
195969-0-0-10.wav,288.48561,292.48561,2,4,0,air_conditioner
195969-0-0-12.wav,289.48561,293.48561,2,4,0,air_conditioner
195969-0-0-13.wav,289.98561,293.98561,2,4,0,air_conditioner
195969-0-0-14.wav,290.48561,294.48561,2,4,0,air_conditioner
195969-0-0-15.wav,290.98561,294.98561,2,4,0,air_conditioner
195969-0-0-17.wav,291.98561,295.98561,2,4,0,air_conditioner
195969-0-0-18.wav,292.48561,296.48561,2,4,0,air_conditioner
195969-0-0-19.wav,292.98561,296.98561,2,4,0,air_conditioner
195969-0-0-2.wav,284.48561,288.48561,2,4,0,air_conditioner
195969-0-0-20.wav,293.48561,297.48561,2,4,0,air_conditioner
195969-0-0-21.wav,293.98561,297.98561,2,4,0,air_conditioner
195969-0-0-22.wav,294.48561,298.48561,2,4,0,air_conditioner
195969-0-0-24.wav,295.48561,299.48561,2,4,0,air_conditioner
195969-0-0-25.wav,295.98561,299.98561,2,4,0,air_conditioner
195969-0-0-26.wav,296.48561,300.48561,2,4,0,air_conditioner
195969-0-0-28.wav,297.48561,301.48561,2,4,0,air_conditioner
195969-0-0-4.wav,285.48561,289.48561,2,4,0,air_conditioner
195969-0-0-5.wav,285.98561,289.98561,2,4,0,air_conditioner
195969-0-0-6.wav,286.48561,290.48561,2,4,0,air_conditioner
195969-0-0-7.wav,286.98561,290.98561,2,4,0,air_conditioner
195969-0-0-8.wav,287.48561,291.48561,2,4,0,air_conditioner
195969-0-0-9.wav,287.98561,291.98561,2,4,0,air_conditioner
196057-2-0-0.wav,0.0,4.0,1,8,2,children_playing
196059-2-0-0.wav,0.0,4.0,1,7,2,children_playing
196059-2-0-1.wav,0.5,4.5,1,7,2,children_playing
196060-2-0-0.wav,0.0,1.501723,1,3,2,children_playing
196061-2-0-0.wav,0.0,2.03102,1,4,2,children_playing
196062-2-0-0.wav,0.0,2.413333,1,5,2,children_playing
196063-2-0-0.wav,0.0,4.0,1,2,2,children_playing
196063-2-0-1.wav,0.5,4.5,1,2,2,children_playing
196063-2-0-2.wav,1.0,5.0,1,2,2,children_playing
196064-2-0-0.wav,0.0,1.243741,1,7,2,children_playing
196065-2-0-0.wav,0.0,2.712381,1,1,2,children_playing
196067-2-0-0.wav,0.0,4.0,1,2,2,children_playing
196068-2-0-0.wav,0.0,4.0,1,8,2,children_playing
196068-2-0-1.wav,0.5,4.5,1,8,2,children_playing
196070-2-0-0.wav,0.0,4.0,1,7,2,children_playing
196070-2-0-1.wav,0.5,4.5,1,7,2,children_playing
196070-2-0-2.wav,1.0,5.0,1,7,2,children_playing
196070-2-0-3.wav,1.5,5.5,1,7,2,children_playing
196070-2-0-4.wav,2.0,6.0,1,7,2,children_playing
196070-2-0-5.wav,2.5,6.5,1,7,2,children_playing
196071-2-0-0.wav,0.0,1.333764,1,5,2,children_playing
196072-2-0-0.wav,0.0,2.985714,1,4,2,children_playing
196073-2-0-0.wav,0.0,3.788776,1,3,2,children_playing
196074-2-0-0.wav,0.0,2.194671,1,8,2,children_playing
196075-2-0-0.wav,0.0,3.499705,1,7,2,children_playing
196076-2-0-0.wav,0.0,2.355669,1,6,2,children_playing
196077-2-0-0.wav,0.0,4.0,1,6,2,children_playing
196077-2-0-1.wav,0.5,4.5,1,6,2,children_playing
196078-2-0-0.wav,0.0,2.459478,1,2,2,children_playing
196079-2-0-0.wav,0.0,2.391542,1,1,2,children_playing
196080-2-0-0.wav,0.0,1.254739,1,4,2,children_playing
196081-2-0-0.wav,0.0,2.939683,1,5,2,children_playing
196082-2-0-0.wav,0.0,3.315397,1,2,2,children_playing
196083-2-0-0.wav,0.0,4.0,1,3,2,children_playing
196085-2-0-0.wav,0.0,4.0,1,5,2,children_playing
196085-2-0-1.wav,0.5,4.5,1,5,2,children_playing
196085-2-0-2.wav,1.0,5.0,1,5,2,children_playing
196085-2-0-3.wav,1.5,5.5,1,5,2,children_playing
196085-2-0-4.wav,2.0,6.0,1,5,2,children_playing
196087-2-0-0.wav,0.0,4.0,1,1,2,children_playing
196088-2-0-0.wav,0.0,2.140295,1,6,2,children_playing
196384-9-0-11.wav,5.5,9.5,1,2,9,street_music
196384-9-0-15.wav,7.5,11.5,1,2,9,street_music
196384-9-0-16.wav,8.0,12.0,1,2,9,street_music
196384-9-0-18.wav,9.0,13.0,1,2,9,street_music
196384-9-0-2.wav,1.0,5.0,1,2,9,street_music
196384-9-0-27.wav,13.5,17.5,1,2,9,street_music
196400-6-0-0.wav,0.0,3.139605,1,1,6,gun_shot
196561-3-0-16.wav,8.0,12.0,1,8,3,dog_bark
196561-3-0-29.wav,14.5,18.5,1,8,3,dog_bark
196561-3-0-44.wav,22.0,26.0,1,8,3,dog_bark
196561-3-0-9.wav,4.5,8.5,1,8,3,dog_bark
197073-3-0-0.wav,0.0,0.6576,1,1,3,dog_bark
197073-3-3-0.wav,6.653365,7.610753,1,1,3,dog_bark
197073-3-4-3.wav,11.209271,15.209271,1,1,3,dog_bark
197073-3-7-0.wav,29.031106,33.031106,1,1,3,dog_bark
197074-3-0-4.wav,2.0,6.0,1,3,3,dog_bark
197074-3-0-5.wav,2.5,6.5,1,3,3,dog_bark
197074-3-0-6.wav,3.0,7.0,1,3,3,dog_bark
197075-3-1-1.wav,16.753779,20.753779,2,6,3,dog_bark
197075-3-4-1.wav,46.566409,50.566409,2,6,3,dog_bark
197075-3-6-0.wav,63.920301,67.920301,2,6,3,dog_bark
197075-3-7-5.wav,77.031576,81.031576,2,6,3,dog_bark
197080-3-0-1.wav,0.5,4.5,1,7,3,dog_bark
197080-3-0-6.wav,3.0,7.0,1,7,3,dog_bark
197080-3-0-7.wav,3.5,7.5,1,7,3,dog_bark
197080-3-1-0.wav,22.422118,26.422118,1,7,3,dog_bark
197243-3-0-0.wav,0.407216,1.042196,1,5,3,dog_bark
197243-3-1-0.wav,2.149961,2.733176,1,5,3,dog_bark
197318-6-0-0.wav,0.401594,1.93267,1,1,6,gun_shot
197318-6-1-0.wav,2.409563,4.216735,1,1,6,gun_shot
197318-6-10-0.wav,31.24902,32.5291,1,1,6,gun_shot
197318-6-11-0.wav,33.909579,35.741851,1,1,6,gun_shot
197318-6-12-0.wav,37.549023,38.879303,1,1,6,gun_shot
197318-6-2-0.wav,4.417532,6.350202,1,1,6,gun_shot
197318-6-3-0.wav,6.801996,8.759765,1,1,6,gun_shot
197318-6-4-0.wav,10.843033,12.800803,1,1,6,gun_shot
197318-6-5-0.wav,13.70439,15.411163,1,1,6,gun_shot
197318-6-6-0.wav,16.641044,18.724312,1,1,6,gun_shot
197318-6-7-0.wav,20.054592,21.886864,1,1,6,gun_shot
197318-6-8-0.wav,22.388856,24.07053,1,1,6,gun_shot
197318-6-9-0.wav,27.659775,29.592446,1,1,6,gun_shot
197320-6-0-0.wav,0.830595,2.88401,1,2,6,gun_shot
197320-6-1-0.wav,2.88401,4.914352,1,2,6,gun_shot
197320-6-10-0.wav,31.631818,34.262035,1,2,6,gun_shot
197320-6-11-0.wav,34.262035,37.284477,1,2,6,gun_shot
197320-6-12-0.wav,37.884351,40.653,1,2,6,gun_shot
197320-6-2-0.wav,4.914352,7.290776,1,2,6,gun_shot
197320-6-3-0.wav,7.290776,9.805633,1,2,6,gun_shot
197320-6-4-0.wav,11.236102,14.097039,1,2,6,gun_shot
197320-6-5-0.wav,14.097039,16.934905,1,2,6,gun_shot
197320-6-6-0.wav,17.142553,19.841986,1,2,6,gun_shot
197320-6-7-0.wav,20.372644,22.77214,1,2,6,gun_shot
197320-6-8-0.wav,22.77214,25.171636,1,2,6,gun_shot
197320-6-9-0.wav,28.078718,30.501286,1,2,6,gun_shot
199769-1-0-0.wav,0.848273,4.848273,1,3,1,car_horn
199769-1-0-1.wav,1.348273,5.348273,1,3,1,car_horn
199769-1-0-10.wav,5.848273,9.848273,1,3,1,car_horn
199769-1-0-11.wav,6.348273,10.348273,1,3,1,car_horn
199769-1-0-12.wav,6.848273,10.848273,1,3,1,car_horn
199769-1-0-13.wav,7.348273,11.348273,1,3,1,car_horn
199769-1-0-14.wav,7.848273,11.848273,1,3,1,car_horn
199769-1-0-15.wav,8.348273,12.348273,1,3,1,car_horn
199769-1-0-16.wav,8.848273,12.848273,1,3,1,car_horn
199769-1-0-17.wav,9.348273,13.348273,1,3,1,car_horn
199769-1-0-18.wav,9.848273,13.848273,1,3,1,car_horn
199769-1-0-2.wav,1.848273,5.848273,1,3,1,car_horn
199769-1-0-3.wav,2.348273,6.348273,1,3,1,car_horn
199769-1-0-4.wav,2.848273,6.848273,1,3,1,car_horn
199769-1-0-5.wav,3.348273,7.348273,1,3,1,car_horn
199769-1-0-6.wav,3.848273,7.848273,1,3,1,car_horn
199769-1-0-7.wav,4.348273,8.348272999999999,1,3,1,car_horn
199769-1-0-8.wav,4.848273,8.848272999999999,1,3,1,car_horn
199769-1-0-9.wav,5.348273,9.348273,1,3,1,car_horn
199929-4-0-0.wav,0.0,2.349659,1,4,4,drilling
199929-4-1-0.wav,3.013303,5.793434,1,4,4,drilling
199929-4-2-0.wav,6.522845,10.050322,1,4,4,drilling
20015-3-0-12.wav,29.26305,33.26305,2,5,3,dog_bark
20015-3-0-14.wav,30.26305,34.26305,2,5,3,dog_bark
20015-3-0-19.wav,32.76305,36.76305,2,5,3,dog_bark
20015-3-0-4.wav,25.26305,29.26305,2,5,3,dog_bark
200161-3-6-0.wav,37.617328,41.617328,1,3,3,dog_bark
200161-3-6-3.wav,39.117328,43.117328,1,3,3,dog_bark
200161-3-6-4.wav,39.617328,43.617328,1,3,3,dog_bark
200161-3-7-0.wav,55.340876,56.104476,1,3,3,dog_bark
201207-3-0-0.wav,0.0,2.083529,1,4,3,dog_bark
201207-3-13-0.wav,62.777647,65.072549,1,4,3,dog_bark
201207-3-21-0.wav,102.48549,105.41451,1,4,3,dog_bark
201207-3-29-0.wav,140.774118,144.774118,1,4,3,dog_bark
201652-5-0-0.wav,0.0,4.0,1,2,5,engine_idling
201652-5-0-1.wav,0.5,4.5,1,2,5,engine_idling
201652-5-0-2.wav,1.0,5.0,1,2,5,engine_idling
201652-5-0-3.wav,1.5,5.5,1,2,5,engine_idling
201652-5-1-0.wav,38.967822,42.967822,1,2,5,engine_idling
201652-5-2-0.wav,71.448515,75.448515,1,2,5,engine_idling
201652-5-2-1.wav,71.948515,75.948515,1,2,5,engine_idling
201652-5-2-2.wav,72.448515,76.448515,1,2,5,engine_idling
201652-5-2-3.wav,72.948515,76.948515,1,2,5,engine_idling
201652-5-2-4.wav,73.448515,77.448515,1,2,5,engine_idling
201652-5-2-5.wav,73.948515,77.948515,1,2,5,engine_idling
201652-5-3-0.wav,124.201485,128.201485,1,2,5,engine_idling
201652-5-3-1.wav,124.701485,128.701485,1,2,5,engine_idling
201652-5-3-2.wav,125.201485,129.201485,1,2,5,engine_idling
201652-5-3-3.wav,125.701485,129.701485,1,2,5,engine_idling
201652-5-3-4.wav,126.201485,130.201485,1,2,5,engine_idling
201652-5-4-0.wav,182.94604,186.94604,1,2,5,engine_idling
201652-5-4-1.wav,183.44604,187.44604,1,2,5,engine_idling
201652-5-4-2.wav,183.94604,187.94604,1,2,5,engine_idling
201652-5-4-3.wav,184.44604,188.44604,1,2,5,engine_idling
201652-5-4-4.wav,184.94604,188.94604,1,2,5,engine_idling
201652-5-4-5.wav,185.44604,189.44604,1,2,5,engine_idling
201652-5-4-6.wav,185.94604,189.94604,1,2,5,engine_idling
201652-5-4-7.wav,186.44604,190.44604,1,2,5,engine_idling
201652-5-4-8.wav,186.94604,190.94604,1,2,5,engine_idling
201652-5-4-9.wav,187.44604,191.44604,1,2,5,engine_idling
201652-5-5-0.wav,258.809406,262.809406,1,2,5,engine_idling
201652-5-5-1.wav,259.309406,263.309406,1,2,5,engine_idling
201652-5-5-2.wav,259.809406,263.809406,1,2,5,engine_idling
201652-5-5-3.wav,260.309406,264.309406,1,2,5,engine_idling
201652-5-5-4.wav,260.809406,264.809406,1,2,5,engine_idling
201652-5-5-5.wav,261.309406,265.309406,1,2,5,engine_idling
201988-5-0-0.wav,1.671607,5.671607,1,7,5,engine_idling
201988-5-0-1.wav,2.171607,6.171607,1,7,5,engine_idling
201988-5-0-10.wav,6.671607,10.671607,1,7,5,engine_idling
201988-5-0-11.wav,7.171607,11.171607,1,7,5,engine_idling
201988-5-0-12.wav,7.671607,11.671607,1,7,5,engine_idling
201988-5-0-13.wav,8.171607,12.171607,1,7,5,engine_idling
201988-5-0-14.wav,8.671607,12.671607,1,7,5,engine_idling
201988-5-0-15.wav,9.171607,13.171607,1,7,5,engine_idling
201988-5-0-16.wav,9.671607,13.671607,1,7,5,engine_idling
201988-5-0-17.wav,10.171607,14.171607,1,7,5,engine_idling
201988-5-0-18.wav,10.671607,14.671607,1,7,5,engine_idling
201988-5-0-19.wav,11.171607,15.171607,1,7,5,engine_idling
201988-5-0-2.wav,2.671607,6.671607,1,7,5,engine_idling
201988-5-0-20.wav,11.671607,15.671607,1,7,5,engine_idling
201988-5-0-21.wav,12.171607,16.171607,1,7,5,engine_idling
201988-5-0-22.wav,12.671607,16.671607,1,7,5,engine_idling
201988-5-0-3.wav,3.171607,7.171607,1,7,5,engine_idling
201988-5-0-4.wav,3.671607,7.671607,1,7,5,engine_idling
201988-5-0-5.wav,4.171607,8.171607,1,7,5,engine_idling
201988-5-0-6.wav,4.671607,8.671607,1,7,5,engine_idling
201988-5-0-7.wav,5.171607,9.171607,1,7,5,engine_idling
201988-5-0-8.wav,5.671607,9.671607,1,7,5,engine_idling
201988-5-0-9.wav,6.171607,10.171607,1,7,5,engine_idling
201988-5-1-0.wav,53.567401,56.302757,1,7,5,engine_idling
202516-0-0-0.wav,0.0,4.0,1,7,0,air_conditioner
202516-0-0-1.wav,0.5,4.5,1,7,0,air_conditioner
202516-0-0-10.wav,5.0,9.0,1,7,0,air_conditioner
202516-0-0-11.wav,5.5,9.5,1,7,0,air_conditioner
202516-0-0-2.wav,1.0,5.0,1,7,0,air_conditioner
202516-0-0-3.wav,1.5,5.5,1,7,0,air_conditioner
202516-0-0-4.wav,2.0,6.0,1,7,0,air_conditioner
202516-0-0-5.wav,2.5,6.5,1,7,0,air_conditioner
202516-0-0-6.wav,3.0,7.0,1,7,0,air_conditioner
202516-0-0-7.wav,3.5,7.5,1,7,0,air_conditioner
202516-0-0-8.wav,4.0,8.0,1,7,0,air_conditioner
202516-0-0-9.wav,4.5,8.5,1,7,0,air_conditioner
202517-0-0-0.wav,0.0,4.0,1,4,0,air_conditioner
20285-3-0-0.wav,1.940273,5.940273,1,5,3,dog_bark
20285-3-1-0.wav,8.837448,12.837448,1,5,3,dog_bark
20285-3-1-1.wav,9.337448,13.337448,1,5,3,dog_bark
20285-3-2-0.wav,18.510488,19.062828,1,5,3,dog_bark
203128-3-1-0.wav,3.414972,5.302693,1,2,3,dog_bark
203128-3-3-0.wav,10.083655,10.529498,1,2,3,dog_bark
203128-3-6-0.wav,13.517599,15.291487,1,2,3,dog_bark
203128-3-9-0.wav,19.607633,21.40998,1,2,3,dog_bark
203355-3-0-0.wav,42.985765,44.114,2,6,3,dog_bark
203355-3-1-0.wav,47.291863,48.250863,2,6,3,dog_bark
203356-3-0-0.wav,37.465647,41.465647,2,1,3,dog_bark
203356-3-0-1.wav,37.965647,41.965647,2,1,3,dog_bark
203356-3-0-2.wav,38.465647,42.465647,2,1,3,dog_bark
203356-3-0-3.wav,38.965647,42.965647,2,1,3,dog_bark
203440-3-0-0.wav,23.509202,27.509202,2,1,3,dog_bark
203440-3-0-1.wav,24.009202,28.009202,2,1,3,dog_bark
203440-3-0-5.wav,26.009202,30.009202,2,1,3,dog_bark
203440-3-0-6.wav,26.509202,30.509202,2,1,3,dog_bark
203516-3-0-0.wav,7.554407,9.492609,2,5,3,dog_bark
203654-9-0-15.wav,7.5,11.5,2,5,9,street_music
203654-9-0-28.wav,14.0,18.0,2,5,9,street_music
203654-9-0-39.wav,19.5,23.5,2,5,9,street_music
203654-9-0-42.wav,21.0,25.0,2,5,9,street_music
203654-9-0-60.wav,30.0,34.0,2,5,9,street_music
203654-9-0-8.wav,4.0,8.0,2,5,9,street_music
203913-8-0-0.wav,0.0,4.0,1,5,8,siren
203913-8-0-1.wav,0.5,4.5,1,5,8,siren
203913-8-0-10.wav,5.0,9.0,1,5,8,siren
203913-8-0-11.wav,5.5,9.5,1,5,8,siren
203913-8-0-12.wav,6.0,10.0,1,5,8,siren
203913-8-0-2.wav,1.0,5.0,1,5,8,siren
203913-8-0-3.wav,1.5,5.5,1,5,8,siren
203913-8-0-4.wav,2.0,6.0,1,5,8,siren
203913-8-0-5.wav,2.5,6.5,1,5,8,siren
203913-8-0-6.wav,3.0,7.0,1,5,8,siren
203913-8-0-7.wav,3.5,7.5,1,5,8,siren
203913-8-0-8.wav,4.0,8.0,1,5,8,siren
203913-8-0-9.wav,4.5,8.5,1,5,8,siren
203913-8-1-0.wav,42.137646,46.137646,2,5,8,siren
203913-8-1-1.wav,42.637646,46.637646,2,5,8,siren
203913-8-1-2.wav,43.137646,47.137646,2,5,8,siren
203913-8-1-3.wav,43.637646,47.637646,2,5,8,siren
203913-8-1-4.wav,44.137646,48.137646,2,5,8,siren
203913-8-1-5.wav,44.637646,48.637646,2,5,8,siren
203929-7-1-0.wav,34.862871,38.862871,2,2,7,jackhammer
203929-7-1-1.wav,35.362871,39.362871,2,2,7,jackhammer
203929-7-1-2.wav,35.862871,39.862871,2,2,7,jackhammer
203929-7-1-3.wav,36.362871,40.362871,2,2,7,jackhammer
203929-7-1-6.wav,37.862871,41.862871,2,2,7,jackhammer
203929-7-1-7.wav,38.362871,42.362871,2,2,7,jackhammer
203929-7-1-8.wav,38.862871,42.862871,2,2,7,jackhammer
203929-7-10-0.wav,511.592356,515.592356,2,2,7,jackhammer
203929-7-10-1.wav,512.092356,516.092356,2,2,7,jackhammer
203929-7-10-2.wav,512.592356,516.592356,2,2,7,jackhammer
203929-7-2-0.wav,80.265679,84.265679,2,2,7,jackhammer
203929-7-2-11.wav,85.765679,89.765679,2,2,7,jackhammer
203929-7-2-2.wav,81.265679,85.265679,2,2,7,jackhammer
203929-7-2-3.wav,81.765679,85.765679,2,2,7,jackhammer
203929-7-2-5.wav,82.765679,86.765679,2,2,7,jackhammer
203929-7-2-6.wav,83.265679,87.265679,2,2,7,jackhammer
203929-7-2-8.wav,84.265679,88.265679,2,2,7,jackhammer
203929-7-2-9.wav,84.765679,88.765679,2,2,7,jackhammer
203929-7-3-1.wav,110.763963,114.763963,2,2,7,jackhammer
203929-7-3-10.wav,115.263963,119.263963,2,2,7,jackhammer
203929-7-3-2.wav,111.263963,115.263963,2,2,7,jackhammer
203929-7-3-3.wav,111.763963,115.763963,2,2,7,jackhammer
203929-7-3-5.wav,112.763963,116.763963,2,2,7,jackhammer
203929-7-3-9.wav,114.763963,118.763963,2,2,7,jackhammer
203929-7-4-0.wav,139.451482,143.451482,2,2,7,jackhammer
203929-7-4-1.wav,139.951482,143.951482,2,2,7,jackhammer
203929-7-4-10.wav,144.451482,148.451482,2,2,7,jackhammer
203929-7-4-11.wav,144.951482,148.951482,2,2,7,jackhammer
203929-7-4-12.wav,145.451482,149.451482,2,2,7,jackhammer
203929-7-4-2.wav,140.451482,144.451482,2,2,7,jackhammer
203929-7-4-4.wav,141.451482,145.451482,2,2,7,jackhammer
203929-7-4-6.wav,142.451482,146.451482,2,2,7,jackhammer
203929-7-4-7.wav,142.951482,146.951482,2,2,7,jackhammer
203929-7-4-8.wav,143.451482,147.451482,2,2,7,jackhammer
203929-7-5-0.wav,171.882059,175.882059,2,2,7,jackhammer
203929-7-5-1.wav,172.382059,176.382059,2,2,7,jackhammer
203929-7-5-10.wav,176.882059,180.882059,2,2,7,jackhammer
203929-7-5-11.wav,177.382059,181.382059,2,2,7,jackhammer
203929-7-5-6.wav,174.882059,178.882059,2,2,7,jackhammer
203929-7-5-7.wav,175.382059,179.382059,2,2,7,jackhammer
203929-7-6-1.wav,209.271841,213.271841,2,2,7,jackhammer
203929-7-6-10.wav,213.771841,217.771841,2,2,7,jackhammer
203929-7-6-11.wav,214.271841,218.271841,2,2,7,jackhammer
203929-7-6-2.wav,209.771841,213.771841,2,2,7,jackhammer
203929-7-6-3.wav,210.271841,214.271841,2,2,7,jackhammer
203929-7-6-8.wav,212.771841,216.771841,2,2,7,jackhammer
203929-7-6-9.wav,213.271841,217.271841,2,2,7,jackhammer
203929-7-7-0.wav,300.388222,304.388222,2,2,7,jackhammer
203929-7-7-10.wav,305.388222,309.388222,2,2,7,jackhammer
203929-7-7-12.wav,306.388222,310.388222,2,2,7,jackhammer
203929-7-7-13.wav,306.888222,310.888222,2,2,7,jackhammer
203929-7-7-14.wav,307.388222,311.388222,2,2,7,jackhammer
203929-7-7-15.wav,307.888222,311.888222,2,2,7,jackhammer
203929-7-7-16.wav,308.388222,312.388222,2,2,7,jackhammer
203929-7-7-2.wav,301.388222,305.388222,2,2,7,jackhammer
203929-7-7-3.wav,301.888222,305.888222,2,2,7,jackhammer
203929-7-7-4.wav,302.388222,306.388222,2,2,7,jackhammer
203929-7-7-9.wav,304.888222,308.888222,2,2,7,jackhammer
203929-7-8-0.wav,347.007176,351.007176,2,2,7,jackhammer
203929-7-9-0.wav,355.520203,359.520203,2,2,7,jackhammer
203929-7-9-11.wav,361.020203,365.020203,2,2,7,jackhammer
203929-7-9-12.wav,361.520203,365.520203,2,2,7,jackhammer
203929-7-9-15.wav,363.020203,367.020203,2,2,7,jackhammer
203929-7-9-17.wav,364.020203,368.020203,2,2,7,jackhammer
203929-7-9-18.wav,364.520203,368.520203,2,2,7,jackhammer
203929-7-9-19.wav,365.020203,369.020203,2,2,7,jackhammer
203929-7-9-20.wav,365.520203,369.520203,2,2,7,jackhammer
203929-7-9-24.wav,367.520203,371.520203,2,2,7,jackhammer
203929-7-9-4.wav,357.520203,361.520203,2,2,7,jackhammer
203929-7-9-6.wav,358.520203,362.520203,2,2,7,jackhammer
203929-7-9-8.wav,359.520203,363.520203,2,2,7,jackhammer
203929-7-9-9.wav,360.020203,364.020203,2,2,7,jackhammer
203956-1-0-0.wav,14.903579,16.239277,1,4,1,car_horn
203962-5-0-0.wav,0.0,4.0,1,5,5,engine_idling
203962-5-0-1.wav,0.5,4.5,1,5,5,engine_idling
204240-0-0-0.wav,0.0,4.0,1,6,0,air_conditioner
204240-0-0-1.wav,0.5,4.5,1,6,0,air_conditioner
204240-0-0-10.wav,5.0,9.0,1,6,0,air_conditioner
204240-0-0-11.wav,5.5,9.5,1,6,0,air_conditioner
204240-0-0-12.wav,6.0,10.0,1,6,0,air_conditioner
204240-0-0-13.wav,6.5,10.5,1,6,0,air_conditioner
204240-0-0-14.wav,7.0,11.0,1,6,0,air_conditioner
204240-0-0-15.wav,7.5,11.5,1,6,0,air_conditioner
204240-0-0-16.wav,8.0,12.0,1,6,0,air_conditioner
204240-0-0-17.wav,8.5,12.5,1,6,0,air_conditioner
204240-0-0-18.wav,9.0,13.0,1,6,0,air_conditioner
204240-0-0-19.wav,9.5,13.5,1,6,0,air_conditioner
204240-0-0-2.wav,1.0,5.0,1,6,0,air_conditioner
204240-0-0-20.wav,10.0,14.0,1,6,0,air_conditioner
204240-0-0-21.wav,10.5,14.5,1,6,0,air_conditioner
204240-0-0-22.wav,11.0,15.0,1,6,0,air_conditioner
204240-0-0-23.wav,11.5,15.5,1,6,0,air_conditioner
204240-0-0-25.wav,12.5,16.5,1,6,0,air_conditioner
204240-0-0-26.wav,13.0,17.0,1,6,0,air_conditioner
204240-0-0-27.wav,13.5,17.5,1,6,0,air_conditioner
204240-0-0-28.wav,14.0,18.0,1,6,0,air_conditioner
204240-0-0-29.wav,14.5,18.5,1,6,0,air_conditioner
204240-0-0-3.wav,1.5,5.5,1,6,0,air_conditioner
204240-0-0-30.wav,15.0,19.0,1,6,0,air_conditioner
204240-0-0-31.wav,15.5,19.5,1,6,0,air_conditioner
204240-0-0-32.wav,16.0,20.0,1,6,0,air_conditioner
204240-0-0-33.wav,16.5,20.5,1,6,0,air_conditioner
204240-0-0-34.wav,17.0,21.0,1,6,0,air_conditioner
204240-0-0-35.wav,17.5,21.5,1,6,0,air_conditioner
204240-0-0-5.wav,2.5,6.5,1,6,0,air_conditioner
204240-0-0-6.wav,3.0,7.0,1,6,0,air_conditioner
204240-0-0-7.wav,3.5,7.5,1,6,0,air_conditioner
204240-0-0-8.wav,4.0,8.0,1,6,0,air_conditioner
204240-0-0-9.wav,4.5,8.5,1,6,0,air_conditioner
204408-2-0-19.wav,9.5,13.5,2,5,2,children_playing
204408-2-0-2.wav,1.0,5.0,2,5,2,children_playing
204408-2-0-21.wav,10.5,14.5,2,5,2,children_playing
204408-2-0-36.wav,18.0,22.0,2,5,2,children_playing
204408-2-0-54.wav,27.0,31.0,2,5,2,children_playing
204408-2-0-8.wav,4.0,8.0,2,5,2,children_playing
204408-2-0-83.wav,41.5,45.5,2,5,2,children_playing
204408-2-0-9.wav,4.5,8.5,2,5,2,children_playing
204526-2-0-121.wav,60.5,64.5,1,8,2,children_playing
204526-2-0-134.wav,67.0,71.0,1,8,2,children_playing
204526-2-0-153.wav,76.5,80.5,1,8,2,children_playing
204526-2-0-160.wav,80.0,84.0,1,8,2,children_playing
204526-2-0-166.wav,83.0,87.0,1,8,2,children_playing
204526-2-0-193.wav,96.5,100.5,1,8,2,children_playing
204526-2-0-71.wav,35.5,39.5,1,8,2,children_playing
204765-1-0-0.wav,24.327782,26.496128,2,4,1,car_horn
204773-3-7-1.wav,22.362283,26.362283,1,2,3,dog_bark
204773-3-8-0.wav,32.595476,36.595476,1,2,3,dog_bark
204773-3-9-0.wav,42.184968,46.184968,1,2,3,dog_bark
204773-3-9-1.wav,42.684968,46.684968,1,2,3,dog_bark
204919-3-0-0.wav,3.974607,6.064957,2,6,3,dog_bark
204919-3-1-0.wav,10.451745,14.451745,2,6,3,dog_bark
204919-3-3-0.wav,25.525812,26.497383,2,6,3,dog_bark
204919-3-4-0.wav,33.062846,34.093299,2,6,3,dog_bark
205610-4-0-0.wav,0.172531,4.172531,1,8,4,drilling
205610-4-0-1.wav,0.672531,4.672531,1,8,4,drilling
205610-4-0-2.wav,1.172531,5.172531,1,8,4,drilling
205610-4-0-3.wav,1.672531,5.672531,1,8,4,drilling
205610-4-0-4.wav,2.172531,6.172531,1,8,4,drilling
205610-4-0-5.wav,2.672531,6.672531,1,8,4,drilling
205874-4-0-0.wav,0.544125,2.656608,1,5,4,drilling
205874-4-1-0.wav,2.976682,4.721081,1,5,4,drilling
205874-4-10-0.wav,22.453142,23.893472,1,5,4,drilling
205874-4-11-0.wav,24.837688,25.461831,1,5,4,drilling
205874-4-2-0.wav,5.057158,6.833565,1,5,4,drilling
205874-4-3-0.wav,7.137635,7.969825,1,5,4,drilling
205874-4-4-0.wav,8.33791,9.058074,1,5,4,drilling
205874-4-5-0.wav,9.234115,9.95428,1,5,4,drilling
205874-4-6-0.wav,10.450393,12.402841,1,5,4,drilling
205874-4-7-0.wav,13.058991,16.403757,1,5,4,drilling
205874-4-8-0.wav,17.443995,18.804307,1,5,4,drilling
205874-4-9-0.wav,20.612721,21.636955,1,5,4,drilling
205878-4-0-0.wav,0.376207,3.385864,1,5,4,drilling
206037-2-0-11.wav,5.5,9.5,2,4,2,children_playing
206037-2-0-21.wav,10.5,14.5,2,4,2,children_playing
206037-2-0-22.wav,11.0,15.0,2,4,2,children_playing
206037-2-0-25.wav,12.5,16.5,2,4,2,children_playing
206037-2-0-3.wav,1.5,5.5,2,4,2,children_playing
206037-2-0-38.wav,19.0,23.0,2,4,2,children_playing
206037-2-0-4.wav,2.0,6.0,2,4,2,children_playing
206037-2-0-40.wav,20.0,24.0,2,4,2,children_playing
20688-2-0-0.wav,0.0,4.0,1,4,2,children_playing
20688-2-0-1.wav,0.5,4.5,1,4,2,children_playing
20688-2-0-2.wav,1.0,5.0,1,4,2,children_playing
20688-2-0-3.wav,1.5,5.5,1,4,2,children_playing
20688-2-0-4.wav,2.0,6.0,1,4,2,children_playing
207124-3-0-0.wav,0.0,1.04291,1,3,3,dog_bark
207124-3-1-0.wav,2.736347,5.596604,1,3,3,dog_bark
207124-3-2-0.wav,6.84603,10.84603,1,3,3,dog_bark
207214-2-0-126.wav,63.0,67.0,2,8,2,children_playing
207214-2-0-26.wav,13.0,17.0,2,8,2,children_playing
207214-2-0-3.wav,1.5,5.5,2,8,2,children_playing
207214-2-0-31.wav,15.5,19.5,2,8,2,children_playing
207214-2-0-54.wav,27.0,31.0,2,8,2,children_playing
207214-2-0-62.wav,31.0,35.0,2,8,2,children_playing
207214-2-0-63.wav,31.5,35.5,2,8,2,children_playing
207214-2-0-68.wav,34.0,38.0,2,8,2,children_playing
207216-2-0-112.wav,60.554455,64.55445499999999,2,7,2,children_playing
207216-2-0-119.wav,64.054455,68.054455,2,7,2,children_playing
207216-2-0-128.wav,68.554455,72.554455,2,7,2,children_playing
207216-2-0-130.wav,69.554455,73.554455,2,7,2,children_playing
207216-2-0-137.wav,73.054455,77.054455,2,7,2,children_playing
207216-2-0-22.wav,15.554455,19.554455,2,7,2,children_playing
207216-2-0-43.wav,26.054455,30.054455,2,7,2,children_playing
207216-2-0-66.wav,37.554455,41.554455,2,7,2,children_playing
207369-3-0-0.wav,34.995645,35.947188,1,8,3,dog_bark
207962-3-0-0.wav,0.469835,1.066165,1,7,3,dog_bark
207962-3-1-0.wav,1.608282,2.300988,1,7,3,dog_bark
207962-3-2-0.wav,4.071906,5.499482,1,7,3,dog_bark
208030-3-0-0.wav,0.180372,2.119367,1,6,3,dog_bark
208030-3-1-0.wav,2.48011,3.847929,1,6,3,dog_bark
208030-3-2-0.wav,4.223703,5.471274,1,6,3,dog_bark
208030-3-4-0.wav,7.771013,10.897455,1,6,3,dog_bark
20841-3-2-0.wav,7.756822,8.584532,2,3,3,dog_bark
20841-3-3-0.wav,10.831172,11.989966,2,3,3,dog_bark
20841-3-4-0.wav,15.560942,16.719735,2,3,3,dog_bark
20841-3-6-0.wav,29.608358,30.223228,2,3,3,dog_bark
209864-5-0-0.wav,1.580937,5.5809370000000005,1,4,5,engine_idling
209864-5-0-1.wav,2.080937,6.0809370000000005,1,4,5,engine_idling
209864-5-0-2.wav,2.580937,6.5809370000000005,1,4,5,engine_idling
209864-5-0-3.wav,3.080937,7.0809370000000005,1,4,5,engine_idling
209992-5-0-0.wav,5.143535,9.143535,1,7,5,engine_idling
209992-5-1-4.wav,44.137425,48.137425,2,7,5,engine_idling
209992-5-1-7.wav,45.637425,49.637425,2,7,5,engine_idling
209992-5-2-100.wav,158.409901,162.409901,1,7,5,engine_idling
209992-5-2-114.wav,165.409901,169.409901,1,7,5,engine_idling
209992-5-2-115.wav,165.909901,169.909901,1,7,5,engine_idling
209992-5-2-116.wav,166.409901,170.409901,1,7,5,engine_idling
209992-5-2-131.wav,173.909901,177.909901,1,7,5,engine_idling
209992-5-2-137.wav,176.909901,180.909901,1,7,5,engine_idling
209992-5-2-138.wav,177.409901,181.409901,1,7,5,engine_idling
209992-5-2-26.wav,121.409901,125.409901,1,7,5,engine_idling
209992-5-2-42.wav,129.409901,133.409901,1,7,5,engine_idling
209992-5-2-43.wav,129.909901,133.909901,1,7,5,engine_idling
209992-5-2-77.wav,146.909901,150.909901,1,7,5,engine_idling
209992-5-2-79.wav,147.909901,151.909901,1,7,5,engine_idling
209992-5-2-8.wav,112.409901,116.409901,1,7,5,engine_idling
209992-5-2-81.wav,148.909901,152.909901,1,7,5,engine_idling
209992-5-2-82.wav,149.409901,153.409901,1,7,5,engine_idling
209992-5-2-87.wav,151.909901,155.909901,1,7,5,engine_idling
209992-5-2-91.wav,153.909901,157.909901,1,7,5,engine_idling
209992-5-3-22.wav,420.108897,424.108897,1,7,5,engine_idling
209992-5-3-5.wav,411.608897,415.608897,1,7,5,engine_idling
209992-5-3-6.wav,412.108897,416.108897,1,7,5,engine_idling
209992-5-4-1.wav,543.538647,547.538647,2,7,5,engine_idling
209992-5-4-15.wav,550.538647,554.538647,2,7,5,engine_idling
209992-5-4-17.wav,551.538647,555.538647,2,7,5,engine_idling
209992-5-4-3.wav,544.538647,548.538647,2,7,5,engine_idling
21187-5-0-0.wav,0.0,1.22034,1,5,5,engine_idling
21683-9-0-15.wav,18.098564,22.098564,1,7,9,street_music
21683-9-0-18.wav,19.598564,23.598564,1,7,9,street_music
21683-9-0-3.wav,12.098564,16.098564,1,7,9,street_music
21683-9-0-30.wav,25.598564,29.598564,1,7,9,street_music
21683-9-0-34.wav,27.598564,31.598564,1,7,9,street_music
21683-9-0-39.wav,30.098564,34.098564,1,7,9,street_music
21683-9-0-45.wav,33.098564,37.098564,1,7,9,street_music
21684-9-0-12.wav,6.0,10.0,1,1,9,street_music
21684-9-0-25.wav,12.5,16.5,1,1,9,street_music
21684-9-0-30.wav,15.0,19.0,1,1,9,street_music
21684-9-0-39.wav,19.5,23.5,1,1,9,street_music
21684-9-0-5.wav,2.5,6.5,1,1,9,street_music
21684-9-0-50.wav,25.0,29.0,1,1,9,street_music
21684-9-0-7.wav,3.5,7.5,1,1,9,street_music
22347-3-0-0.wav,1.187356,2.271463,1,2,3,dog_bark
22347-3-1-1.wav,4.062067,8.062066999999999,1,2,3,dog_bark
22347-3-1-2.wav,4.562067,8.562066999999999,1,2,3,dog_bark
22347-3-3-0.wav,18.188915,22.188915,1,2,3,dog_bark
22601-8-0-0.wav,0.0,4.0,2,3,8,siren
22601-8-0-1.wav,0.5,4.5,2,3,8,siren
22601-8-0-10.wav,5.0,9.0,2,3,8,siren
22601-8-0-11.wav,5.5,9.5,2,3,8,siren
22601-8-0-12.wav,6.0,10.0,2,3,8,siren
22601-8-0-13.wav,6.5,10.5,2,3,8,siren
22601-8-0-14.wav,7.0,11.0,2,3,8,siren
22601-8-0-15.wav,7.5,11.5,2,3,8,siren
22601-8-0-16.wav,8.0,12.0,2,3,8,siren
22601-8-0-17.wav,8.5,12.5,2,3,8,siren
22601-8-0-18.wav,9.0,13.0,2,3,8,siren
22601-8-0-19.wav,9.5,13.5,2,3,8,siren
22601-8-0-2.wav,1.0,5.0,2,3,8,siren
22601-8-0-20.wav,10.0,14.0,2,3,8,siren
22601-8-0-21.wav,10.5,14.5,2,3,8,siren
22601-8-0-22.wav,11.0,15.0,2,3,8,siren
22601-8-0-23.wav,11.5,15.5,2,3,8,siren
22601-8-0-24.wav,12.0,16.0,2,3,8,siren
22601-8-0-25.wav,12.5,16.5,2,3,8,siren
22601-8-0-26.wav,13.0,17.0,2,3,8,siren
22601-8-0-27.wav,13.5,17.5,2,3,8,siren
22601-8-0-28.wav,14.0,18.0,2,3,8,siren
22601-8-0-29.wav,14.5,18.5,2,3,8,siren
22601-8-0-3.wav,1.5,5.5,2,3,8,siren
22601-8-0-30.wav,15.0,19.0,2,3,8,siren
22601-8-0-31.wav,15.5,19.5,2,3,8,siren
22601-8-0-32.wav,16.0,20.0,2,3,8,siren
22601-8-0-33.wav,16.5,20.5,2,3,8,siren
22601-8-0-34.wav,17.0,21.0,2,3,8,siren
22601-8-0-35.wav,17.5,21.5,2,3,8,siren
22601-8-0-36.wav,18.0,22.0,2,3,8,siren
22601-8-0-37.wav,18.5,22.5,2,3,8,siren
22601-8-0-38.wav,19.0,23.0,2,3,8,siren
22601-8-0-39.wav,19.5,23.5,2,3,8,siren
22601-8-0-4.wav,2.0,6.0,2,3,8,siren
22601-8-0-40.wav,20.0,24.0,2,3,8,siren
22601-8-0-41.wav,20.5,24.5,2,3,8,siren
22601-8-0-42.wav,21.0,25.0,2,3,8,siren
22601-8-0-43.wav,21.5,25.5,2,3,8,siren
22601-8-0-44.wav,22.0,26.0,2,3,8,siren
22601-8-0-45.wav,22.5,26.5,2,3,8,siren
22601-8-0-46.wav,23.0,27.0,2,3,8,siren
22601-8-0-47.wav,23.5,27.5,2,3,8,siren
22601-8-0-48.wav,24.0,28.0,2,3,8,siren
22601-8-0-49.wav,24.5,28.5,2,3,8,siren
22601-8-0-5.wav,2.5,6.5,2,3,8,siren
22601-8-0-50.wav,25.0,29.0,2,3,8,siren
22601-8-0-51.wav,25.5,29.5,2,3,8,siren
22601-8-0-52.wav,26.0,30.0,2,3,8,siren
22601-8-0-53.wav,26.5,30.5,2,3,8,siren
22601-8-0-54.wav,27.0,31.0,2,3,8,siren
22601-8-0-6.wav,3.0,7.0,2,3,8,siren
22601-8-0-7.wav,3.5,7.5,2,3,8,siren
22601-8-0-8.wav,4.0,8.0,2,3,8,siren
22601-8-0-9.wav,4.5,8.5,2,3,8,siren
22883-7-1-0.wav,31.211559,32.39831,1,4,7,jackhammer
22883-7-10-0.wav,70.433689,72.747854,1,4,7,jackhammer
22883-7-100-0.wav,543.499251,545.712001,1,4,7,jackhammer
22883-7-11-0.wav,73.697255,75.833408,1,4,7,jackhammer
22883-7-110-1.wav,600.125356,604.125356,1,4,7,jackhammer
22883-7-17-2.wav,96.533479,100.533479,1,4,7,jackhammer
22883-7-17-4.wav,97.533479,101.533479,1,4,7,jackhammer
22883-7-17-5.wav,98.033479,102.033479,1,4,7,jackhammer
22883-7-18-0.wav,114.106137,116.538977,1,4,7,jackhammer
22883-7-19-0.wav,117.19169,120.395919,1,4,7,jackhammer
22883-7-21-0.wav,126.982388,129.949266,1,4,7,jackhammer
22883-7-23-0.wav,134.399584,138.375201,1,4,7,jackhammer
22883-7-24-0.wav,139.087251,143.087251,1,4,7,jackhammer
22883-7-27-0.wav,156.888521,157.837922,1,4,7,jackhammer
22883-7-28-0.wav,159.914737,161.338838,1,4,7,jackhammer
22883-7-29-2.wav,164.23764,168.23764,1,4,7,jackhammer
22883-7-3-0.wav,42.841722,44.443836,1,4,7,jackhammer
22883-7-33-0.wav,192.240134,193.49602,1,4,7,jackhammer
22883-7-34-0.wav,195.409749,196.45632,1,4,7,jackhammer
22883-7-35-2.wav,200.177405,204.177405,1,4,7,jackhammer
22883-7-35-3.wav,200.677405,204.677405,1,4,7,jackhammer
22883-7-36-0.wav,210.570077,214.570077,1,4,7,jackhammer
22883-7-36-1.wav,211.070077,215.070077,1,4,7,jackhammer
22883-7-36-2.wav,211.570077,215.570077,1,4,7,jackhammer
22883-7-37-0.wav,222.889713,225.281875,1,4,7,jackhammer
22883-7-39-0.wav,237.840726,241.840726,1,4,7,jackhammer
22883-7-39-1.wav,238.340726,242.340726,1,4,7,jackhammer
22883-7-40-0.wav,245.704959,246.362804,1,4,7,jackhammer
22883-7-43-2.wav,262.822152,266.822152,1,4,7,jackhammer
22883-7-44-0.wav,272.586882,276.586882,1,4,7,jackhammer
22883-7-47-2.wav,286.355048,290.355048,1,4,7,jackhammer
22883-7-48-0.wav,299.887433,301.352633,1,4,7,jackhammer
22883-7-49-1.wav,302.98891,306.98891,1,4,7,jackhammer
22883-7-49-3.wav,303.98891,307.98891,1,4,7,jackhammer
22883-7-51-0.wav,321.775717,323.360525,1,4,7,jackhammer
22883-7-53-0.wav,329.968873,333.646822,1,4,7,jackhammer
22883-7-54-0.wav,335.112022,338.969383,1,4,7,jackhammer
22883-7-58-0.wav,355.265988,359.265988,1,4,7,jackhammer
22883-7-61-0.wav,367.286603,371.286603,1,4,7,jackhammer
22883-7-61-1.wav,367.786603,371.786603,1,4,7,jackhammer
22883-7-62-0.wav,377.27388,378.679276,2,4,7,jackhammer
22883-7-63-0.wav,380.234181,382.297421,2,4,7,jackhammer
22883-7-64-0.wav,397.308239,398.145495,1,4,7,jackhammer
22883-7-67-0.wav,406.577867,407.50483,1,4,7,jackhammer
22883-7-69-0.wav,411.840624,413.066607,1,4,7,jackhammer
22883-7-7-0.wav,57.676113,61.676113,1,4,7,jackhammer
22883-7-71-0.wav,419.585249,421.140154,1,4,7,jackhammer
22883-7-72-0.wav,422.425942,424.578888,1,4,7,jackhammer
22883-7-74-0.wav,428.286739,430.110763,1,4,7,jackhammer
22883-7-77-0.wav,436.898523,438.244114,1,4,7,jackhammer
22883-7-78-2.wav,440.440195,444.440195,1,4,7,jackhammer
22883-7-81-0.wav,462.07603,463.421621,1,4,7,jackhammer
22883-7-83-0.wav,468.983398,471.584875,1,4,7,jackhammer
22883-7-86-0.wav,477.864301,479.598618,1,4,7,jackhammer
22883-7-87-0.wav,480.704993,483.635392,1,4,7,jackhammer
22883-7-9-0.wav,68.47555,69.306275,1,4,7,jackhammer
22883-7-91-0.wav,495.356987,496.642774,1,4,7,jackhammer
22883-7-92-0.wav,498.347189,500.649645,1,4,7,jackhammer
22883-7-93-0.wav,501.636412,503.789358,1,4,7,jackhammer
22883-7-98-1.wav,522.200673,526.200673,1,4,7,jackhammer
22883-7-99-2.wav,532.119811,536.119811,1,4,7,jackhammer
22883-7-99-3.wav,532.619811,536.619811,1,4,7,jackhammer
22962-4-0-0.wav,0.0,4.0,1,1,4,drilling
22962-4-0-1.wav,0.5,4.5,1,1,4,drilling
22962-4-0-2.wav,1.0,5.0,1,1,4,drilling
23131-3-0-0.wav,23.681362,24.78992,2,2,3,dog_bark
23131-3-2-0.wav,29.690066,30.396972,2,2,3,dog_bark
23131-3-4-0.wav,41.386153,41.996663,2,2,3,dog_bark
23131-3-5-0.wav,46.993205,47.619781,2,2,3,dog_bark
23161-6-0-0.wav,58.366645,58.635605,2,4,6,gun_shot
23161-6-1-0.wav,59.265667,59.581943,2,4,6,gun_shot
23219-5-0-0.wav,2.127165,6.127165,1,5,5,engine_idling
23219-5-0-1.wav,2.627165,6.627165,1,5,5,engine_idling
23219-5-0-10.wav,7.127165,11.127165,1,5,5,engine_idling
23219-5-0-11.wav,7.627165,11.627165,1,5,5,engine_idling
23219-5-0-12.wav,8.127165,12.127165,1,5,5,engine_idling
23219-5-0-13.wav,8.627165,12.627165,1,5,5,engine_idling
23219-5-0-2.wav,3.127165,7.127165,1,5,5,engine_idling
23219-5-0-3.wav,3.627165,7.627165,1,5,5,engine_idling
23219-5-0-4.wav,4.127165,8.127165,1,5,5,engine_idling
23219-5-0-5.wav,4.627165,8.627165,1,5,5,engine_idling
23219-5-0-6.wav,5.127165,9.127165,1,5,5,engine_idling
23219-5-0-7.wav,5.627165,9.627165,1,5,5,engine_idling
23219-5-0-8.wav,6.127165,10.127165,1,5,5,engine_idling
23219-5-0-9.wav,6.627165,10.627165,1,5,5,engine_idling
23219-5-1-0.wav,40.295737,44.295737,1,5,5,engine_idling
23219-5-1-1.wav,40.795737,44.795737,1,5,5,engine_idling
23219-5-1-2.wav,41.295737,45.295737,1,5,5,engine_idling
24074-1-0-0.wav,13.060993,17.060993,1,1,1,car_horn
24074-1-0-1.wav,13.560993,17.560993,1,1,1,car_horn
24074-1-0-10.wav,18.060993,22.060993,1,1,1,car_horn
24074-1-0-11.wav,18.560993,22.560993,1,1,1,car_horn
24074-1-0-12.wav,19.060993,23.060993,1,1,1,car_horn
24074-1-0-13.wav,19.560993,23.560993,1,1,1,car_horn
24074-1-0-2.wav,14.060993,18.060993,1,1,1,car_horn
24074-1-0-3.wav,14.560993,18.560993,1,1,1,car_horn
24074-1-0-4.wav,15.060993,19.060993,1,1,1,car_horn
24074-1-0-5.wav,15.560993,19.560993,1,1,1,car_horn
24074-1-0-6.wav,16.060993,20.060993,1,1,1,car_horn
24074-1-0-7.wav,16.560993,20.560993,1,1,1,car_horn
24074-1-0-8.wav,17.060993,21.060993,1,1,1,car_horn
24074-1-0-9.wav,17.560993,21.560993,1,1,1,car_horn
24347-8-0-0.wav,4.120371,8.120370999999999,2,4,8,siren
24347-8-0-1.wav,4.620371,8.620370999999999,2,4,8,siren
24347-8-0-10.wav,9.120371,13.120371,2,4,8,siren
24347-8-0-11.wav,9.620371,13.620371,2,4,8,siren
24347-8-0-12.wav,10.120371,14.120371,2,4,8,siren
24347-8-0-13.wav,10.620371,14.620371,2,4,8,siren
24347-8-0-14.wav,11.120371,15.120371,2,4,8,siren
24347-8-0-15.wav,11.620371,15.620371,2,4,8,siren
24347-8-0-16.wav,12.120371,16.120371,2,4,8,siren
24347-8-0-17.wav,12.620371,16.620371,2,4,8,siren
24347-8-0-18.wav,13.120371,17.120371,2,4,8,siren
24347-8-0-19.wav,13.620371,17.620371,2,4,8,siren
24347-8-0-2.wav,5.120371,9.120371,2,4,8,siren
24347-8-0-20.wav,14.120371,18.120371,2,4,8,siren
24347-8-0-21.wav,14.620371,18.620371,2,4,8,siren
24347-8-0-22.wav,15.120371,19.120371,2,4,8,siren
24347-8-0-23.wav,15.620371,19.620371,2,4,8,siren
24347-8-0-24.wav,16.120371,20.120371,2,4,8,siren
24347-8-0-25.wav,16.620371,20.620371,2,4,8,siren
24347-8-0-26.wav,17.120371,21.120371,2,4,8,siren
24347-8-0-27.wav,17.620371,21.620371,2,4,8,siren
24347-8-0-28.wav,18.120371,22.120371,2,4,8,siren
24347-8-0-29.wav,18.620371,22.620371,2,4,8,siren
24347-8-0-3.wav,5.620371,9.620371,2,4,8,siren
24347-8-0-30.wav,19.120371,23.120371,2,4,8,siren
24347-8-0-31.wav,19.620371,23.620371,2,4,8,siren
24347-8-0-32.wav,20.120371,24.120371,2,4,8,siren
24347-8-0-33.wav,20.620371,24.620371,2,4,8,siren
24347-8-0-34.wav,21.120371,25.120371,2,4,8,siren
24347-8-0-35.wav,21.620371,25.620371,2,4,8,siren
24347-8-0-36.wav,22.120371,26.120371,2,4,8,siren
24347-8-0-37.wav,22.620371,26.620371,2,4,8,siren
24347-8-0-38.wav,23.120371,27.120371,2,4,8,siren
24347-8-0-39.wav,23.620371,27.620371,2,4,8,siren
24347-8-0-4.wav,6.120371,10.120371,2,4,8,siren
24347-8-0-40.wav,24.120371,28.120371,2,4,8,siren
24347-8-0-41.wav,24.620371,28.620371,2,4,8,siren
24347-8-0-42.wav,25.120371,29.120371,2,4,8,siren
24347-8-0-43.wav,25.620371,29.620371,2,4,8,siren
24347-8-0-44.wav,26.120371,30.120371,2,4,8,siren
24347-8-0-45.wav,26.620371,30.620371,2,4,8,siren
24347-8-0-46.wav,27.120371,31.120371,2,4,8,siren
24347-8-0-47.wav,27.620371,31.620371,2,4,8,siren
24347-8-0-48.wav,28.120371,32.120371,2,4,8,siren
24347-8-0-49.wav,28.620371,32.620371,2,4,8,siren
24347-8-0-5.wav,6.620371,10.620371,2,4,8,siren
24347-8-0-50.wav,29.120371,33.120371,2,4,8,siren
24347-8-0-51.wav,29.620371,33.620371,2,4,8,siren
24347-8-0-52.wav,30.120371,34.120371,2,4,8,siren
24347-8-0-53.wav,30.620371,34.620371,2,4,8,siren
24347-8-0-54.wav,31.120371,35.120371,2,4,8,siren
24347-8-0-55.wav,31.620371,35.620371,2,4,8,siren
24347-8-0-56.wav,32.120371,36.120371,2,4,8,siren
24347-8-0-57.wav,32.620371,36.620371,2,4,8,siren
24347-8-0-58.wav,33.120371,37.120371,2,4,8,siren
24347-8-0-59.wav,33.620371,37.620371,2,4,8,siren
24347-8-0-6.wav,7.120371,11.120371,2,4,8,siren
24347-8-0-60.wav,34.120371,38.120371,2,4,8,siren
24347-8-0-61.wav,34.620371,38.620371,2,4,8,siren
24347-8-0-62.wav,35.120371,39.120371,2,4,8,siren
24347-8-0-63.wav,35.620371,39.620371,2,4,8,siren
24347-8-0-64.wav,36.120371,40.120371,2,4,8,siren
24347-8-0-65.wav,36.620371,40.620371,2,4,8,siren
24347-8-0-66.wav,37.120371,41.120371,2,4,8,siren
24347-8-0-67.wav,37.620371,41.620371,2,4,8,siren
24347-8-0-68.wav,38.120371,42.120371,2,4,8,siren
24347-8-0-69.wav,38.620371,42.620371,2,4,8,siren
24347-8-0-7.wav,7.620371,11.620371,2,4,8,siren
24347-8-0-70.wav,39.120371,43.120371,2,4,8,siren
24347-8-0-71.wav,39.620371,43.620371,2,4,8,siren
24347-8-0-72.wav,40.120371,44.120371,2,4,8,siren
24347-8-0-73.wav,40.620371,44.620371,2,4,8,siren
24347-8-0-74.wav,41.120371,45.120371,2,4,8,siren
24347-8-0-75.wav,41.620371,45.620371,2,4,8,siren
24347-8-0-76.wav,42.120371,46.120371,2,4,8,siren
24347-8-0-77.wav,42.620371,46.620371,2,4,8,siren
24347-8-0-78.wav,43.120371,47.120371,2,4,8,siren
24347-8-0-79.wav,43.620371,47.620371,2,4,8,siren
24347-8-0-8.wav,8.120370999999999,12.120371,2,4,8,siren
24347-8-0-80.wav,44.120371,48.120371,2,4,8,siren
24347-8-0-81.wav,44.620371,48.620371,2,4,8,siren
24347-8-0-82.wav,45.120371,49.120371,2,4,8,siren
24347-8-0-83.wav,45.620371,49.620371,2,4,8,siren
24347-8-0-84.wav,46.120371,50.120371,2,4,8,siren
24347-8-0-85.wav,46.620371,50.620371,2,4,8,siren
24347-8-0-86.wav,47.120371,51.120371,2,4,8,siren
24347-8-0-87.wav,47.620371,51.620371,2,4,8,siren
24347-8-0-88.wav,48.120371,52.120371,2,4,8,siren
24347-8-0-89.wav,48.620371,52.620371,2,4,8,siren
24347-8-0-9.wav,8.620370999999999,12.620371,2,4,8,siren
24347-8-0-90.wav,49.120371,53.120371,2,4,8,siren
24347-8-0-91.wav,49.620371,53.620371,2,4,8,siren
24347-8-0-92.wav,50.120371,54.120371,2,4,8,siren
24347-8-0-93.wav,50.620371,54.620371,2,4,8,siren
24347-8-0-94.wav,51.120371,55.120371,2,4,8,siren
24347-8-0-95.wav,51.620371,55.620371,2,4,8,siren
24347-8-0-96.wav,52.120371,56.120371,2,4,8,siren
24347-8-0-97.wav,52.620371,56.620371,2,4,8,siren
24347-8-0-98.wav,53.120371,57.120371,2,4,8,siren
24347-8-0-99.wav,53.620371,57.620371,2,4,8,siren
24364-4-0-0.wav,0.633371,4.633371,1,6,4,drilling
24364-4-0-1.wav,1.133371,5.133371,1,6,4,drilling
24364-4-0-10.wav,5.633371,9.633371,1,6,4,drilling
24364-4-0-11.wav,6.133371,10.133371,1,6,4,drilling
24364-4-0-12.wav,6.633371,10.633371,1,6,4,drilling
24364-4-0-2.wav,1.633371,5.633371,1,6,4,drilling
24364-4-0-3.wav,2.133371,6.133371,1,6,4,drilling
24364-4-0-4.wav,2.633371,6.633371,1,6,4,drilling
24364-4-0-5.wav,3.133371,7.133371,1,6,4,drilling
24364-4-0-6.wav,3.633371,7.633371,1,6,4,drilling
24364-4-0-7.wav,4.133371,8.133371,1,6,4,drilling
24364-4-0-8.wav,4.633371,8.633371,1,6,4,drilling
24364-4-0-9.wav,5.133371,9.133371,1,6,4,drilling
24631-6-0-0.wav,9.230523,9.486839,2,7,6,gun_shot
24632-6-0-0.wav,26.769969,27.264824,2,4,6,gun_shot
24632-6-1-0.wav,29.012176,29.292025,2,4,6,gun_shot
24652-6-0-0.wav,43.452133,43.932788,2,4,6,gun_shot
24728-7-0-0.wav,1.528214,3.595798,1,8,7,jackhammer
24728-7-1-0.wav,5.483592,7.730966,1,8,7,jackhammer
24728-7-2-0.wav,20.316259,24.316259,1,8,7,jackhammer
24728-7-3-0.wav,26.249326,27.59775,1,8,7,jackhammer
24728-7-4-0.wav,30.384494,31.732918,1,8,7,jackhammer
24728-7-5-0.wav,32.811658,33.620712,1,8,7,jackhammer
24965-3-0-0.wav,0.0,0.500483,1,7,3,dog_bark
24965-3-1-0.wav,1.304201,1.857676,1,7,3,dog_bark
24965-3-2-0.wav,2.308111,2.911635,1,7,3,dog_bark
24965-3-3-0.wav,3.111829,3.594648,1,7,3,dog_bark
25039-6-0-0.wav,0.265152,1.970138,1,8,6,gun_shot
25039-6-1-0.wav,1.970138,3.712121,1,8,6,gun_shot
26176-1-0-0.wav,0.320622,1.435087,1,8,1,car_horn
26177-1-0-0.wav,0.0,0.246102,2,5,1,car_horn
26177-1-1-0.wav,0.866278,2.039362,1,5,1,car_horn
26177-1-2-0.wav,2.164053,3.670195,2,5,1,car_horn
26184-5-0-0.wav,0.825952,2.699454,1,5,5,engine_idling
26184-5-1-0.wav,5.862247,6.889651,1,5,5,engine_idling
26184-5-2-0.wav,8.581846,9.709976,1,5,5,engine_idling
26184-5-3-0.wav,11.220864,13.819592,1,5,5,engine_idling
26184-5-4-0.wav,15.471497,19.471497,1,5,5,engine_idling
26184-5-4-1.wav,15.971497,19.971497,1,5,5,engine_idling
26184-5-4-2.wav,16.471497,20.471497,1,5,5,engine_idling
26184-5-4-3.wav,16.971497,20.971497,1,5,5,engine_idling
26256-3-4-0.wav,30.938363,34.938362999999995,2,4,3,dog_bark
26256-3-5-22.wav,60.861421,64.861421,2,4,3,dog_bark
26256-3-6-6.wav,149.360644,153.360644,2,4,3,dog_bark
26256-3-7-36.wav,194.168648,198.168648,2,4,3,dog_bark
26270-9-0-19.wav,9.5,13.5,1,1,9,street_music
26270-9-0-23.wav,11.5,15.5,1,1,9,street_music
26270-9-0-3.wav,1.5,5.5,1,1,9,street_music
26270-9-0-30.wav,15.0,19.0,1,1,9,street_music
26270-9-0-32.wav,16.0,20.0,1,1,9,street_music
26270-9-0-35.wav,17.5,21.5,1,1,9,street_music
27216-3-0-18.wav,9.81491,13.81491,1,7,3,dog_bark
27216-3-0-21.wav,11.31491,15.31491,1,7,3,dog_bark
27216-3-0-24.wav,12.81491,16.814909999999998,1,7,3,dog_bark
27216-3-0-9.wav,5.31491,9.31491,1,7,3,dog_bark
27217-3-0-13.wav,6.5,10.5,1,7,3,dog_bark
27217-3-0-22.wav,11.0,15.0,1,7,3,dog_bark
27217-3-0-6.wav,3.0,7.0,1,7,3,dog_bark
27349-3-0-2.wav,1.0,5.0,2,2,3,dog_bark
27349-3-0-6.wav,3.0,7.0,2,2,3,dog_bark
27349-3-1-2.wav,27.345256,31.345256,2,2,3,dog_bark
27349-3-2-1.wav,41.980366,45.980366,2,2,3,dog_bark
28284-3-0-0.wav,5.678508,9.678508,1,6,3,dog_bark
28284-3-0-1.wav,6.178508,10.178508,1,6,3,dog_bark
28284-3-1-0.wav,18.749465,19.909404,1,6,3,dog_bark
28385-9-0-32.wav,16.0,20.0,1,7,9,street_music
28385-9-0-33.wav,16.5,20.5,1,7,9,street_music
28385-9-0-44.wav,22.0,26.0,1,7,9,street_music
28385-9-0-46.wav,23.0,27.0,1,7,9,street_music
28385-9-0-57.wav,28.5,32.5,1,7,9,street_music
28385-9-0-65.wav,32.5,36.5,1,7,9,street_music
28385-9-0-9.wav,4.5,8.5,1,7,9,street_music
28426-8-0-0.wav,1.227678,4.249656,2,5,8,siren
28426-8-1-0.wav,5.382897,8.390346,2,5,8,siren
28426-8-2-0.wav,10.765795,14.38345,2,5,8,siren
29721-4-0-0.wav,0.0,4.0,1,3,4,drilling
29721-4-0-1.wav,0.5,4.5,1,3,4,drilling
29721-4-0-10.wav,5.0,9.0,1,3,4,drilling
29721-4-0-11.wav,5.5,9.5,1,3,4,drilling
29721-4-0-12.wav,6.0,10.0,1,3,4,drilling
29721-4-0-13.wav,6.5,10.5,1,3,4,drilling
29721-4-0-14.wav,7.0,11.0,1,3,4,drilling
29721-4-0-2.wav,1.0,5.0,1,3,4,drilling
29721-4-0-3.wav,1.5,5.5,1,3,4,drilling
29721-4-0-4.wav,2.0,6.0,1,3,4,drilling
29721-4-0-5.wav,2.5,6.5,1,3,4,drilling
29721-4-0-6.wav,3.0,7.0,1,3,4,drilling
29721-4-0-7.wav,3.5,7.5,1,3,4,drilling
29721-4-0-8.wav,4.0,8.0,1,3,4,drilling
29721-4-0-9.wav,4.5,8.5,1,3,4,drilling
29722-4-0-0.wav,0.0,4.0,1,4,4,drilling
29722-4-0-1.wav,0.5,4.5,1,4,4,drilling
29722-4-0-2.wav,1.0,5.0,1,4,4,drilling
29722-4-0-3.wav,1.5,5.5,1,4,4,drilling
29722-4-0-4.wav,2.0,6.0,1,4,4,drilling
29722-4-0-5.wav,2.5,6.5,1,4,4,drilling
29722-4-0-6.wav,3.0,7.0,1,4,4,drilling
29932-1-0-0.wav,181.725228,183.563489,2,6,1,car_horn
29932-1-1-0.wav,280.466103,281.910451,2,6,1,car_horn
29936-3-0-0.wav,2.321813,5.075963,2,8,3,dog_bark
29936-3-1-0.wav,7.862139,10.071864,2,8,3,dog_bark
29936-3-2-0.wav,10.936539,13.11424,2,8,3,dog_bark
29936-3-3-0.wav,16.941228,19.022853,2,8,3,dog_bark
29937-3-0-14.wav,7.0,11.0,2,5,3,dog_bark
29937-3-0-4.wav,2.0,6.0,2,5,3,dog_bark
29937-3-0-6.wav,3.0,7.0,2,5,3,dog_bark
29937-3-0-8.wav,4.0,8.0,2,5,3,dog_bark
30204-0-0-0.wav,0.286916,4.286916,1,3,0,air_conditioner
30204-0-0-1.wav,0.786916,4.786916,1,3,0,air_conditioner
30204-0-0-10.wav,5.286916,9.286916,1,3,0,air_conditioner
30204-0-0-11.wav,5.786916,9.786916,1,3,0,air_conditioner
30204-0-0-12.wav,6.286916,10.286916,1,3,0,air_conditioner
30204-0-0-13.wav,6.786916,10.786916,1,3,0,air_conditioner
30204-0-0-2.wav,1.286916,5.286916,1,3,0,air_conditioner
30204-0-0-3.wav,1.786916,5.786916,1,3,0,air_conditioner
30204-0-0-4.wav,2.286916,6.286916,1,3,0,air_conditioner
30204-0-0-5.wav,2.786916,6.786916,1,3,0,air_conditioner
30204-0-0-6.wav,3.286916,7.286916,1,3,0,air_conditioner
30204-0-0-7.wav,3.786916,7.786916,1,3,0,air_conditioner
30204-0-0-8.wav,4.286916,8.286916,1,3,0,air_conditioner
30204-0-0-9.wav,4.786916,8.786916,1,3,0,air_conditioner
30206-7-0-0.wav,0.0,4.0,1,6,7,jackhammer
30206-7-0-1.wav,0.5,4.5,1,6,7,jackhammer
30206-7-0-10.wav,5.0,9.0,1,6,7,jackhammer
30206-7-0-11.wav,5.5,9.5,1,6,7,jackhammer
30206-7-0-12.wav,6.0,10.0,1,6,7,jackhammer
30206-7-0-13.wav,6.5,10.5,1,6,7,jackhammer
30206-7-0-14.wav,7.0,11.0,1,6,7,jackhammer
30206-7-0-15.wav,7.5,11.5,1,6,7,jackhammer
30206-7-0-16.wav,8.0,12.0,1,6,7,jackhammer
30206-7-0-17.wav,8.5,12.5,1,6,7,jackhammer
30206-7-0-18.wav,9.0,13.0,1,6,7,jackhammer
30206-7-0-19.wav,9.5,13.5,1,6,7,jackhammer
30206-7-0-2.wav,1.0,5.0,1,6,7,jackhammer
30206-7-0-20.wav,10.0,14.0,1,6,7,jackhammer
30206-7-0-21.wav,10.5,14.5,1,6,7,jackhammer
30206-7-0-22.wav,11.0,15.0,1,6,7,jackhammer
30206-7-0-23.wav,11.5,15.5,1,6,7,jackhammer
30206-7-0-24.wav,12.0,16.0,1,6,7,jackhammer
30206-7-0-25.wav,12.5,16.5,1,6,7,jackhammer
30206-7-0-26.wav,13.0,17.0,1,6,7,jackhammer
30206-7-0-27.wav,13.5,17.5,1,6,7,jackhammer
30206-7-0-28.wav,14.0,18.0,1,6,7,jackhammer
30206-7-0-29.wav,14.5,18.5,1,6,7,jackhammer
30206-7-0-3.wav,1.5,5.5,1,6,7,jackhammer
30206-7-0-30.wav,15.0,19.0,1,6,7,jackhammer
30206-7-0-31.wav,15.5,19.5,1,6,7,jackhammer
30206-7-0-32.wav,16.0,20.0,1,6,7,jackhammer
30206-7-0-33.wav,16.5,20.5,1,6,7,jackhammer
30206-7-0-34.wav,17.0,21.0,1,6,7,jackhammer
30206-7-0-35.wav,17.5,21.5,1,6,7,jackhammer
30206-7-0-36.wav,18.0,22.0,1,6,7,jackhammer
30206-7-0-37.wav,18.5,22.5,1,6,7,jackhammer
30206-7-0-38.wav,19.0,23.0,1,6,7,jackhammer
30206-7-0-39.wav,19.5,23.5,1,6,7,jackhammer
30206-7-0-4.wav,2.0,6.0,1,6,7,jackhammer
30206-7-0-5.wav,2.5,6.5,1,6,7,jackhammer
30206-7-0-6.wav,3.0,7.0,1,6,7,jackhammer
30206-7-0-7.wav,3.5,7.5,1,6,7,jackhammer
30206-7-0-8.wav,4.0,8.0,1,6,7,jackhammer
30206-7-0-9.wav,4.5,8.5,1,6,7,jackhammer
30226-3-1-0.wav,5.195936,9.195936,1,8,3,dog_bark
30226-3-1-1.wav,5.695936,9.695936,1,8,3,dog_bark
30226-3-1-3.wav,6.695936,10.695936,1,8,3,dog_bark
30226-3-1-5.wav,7.695936,11.695936,1,8,3,dog_bark
30823-8-0-0.wav,7.167619,11.167619,2,1,8,siren
30832-3-1-0.wav,11.085712,12.093504,2,4,3,dog_bark
30832-3-12-0.wav,294.716176,296.038903,2,4,3,dog_bark
30832-3-5-1.wav,44.968823,48.968823,2,4,3,dog_bark
30832-3-7-0.wav,129.564261,131.705819,2,4,3,dog_bark
31150-2-0-1.wav,0.5,4.5,2,5,2,children_playing
31150-2-0-14.wav,7.0,11.0,2,5,2,children_playing
31150-2-0-17.wav,8.5,12.5,2,5,2,children_playing
31150-2-0-2.wav,1.0,5.0,2,5,2,children_playing
31150-2-0-24.wav,12.0,16.0,2,5,2,children_playing
31150-2-0-34.wav,17.0,21.0,2,5,2,children_playing
31150-2-0-6.wav,3.0,7.0,2,5,2,children_playing
31323-3-0-1.wav,0.992016,4.992016,2,1,3,dog_bark
31323-3-0-2.wav,1.492016,5.492016,2,1,3,dog_bark
31323-3-0-20.wav,10.492016,14.492016,2,1,3,dog_bark
31323-3-0-22.wav,11.492016,15.492016,2,1,3,dog_bark
31325-3-1-0.wav,4.804858,8.804858,1,8,3,dog_bark
31325-3-1-1.wav,5.304858,9.304858,1,8,3,dog_bark
31325-3-3-6.wav,33.179274,37.179274,1,8,3,dog_bark
31325-3-4-0.wav,49.875221,53.875221,1,8,3,dog_bark
31840-3-0-0.wav,0.020035,3.546214,1,1,3,dog_bark
31840-3-1-0.wav,4.95368,5.98048,1,1,3,dog_bark
31884-7-0-0.wav,0.0,4.0,1,3,7,jackhammer
31884-7-0-1.wav,0.5,4.5,1,3,7,jackhammer
31884-7-0-2.wav,1.0,5.0,1,3,7,jackhammer
31884-7-0-3.wav,1.5,5.5,1,3,7,jackhammer
31884-7-1-0.wav,12.954032,16.954031999999998,1,3,7,jackhammer
31884-7-1-1.wav,13.454032,17.454031999999998,1,3,7,jackhammer
31884-7-1-2.wav,13.954032,17.954031999999998,1,3,7,jackhammer
31884-7-1-3.wav,14.454032,18.454032,1,3,7,jackhammer
31884-7-1-4.wav,14.954032,18.954032,1,3,7,jackhammer
31973-9-0-43.wav,21.5,25.5,2,6,9,street_music
31973-9-0-51.wav,25.5,29.5,2,6,9,street_music
31973-9-0-56.wav,28.0,32.0,2,6,9,street_music
31973-9-0-57.wav,28.5,32.5,2,6,9,street_music
31973-9-0-64.wav,32.0,36.0,2,6,9,street_music
31973-9-0-71.wav,35.5,39.5,2,6,9,street_music
32318-3-0-0.wav,0.385559,4.385559,1,3,3,dog_bark
32318-3-0-1.wav,0.885559,4.885559,1,3,3,dog_bark
32417-1-0-0.wav,0.079235,0.424503,1,3,1,car_horn
33340-7-0-0.wav,0.0,3.546682,1,8,7,jackhammer
33340-7-1-0.wav,4.128105,8.128105,1,8,7,jackhammer
33340-7-10-0.wav,51.86295,52.735085,1,8,7,jackhammer
33340-7-11-0.wav,53.200224,56.339909,1,8,7,jackhammer
33340-7-12-0.wav,56.921332,59.828448,1,8,7,jackhammer
33340-7-13-0.wav,61.805287,65.177542,1,8,7,jackhammer
33340-7-14-0.wav,67.270665,68.840508,1,8,7,jackhammer
33340-7-15-0.wav,69.596358,70.294066,1,8,7,jackhammer
33340-7-16-0.wav,70.64292,72.270905,1,8,7,jackhammer
33340-7-2-0.wav,10.291191,12.965738,1,8,7,jackhammer
33340-7-3-0.wav,13.605303,17.558981,1,8,7,jackhammer
33340-7-4-0.wav,19.477678,23.477678,1,8,7,jackhammer
33340-7-5-0.wav,25.757048,27.501318,1,8,7,jackhammer
33340-7-6-0.wav,29.30373,33.30373,1,8,7,jackhammer
33340-7-7-0.wav,38.606501,42.385752,1,8,7,jackhammer
33340-7-8-0.wav,43.606741,45.932434,1,8,7,jackhammer
33340-7-9-0.wav,48.432553,49.711684,1,8,7,jackhammer
33696-3-0-0.wav,5.538044,8.307066,2,3,3,dog_bark
33696-3-4-0.wav,69.289945,73.289945,2,3,3,dog_bark
33696-3-4-1.wav,69.789945,73.789945,2,3,3,dog_bark
33696-3-6-1.wav,88.593536,92.593536,2,3,3,dog_bark
33849-3-0-0.wav,0.0,0.264593,1,2,3,dog_bark
33849-3-2-0.wav,3.233909,4.60587,1,2,3,dog_bark
33849-3-3-0.wav,5.017459,6.712811,1,2,3,dog_bark
33849-3-4-0.wav,8.270967,10.162314,1,2,3,dog_bark
34056-2-0-2.wav,1.0,5.0,2,4,2,children_playing
34056-2-0-22.wav,11.0,15.0,2,4,2,children_playing
34056-2-0-40.wav,20.0,24.0,2,4,2,children_playing
34056-2-0-42.wav,21.0,25.0,2,4,2,children_playing
34056-2-0-48.wav,24.0,28.0,2,4,2,children_playing
34056-2-0-61.wav,30.5,34.5,2,4,2,children_playing
34056-2-0-80.wav,40.0,44.0,2,4,2,children_playing
34241-1-0-0.wav,0.693691,1.988582,2,7,1,car_horn
34241-1-1-0.wav,3.653441,5.08707,2,7,1,car_horn
34241-1-2-0.wav,6.335714,10.081647,1,7,1,car_horn
344-3-0-0.wav,0.213338,0.860971,1,4,3,dog_bark
344-3-1-0.wav,1.401936,2.666725,1,4,3,dog_bark
344-3-4-0.wav,6.483953,7.428735,1,4,3,dog_bark
344-3-5-0.wav,7.939223,9.623069,1,4,3,dog_bark
34621-4-0-0.wav,1.576268,2.444824,1,2,4,drilling
34621-4-1-0.wav,2.68609,3.82808,1,2,4,drilling
34621-4-11-0.wav,14.105991,14.636775,1,2,4,drilling
34621-4-12-0.wav,14.701113,15.264066,1,2,4,drilling
34621-4-13-0.wav,15.617922,16.373887,1,2,4,drilling
34621-4-14-0.wav,16.373887,16.952925,1,2,4,drilling
34621-4-15-0.wav,17.065515,17.70889,1,2,4,drilling
34621-4-16-0.wav,17.837565,18.529193,1,2,4,drilling
34621-4-17-0.wav,18.754374,19.590761,1,2,4,drilling
34621-4-18-0.wav,19.73552,20.346726,1,2,4,drilling
34621-4-2-0.wav,3.82808,5.372179,1,2,4,drilling
34621-4-20-0.wav,21.215282,21.826488,1,2,4,drilling
34621-4-21-0.wav,21.955163,22.469863,1,2,4,drilling
34621-4-22-0.wav,22.534201,23.064985,1,2,4,drilling
34621-4-24-0.wav,23.917456,24.96294,1,2,4,drilling
34621-4-25-0.wav,25.059446,25.751074,1,2,4,drilling
34621-4-26-0.wav,25.863665,26.346196,1,2,4,drilling
34621-4-27-0.wav,26.346196,26.925233,1,2,4,drilling
34621-4-4-0.wav,7.993931,9.859718,1,2,4,drilling
34621-4-5-0.wav,10.519177,11.017793,1,2,4,drilling
34621-4-7-0.wav,11.677252,12.191951,1,2,4,drilling
34621-4-8-0.wav,12.288458,12.770989,1,2,4,drilling
34643-4-0-0.wav,0.0,2.255346,1,6,4,drilling
34643-4-1-0.wav,11.962179,15.962179,1,6,4,drilling
34643-4-1-1.wav,12.462179,16.462179,1,6,4,drilling
34643-4-2-0.wav,28.965721,32.965721,1,6,4,drilling
34643-4-2-1.wav,29.465721,33.465721,1,6,4,drilling
34643-4-2-2.wav,29.965721,33.965721,1,6,4,drilling
34708-6-0-0.wav,4.044883,5.450308,1,3,6,gun_shot
34708-6-1-0.wav,7.901233,9.25524,1,3,6,gun_shot
34708-6-2-0.wav,11.329099,12.871639,1,3,6,gun_shot
34708-6-3-0.wav,14.671269,16.488038,1,3,6,gun_shot
34708-6-4-0.wav,17.516398,18.938963,1,3,6,gun_shot
34708-6-5-0.wav,20.070159,21.304191,1,3,6,gun_shot
34771-3-0-10.wav,5.0,9.0,1,5,3,dog_bark
34771-3-0-14.wav,7.0,11.0,1,5,3,dog_bark
34771-3-0-4.wav,2.0,6.0,1,5,3,dog_bark
34771-3-0-5.wav,2.5,6.5,1,5,3,dog_bark
34866-9-0-10.wav,5.0,9.0,1,8,9,street_music
34866-9-0-11.wav,5.5,9.5,1,8,9,street_music
34866-9-0-13.wav,6.5,10.5,1,8,9,street_music
34866-9-0-3.wav,1.5,5.5,1,8,9,street_music
34866-9-0-5.wav,2.5,6.5,1,8,9,street_music
34866-9-0-9.wav,4.5,8.5,1,8,9,street_music
34871-3-11-0.wav,113.63217,115.3221,2,7,3,dog_bark
34871-3-6-0.wav,46.3792,50.3792,1,7,3,dog_bark
34871-3-8-0.wav,60.868788,63.466274,1,7,3,dog_bark
34871-3-9-0.wav,64.342534,68.342534,2,7,3,dog_bark
34872-3-0-0.wav,0.0,4.0,1,5,3,dog_bark
34872-3-0-1.wav,0.5,4.5,1,5,3,dog_bark
34872-3-0-2.wav,1.0,5.0,1,5,3,dog_bark
34931-3-0-0.wav,0.233418,4.148033,1,4,3,dog_bark
34952-8-0-0.wav,0.0,4.0,2,6,8,siren
34952-8-0-1.wav,0.5,4.5,2,6,8,siren
34952-8-0-2.wav,1.0,5.0,2,6,8,siren
34952-8-0-3.wav,1.5,5.5,2,6,8,siren
34952-8-0-4.wav,2.0,6.0,2,6,8,siren
34952-8-0-5.wav,2.5,6.5,2,6,8,siren
34952-8-0-6.wav,3.0,7.0,2,6,8,siren
34952-8-0-7.wav,3.5,7.5,2,6,8,siren
35296-3-0-0.wav,0.799414,1.751097,2,4,3,dog_bark
35296-3-1-0.wav,3.591018,5.595897,2,4,3,dog_bark
35296-3-2-0.wav,7.448507,9.592966,2,4,3,dog_bark
35382-0-0-0.wav,0.997525,4.997525,1,7,0,air_conditioner
35382-0-0-1.wav,1.497525,5.497525,1,7,0,air_conditioner
35548-9-0-10.wav,11.092612,15.092612,2,6,9,street_music
35548-9-0-21.wav,16.592612,20.592612,2,6,9,street_music
35548-9-0-23.wav,17.592612,21.592612,2,6,9,street_music
35548-9-1-14.wav,73.866412,77.866412,2,6,9,street_music
35548-9-2-7.wav,186.735294,190.735294,2,6,9,street_music
35548-9-2-9.wav,187.735294,191.735294,2,6,9,street_music
35549-9-0-14.wav,7.0,11.0,2,4,9,street_music
35549-9-0-2.wav,1.0,5.0,2,4,9,street_music
35549-9-0-28.wav,14.0,18.0,2,4,9,street_music
35549-9-0-47.wav,23.5,27.5,2,4,9,street_music
35549-9-0-51.wav,25.5,29.5,2,4,9,street_music
35549-9-0-58.wav,29.0,33.0,2,4,9,street_music
35629-3-0-0.wav,2.06663,4.87455,1,4,3,dog_bark
35629-3-1-0.wav,7.300594,11.300594,1,4,3,dog_bark
35629-3-2-0.wav,15.589576,19.589576,1,4,3,dog_bark
35629-3-3-0.wav,32.347248,33.537806,1,4,3,dog_bark
35799-6-0-0.wav,0.285213,1.297721,1,4,6,gun_shot
35800-6-0-0.wav,0.297187,4.297187,1,2,6,gun_shot
36263-9-0-12.wav,7.476496,11.476496,2,5,9,street_music
36263-9-0-13.wav,7.976496,11.976496,2,5,9,street_music
36263-9-0-17.wav,9.976496,13.976496,2,5,9,street_music
36263-9-0-2.wav,2.476496,6.476496,2,5,9,street_music
36263-9-0-3.wav,2.976496,6.976496,2,5,9,street_music
36263-9-0-5.wav,3.976496,7.976496,2,5,9,street_music
36264-9-0-0.wav,0.0,4.0,1,7,9,street_music
36264-9-0-1.wav,0.5,4.5,1,7,9,street_music
36264-9-0-10.wav,5.0,9.0,1,7,9,street_music
36264-9-0-2.wav,1.0,5.0,1,7,9,street_music
36264-9-0-5.wav,2.5,6.5,1,7,9,street_music
36264-9-0-7.wav,3.5,7.5,1,7,9,street_music
36403-6-0-0.wav,26.137402,26.89012,2,6,6,gun_shot
36429-2-0-13.wav,6.5,10.5,2,8,2,children_playing
36429-2-0-14.wav,7.0,11.0,2,8,2,children_playing
36429-2-0-15.wav,7.5,11.5,2,8,2,children_playing
36429-2-0-18.wav,9.0,13.0,2,8,2,children_playing
36429-2-0-23.wav,11.5,15.5,2,8,2,children_playing
36429-2-0-6.wav,3.0,7.0,2,8,2,children_playing
36429-2-0-7.wav,3.5,7.5,2,8,2,children_playing
36902-3-0-0.wav,0.08998,0.877307,1,6,3,dog_bark
36902-3-1-0.wav,1.192238,1.99831,1,6,3,dog_bark
36902-3-2-0.wav,2.286997,5.293835,1,6,3,dog_bark
37236-6-0-0.wav,0.0,2.17,1,2,6,gun_shot
37560-4-0-0.wav,0.0,4.0,1,3,4,drilling
37560-4-0-1.wav,0.5,4.5,1,3,4,drilling
37560-4-0-2.wav,1.0,5.0,1,3,4,drilling
37560-4-0-3.wav,1.5,5.5,1,3,4,drilling
37560-4-0-4.wav,2.0,6.0,1,3,4,drilling
37560-4-0-5.wav,2.5,6.5,1,3,4,drilling
37869-3-0-0.wav,0.477071,1.431213,1,5,3,dog_bark
37869-3-1-0.wav,6.003142,7.414477,1,5,3,dog_bark
37869-3-3-0.wav,15.902364,18.108817,1,5,3,dog_bark
37869-3-5-0.wav,21.567581,23.177696,1,5,3,dog_bark
38121-3-0-0.wav,0.05536,2.856996,1,6,3,dog_bark
38231-3-0-0.wav,0.576461,1.152921,1,4,3,dog_bark
38231-3-2-0.wav,13.437498,17.437497999999998,1,4,3,dog_bark
38231-3-3-0.wav,21.587459,23.058428,1,4,3,dog_bark
38231-3-4-0.wav,26.338291,28.982059,1,4,3,dog_bark
38236-3-2-2.wav,14.434856,18.434856,1,7,3,dog_bark
38236-3-2-3.wav,14.934856,18.934856,1,7,3,dog_bark
38236-3-3-0.wav,26.29251,29.954752,1,7,3,dog_bark
39533-4-0-0.wav,0.0,0.877311,1,5,4,drilling
39533-4-1-0.wav,1.133258,2.716735,1,5,4,drilling
39852-5-0-0.wav,0.0,4.0,1,6,5,engine_idling
39852-5-0-1.wav,0.5,4.5,1,6,5,engine_idling
39854-5-0-0.wav,1.665405,5.665405,1,6,5,engine_idling
39854-5-1-0.wav,144.073254,148.073254,1,6,5,engine_idling
39854-5-1-1.wav,144.573254,148.573254,1,6,5,engine_idling
39854-5-1-2.wav,145.073254,149.073254,1,6,5,engine_idling
39854-5-1-3.wav,145.573254,149.573254,1,6,5,engine_idling
39854-5-1-4.wav,146.073254,150.073254,1,6,5,engine_idling
39857-5-0-0.wav,0.0,4.0,1,7,5,engine_idling
39857-5-0-1.wav,0.5,4.5,1,7,5,engine_idling
39857-5-0-2.wav,1.0,5.0,1,7,5,engine_idling
39857-5-1-0.wav,10.562855,14.562855,1,7,5,engine_idling
39857-5-1-1.wav,11.062855,15.062855,1,7,5,engine_idling
39857-5-1-2.wav,11.562855,15.562855,1,7,5,engine_idling
39857-5-1-3.wav,12.062855,16.062855,1,7,5,engine_idling
39857-5-2-0.wav,22.089475,23.7857,1,7,5,engine_idling
39857-5-3-0.wav,25.481925,29.028577,1,7,5,engine_idling
39857-5-4-0.wav,30.532049,33.963049,1,7,5,engine_idling
39857-5-5-0.wav,35.505072,39.505072,1,7,5,engine_idling
39857-5-5-1.wav,36.005072,40.005072,1,7,5,engine_idling
39884-5-0-0.wav,8.085243,12.085243,1,6,5,engine_idling
39884-5-0-1.wav,8.585243,12.585243,1,6,5,engine_idling
39884-5-0-2.wav,9.085243,13.085243,1,6,5,engine_idling
39884-5-0-3.wav,9.585243,13.585243,1,6,5,engine_idling
39884-5-0-4.wav,10.085243,14.085243,1,6,5,engine_idling
39884-5-0-5.wav,10.585243,14.585243,1,6,5,engine_idling
39884-5-0-6.wav,11.085243,15.085243,1,6,5,engine_idling
39884-5-0-7.wav,11.585243,15.585243,1,6,5,engine_idling
39967-9-0-0.wav,19.303455,23.303455,1,8,9,street_music
39967-9-0-100.wav,69.303455,73.303455,1,8,9,street_music
39967-9-0-44.wav,41.303455,45.303455,1,8,9,street_music
39967-9-0-56.wav,47.303455,51.303455,1,8,9,street_music
39967-9-0-78.wav,58.303455,62.303455,1,8,9,street_music
39967-9-0-99.wav,68.803455,72.803455,1,8,9,street_music
39968-9-0-144.wav,96.616485,100.616485,1,4,9,street_music
39968-9-0-173.wav,111.116485,115.116485,1,4,9,street_music
39968-9-0-181.wav,115.116485,119.116485,1,4,9,street_music
39968-9-0-227.wav,138.116485,142.116485,1,4,9,street_music
39968-9-0-69.wav,59.116485,63.116485,1,4,9,street_music
39968-9-0-81.wav,65.116485,69.116485,1,4,9,street_music
39970-9-0-108.wav,57.690714,61.690714,1,2,9,street_music
39970-9-0-142.wav,74.690714,78.690714,1,2,9,street_music
39970-9-0-41.wav,24.190714,28.190714,1,2,9,street_music
39970-9-0-46.wav,26.690714,30.690714,1,2,9,street_music
39970-9-0-54.wav,30.690714,34.690714,1,2,9,street_music
39970-9-0-98.wav,52.690714,56.690714,1,2,9,street_music
40717-8-0-0.wav,0.351355,4.351355,2,2,8,siren
40717-8-0-1.wav,0.851355,4.851355,2,2,8,siren
40717-8-0-2.wav,1.351355,5.351355,2,2,8,siren
40717-8-0-3.wav,1.851355,5.851355,2,2,8,siren
40717-8-0-4.wav,2.351355,6.351355,2,2,8,siren
40717-8-0-5.wav,2.851355,6.851355,2,2,8,siren
40717-8-0-6.wav,3.351355,7.351355,2,2,8,siren
40722-8-0-0.wav,0.0,4.0,2,1,8,siren
40722-8-0-1.wav,0.5,4.5,2,1,8,siren
40722-8-0-2.wav,1.0,5.0,2,1,8,siren
40722-8-0-3.wav,1.5,5.5,2,1,8,siren
40722-8-0-4.wav,2.0,6.0,2,1,8,siren
40722-8-0-5.wav,2.5,6.5,2,1,8,siren
40722-8-0-6.wav,3.0,7.0,2,1,8,siren
40722-8-0-7.wav,3.5,7.5,2,1,8,siren
40722-8-0-8.wav,4.0,8.0,2,1,8,siren
41364-9-0-11.wav,5.5,9.5,1,8,9,street_music
41364-9-0-18.wav,9.0,13.0,1,8,9,street_music
41364-9-0-22.wav,11.0,15.0,1,8,9,street_music
41364-9-0-23.wav,11.5,15.5,1,8,9,street_music
41364-9-0-24.wav,12.0,16.0,1,8,9,street_music
41364-9-0-27.wav,13.5,17.5,1,8,9,street_music
41372-3-0-25.wav,29.892794,33.892793999999995,2,3,3,dog_bark
41372-3-0-36.wav,35.392793999999995,39.392794,2,3,3,dog_bark
41372-3-0-39.wav,36.892794,40.892794,2,3,3,dog_bark
41372-3-0-51.wav,42.892794,46.892794,2,3,3,dog_bark
41918-3-0-0.wav,0.525781,4.525781,1,4,3,dog_bark
41918-3-0-1.wav,1.025781,5.025781,1,4,3,dog_bark
4201-3-0-0.wav,0.104715,0.352725,2,2,3,dog_bark
4201-3-1-0.wav,0.804653,1.085731,2,2,3,dog_bark
4201-3-2-0.wav,1.818737,2.171462,2,2,3,dog_bark
4201-3-3-0.wav,3.968154,4.976726,2,2,3,dog_bark
42097-7-0-0.wav,0.0,4.0,1,3,7,jackhammer
42097-7-0-1.wav,0.5,4.5,1,3,7,jackhammer
42097-7-0-2.wav,1.0,5.0,1,3,7,jackhammer
42117-8-0-0.wav,88.660252,92.660252,2,3,8,siren
42117-8-0-1.wav,89.160252,93.160252,2,3,8,siren
42117-8-0-10.wav,93.660252,97.660252,2,3,8,siren
42117-8-0-11.wav,94.160252,98.160252,2,3,8,siren
42117-8-0-12.wav,94.660252,98.660252,2,3,8,siren
42117-8-0-13.wav,95.160252,99.160252,2,3,8,siren
42117-8-0-14.wav,95.660252,99.660252,2,3,8,siren
42117-8-0-2.wav,89.660252,93.660252,2,3,8,siren
42117-8-0-3.wav,90.160252,94.160252,2,3,8,siren
42117-8-0-4.wav,90.660252,94.660252,2,3,8,siren
42117-8-0-5.wav,91.160252,95.160252,2,3,8,siren
42117-8-0-6.wav,91.660252,95.660252,2,3,8,siren
42117-8-0-7.wav,92.160252,96.160252,2,3,8,siren
42117-8-0-8.wav,92.660252,96.660252,2,3,8,siren
42117-8-0-9.wav,93.160252,97.160252,2,3,8,siren
42117-8-1-0.wav,124.611628,128.611628,2,3,8,siren
42324-4-0-0.wav,0.0,2.036538,1,8,4,drilling
42324-4-1-0.wav,2.509673,4.145074,1,8,4,drilling
42324-4-2-0.wav,5.811333,9.811333,1,8,4,drilling
42324-4-2-1.wav,6.311333,10.311333,1,8,4,drilling
42324-4-2-2.wav,6.811333,10.811333,1,8,4,drilling
42324-4-2-3.wav,7.311333,11.311333,1,8,4,drilling
42324-4-2-4.wav,7.811333,11.811333,1,8,4,drilling
42937-4-0-0.wav,0.0,4.0,1,3,4,drilling
42937-4-0-1.wav,0.5,4.5,1,3,4,drilling
42937-4-0-2.wav,1.0,5.0,1,3,4,drilling
42954-9-0-12.wav,6.0,10.0,1,4,9,street_music
42954-9-0-18.wav,9.0,13.0,1,4,9,street_music
42954-9-0-2.wav,1.0,5.0,1,4,9,street_music
42954-9-0-20.wav,10.0,14.0,1,4,9,street_music
42954-9-0-22.wav,11.0,15.0,1,4,9,street_music
42954-9-0-5.wav,2.5,6.5,1,4,9,street_music
42955-9-0-12.wav,6.0,10.0,1,6,9,street_music
42955-9-0-14.wav,7.0,11.0,1,6,9,street_music
42955-9-0-18.wav,9.0,13.0,1,6,9,street_music
42955-9-0-19.wav,9.5,13.5,1,6,9,street_music
42955-9-0-22.wav,11.0,15.0,1,6,9,street_music
43784-3-0-0.wav,0.934147,1.116784,1,7,3,dog_bark
43784-3-1-0.wav,2.739564,3.254543,1,7,3,dog_bark
43786-3-0-0.wav,0.536063,1.142558,1,1,3,dog_bark
43786-3-1-0.wav,2.926828,3.314202,1,1,3,dog_bark
43787-3-0-0.wav,1.578947,2.870812,1,5,3,dog_bark
43787-3-1-0.wav,6.27162,7.364737,1,5,3,dog_bark
43787-3-2-0.wav,8.866392,10.710337,1,5,3,dog_bark
43787-3-3-0.wav,11.969077,12.388657,1,5,3,dog_bark
43802-1-0-0.wav,1.111691,1.293604,1,6,1,car_horn
43802-1-1-0.wav,2.425507,2.627632,1,6,1,car_horn
43802-1-2-0.wav,8.044598,8.287148,2,6,1,car_horn
43803-1-0-0.wav,2.225494,2.404799,2,5,1,car_horn
43805-8-0-0.wav,49.532944,53.532944,1,7,8,siren
43805-8-1-0.wav,64.181737,64.461469,1,7,8,siren
43805-8-2-0.wav,64.723608,64.983987,1,7,8,siren
43805-8-3-0.wav,79.179405,79.537549,2,7,8,siren
43805-8-4-0.wav,80.160407,80.589329,2,7,8,siren
43806-8-0-0.wav,0.0,4.0,1,1,8,siren
44110-3-0-0.wav,0.249536,3.465784,1,8,3,dog_bark
44110-3-1-0.wav,5.517529,6.072054,1,8,3,dog_bark
44110-3-3-0.wav,11.31232,14.500842,1,8,3,dog_bark
44110-3-4-0.wav,16.802122,18.437973,1,8,3,dog_bark
44278-1-0-0.wav,6.453018,7.489104,2,4,1,car_horn
44278-1-1-0.wav,9.944179,10.282033,2,4,1,car_horn
44325-9-0-18.wav,9.0,13.0,2,6,9,street_music
44325-9-0-21.wav,10.5,14.5,2,6,9,street_music
44325-9-0-35.wav,17.5,21.5,2,6,9,street_music
44325-9-0-67.wav,33.5,37.5,2,6,9,street_music
44325-9-0-72.wav,36.0,40.0,2,6,9,street_music
44325-9-0-78.wav,39.0,43.0,2,6,9,street_music
44735-5-0-0.wav,0.0,4.0,1,2,5,engine_idling
44735-5-0-1.wav,0.5,4.5,1,2,5,engine_idling
44736-5-0-0.wav,0.0,4.0,1,1,5,engine_idling
44736-5-0-1.wav,0.5,4.5,1,1,5,engine_idling
44737-5-0-0.wav,0.0,4.0,1,7,5,engine_idling
44737-5-0-1.wav,0.5,4.5,1,7,5,engine_idling
44737-5-0-2.wav,1.0,5.0,1,7,5,engine_idling
44737-5-0-3.wav,1.5,5.5,1,7,5,engine_idling
44831-3-0-0.wav,1.951541,5.951541,2,3,3,dog_bark
44831-3-1-0.wav,10.038318,11.313835,2,3,3,dog_bark
44831-3-2-0.wav,20.35725,21.81134,2,3,3,dog_bark
45256-1-0-0.wav,0.0,0.275708,2,5,1,car_horn
46299-2-0-0.wav,0.0,4.0,2,6,2,children_playing
46299-2-0-16.wav,8.0,12.0,2,6,2,children_playing
46299-2-0-21.wav,10.5,14.5,2,6,2,children_playing
46299-2-0-22.wav,11.0,15.0,2,6,2,children_playing
46299-2-0-36.wav,18.0,22.0,2,6,2,children_playing
46299-2-0-48.wav,24.0,28.0,2,6,2,children_playing
46299-2-0-8.wav,4.0,8.0,2,6,2,children_playing
46299-2-0-9.wav,4.5,8.5,2,6,2,children_playing
46391-1-0-0.wav,55.735952,59.735952,2,5,1,car_horn
46391-1-1-0.wav,98.480072,99.570989,2,5,1,car_horn
46654-6-0-0.wav,0.084334,1.222838,1,1,6,gun_shot
46655-6-0-0.wav,0.365045,1.559262,1,2,6,gun_shot
46656-6-0-0.wav,0.247654,1.666033,1,1,6,gun_shot
46656-6-1-0.wav,3.32081,4.637877,1,1,6,gun_shot
46656-6-2-0.wav,5.549692,7.046871,1,1,6,gun_shot
46656-6-3-0.wav,7.519664,8.938044,1,1,6,gun_shot
46656-6-4-0.wav,9.118156,10.626591,1,1,6,gun_shot
46656-6-5-0.wav,10.761675,12.112513,1,1,6,gun_shot
46668-4-0-0.wav,0.306953,4.306953,1,2,4,drilling
46668-4-0-1.wav,0.806953,4.806953,1,2,4,drilling
46668-4-0-2.wav,1.306953,5.306953,1,2,4,drilling
46669-4-0-0.wav,0.0,4.0,1,1,4,drilling
46669-4-0-10.wav,5.0,9.0,1,1,4,drilling
46669-4-0-2.wav,1.0,5.0,1,1,4,drilling
46669-4-0-24.wav,12.0,16.0,1,1,4,drilling
46669-4-0-26.wav,13.0,17.0,1,1,4,drilling
46669-4-0-3.wav,1.5,5.5,1,1,4,drilling
46669-4-0-30.wav,15.0,19.0,1,1,4,drilling
46669-4-0-31.wav,15.5,19.5,1,1,4,drilling
46669-4-0-32.wav,16.0,20.0,1,1,4,drilling
46669-4-0-33.wav,16.5,20.5,1,1,4,drilling
46669-4-0-35.wav,17.5,21.5,1,1,4,drilling
46669-4-0-36.wav,18.0,22.0,1,1,4,drilling
46669-4-0-37.wav,18.5,22.5,1,1,4,drilling
46669-4-0-39.wav,19.5,23.5,1,1,4,drilling
46669-4-0-4.wav,2.0,6.0,1,1,4,drilling
46669-4-0-45.wav,22.5,26.5,1,1,4,drilling
46669-4-0-48.wav,24.0,28.0,1,1,4,drilling
46669-4-0-49.wav,24.5,28.5,1,1,4,drilling
46669-4-0-54.wav,27.0,31.0,1,1,4,drilling
46669-4-0-61.wav,30.5,34.5,1,1,4,drilling
46669-4-0-63.wav,31.5,35.5,1,1,4,drilling
46669-4-0-8.wav,4.0,8.0,1,1,4,drilling
46669-4-0-9.wav,4.5,8.5,1,1,4,drilling
46918-5-0-0.wav,6.000195,10.000195,2,1,5,engine_idling
46918-5-0-1.wav,6.500195,10.500195,2,1,5,engine_idling
46918-5-0-2.wav,7.000195,11.000195,2,1,5,engine_idling
47019-2-0-42.wav,21.0,25.0,1,4,2,children_playing
47019-2-0-44.wav,22.0,26.0,1,4,2,children_playing
47019-2-0-55.wav,27.5,31.5,1,4,2,children_playing
47019-2-0-65.wav,32.5,36.5,1,4,2,children_playing
47019-2-0-66.wav,33.0,37.0,1,4,2,children_playing
47019-2-0-69.wav,34.5,38.5,1,4,2,children_playing
47019-2-0-73.wav,36.5,40.5,1,4,2,children_playing
47160-0-0-0.wav,0.056394,4.056394,1,6,0,air_conditioner
47160-0-0-1.wav,0.556394,4.556394,1,6,0,air_conditioner
47160-0-0-2.wav,1.056394,5.056394,1,6,0,air_conditioner
47160-0-0-3.wav,1.556394,5.556394,1,6,0,air_conditioner
47160-0-0-4.wav,2.056394,6.056394,1,6,0,air_conditioner
47926-3-0-0.wav,1.674351,2.683324,1,4,3,dog_bark
47926-3-1-0.wav,3.315978,3.752291,1,4,3,dog_bark
47926-3-2-0.wav,4.90852,6.075657,1,4,3,dog_bark
47926-3-3-0.wav,6.593779,7.433681,1,4,3,dog_bark
4910-3-0-0.wav,0.031494,0.647731,1,6,3,dog_bark
4911-3-0-0.wav,0.008108,0.217438,1,2,3,dog_bark
4912-3-0-0.wav,0.0,0.231748,1,6,3,dog_bark
4912-3-1-0.wav,0.516166,0.859574,1,6,3,dog_bark
4912-3-2-0.wav,1.666477,1.990924,1,6,3,dog_bark
4912-3-3-0.wav,2.370148,2.646139,1,6,3,dog_bark
4918-3-0-0.wav,0.0,0.3744,1,8,3,dog_bark
4918-3-1-0.wav,1.421333,2.343467,1,8,3,dog_bark
4918-3-3-0.wav,4.8672,5.2832,1,8,3,dog_bark
4918-3-4-0.wav,7.4672,8.389333,1,8,3,dog_bark
49312-2-0-1.wav,0.5,4.5,1,5,2,children_playing
49312-2-0-10.wav,5.0,9.0,1,5,2,children_playing
49312-2-0-16.wav,8.0,12.0,1,5,2,children_playing
49312-2-0-17.wav,8.5,12.5,1,5,2,children_playing
49312-2-0-2.wav,1.0,5.0,1,5,2,children_playing
49312-2-0-5.wav,2.5,6.5,1,5,2,children_playing
49312-2-0-7.wav,3.5,7.5,1,5,2,children_playing
49313-2-0-1.wav,0.5,4.5,1,7,2,children_playing
49313-2-0-10.wav,5.0,9.0,1,7,2,children_playing
49313-2-0-13.wav,6.5,10.5,1,7,2,children_playing
49313-2-0-20.wav,10.0,14.0,1,7,2,children_playing
49313-2-0-30.wav,15.0,19.0,1,7,2,children_playing
49313-2-0-4.wav,2.0,6.0,1,7,2,children_playing
49313-2-0-9.wav,4.5,8.5,1,7,2,children_playing
49485-9-0-138.wav,71.24779,75.24779,1,3,9,street_music
49485-9-0-142.wav,73.24779,77.24779,1,3,9,street_music
49485-9-0-154.wav,79.24779,83.24779,1,3,9,street_music
49485-9-0-24.wav,14.24779,18.24779,1,3,9,street_music
49485-9-0-28.wav,16.247790000000002,20.24779,1,3,9,street_music
49485-9-0-91.wav,47.74779,51.74779,1,3,9,street_music
49769-5-0-0.wav,0.14176,4.14176,1,3,5,engine_idling
49769-5-1-0.wav,21.095675,22.539856,1,3,5,engine_idling
49808-3-0-6.wav,3.0,7.0,2,2,3,dog_bark
49808-3-1-22.wav,67.882376,71.882376,2,2,3,dog_bark
49808-3-1-8.wav,60.882376,64.882376,2,2,3,dog_bark
49809-3-0-0.wav,0.0,0.718468,2,3,3,dog_bark
49809-3-3-0.wav,18.125927,20.897162,2,3,3,dog_bark
49809-3-4-0.wav,22.477792,23.791562,2,3,3,dog_bark
49974-1-0-0.wav,0.0,2.588,1,8,1,car_horn
50413-4-0-0.wav,0.036027,4.036027,1,5,4,drilling
50413-4-0-1.wav,0.536027,4.536027,1,5,4,drilling
50413-4-0-2.wav,1.036027,5.036027,1,5,4,drilling
50413-4-0-3.wav,1.536027,5.536027,1,5,4,drilling
50415-4-0-0.wav,0.0,4.0,1,7,4,drilling
50415-4-0-1.wav,0.5,4.5,1,7,4,drilling
50416-4-0-0.wav,0.058705,4.058705,1,2,4,drilling
50416-4-0-1.wav,0.558705,4.558705,1,2,4,drilling
50416-4-0-2.wav,1.058705,5.058705,1,2,4,drilling
50454-5-0-0.wav,0.0,4.0,1,7,5,engine_idling
50455-5-0-0.wav,0.0,4.0,1,6,5,engine_idling
50612-3-0-0.wav,0.0,0.769615,1,7,3,dog_bark
50613-3-0-0.wav,0.0,0.538526,1,8,3,dog_bark
50614-3-0-0.wav,0.0,1.0,1,7,3,dog_bark
50618-6-0-0.wav,7.305945,8.639775,1,4,6,gun_shot
50629-4-0-0.wav,0.0,4.0,1,7,4,drilling
50629-4-0-1.wav,0.5,4.5,1,7,4,drilling
50629-4-1-0.wav,15.513354,19.513354,1,7,4,drilling
50629-4-1-1.wav,16.013354,20.013354,1,7,4,drilling
50629-4-1-11.wav,21.013354,25.013354,1,7,4,drilling
50629-4-1-13.wav,22.013354,26.013354,1,7,4,drilling
50629-4-1-2.wav,16.513354,20.513354,1,7,4,drilling
50629-4-1-3.wav,17.013354,21.013354,1,7,4,drilling
50629-4-1-4.wav,17.513354,21.513354,1,7,4,drilling
50629-4-1-8.wav,19.513354,23.513354,1,7,4,drilling
50629-4-1-9.wav,20.013354,24.013354,1,7,4,drilling
50629-4-2-0.wav,64.186504,66.578146,1,7,4,drilling
50629-4-3-0.wav,73.171322,77.171322,1,7,4,drilling
50629-4-4-0.wav,79.63522,83.63522,1,7,4,drilling
50629-4-4-3.wav,81.13522,85.13522,1,7,4,drilling
50629-4-4-8.wav,83.63522,87.63522,1,7,4,drilling
50629-4-4-9.wav,84.13522,88.13522,1,7,4,drilling
50661-5-0-0.wav,0.0,4.0,1,4,5,engine_idling
50661-5-0-1.wav,0.5,4.5,1,4,5,engine_idling
50661-5-0-2.wav,1.0,5.0,1,4,5,engine_idling
50661-5-0-3.wav,1.5,5.5,1,4,5,engine_idling
50661-5-0-4.wav,2.0,6.0,1,4,5,engine_idling
50661-5-0-5.wav,2.5,6.5,1,4,5,engine_idling
50668-5-0-0.wav,0.0,4.0,1,8,5,engine_idling
50668-5-0-1.wav,0.5,4.5,1,8,5,engine_idling
50668-5-0-2.wav,1.0,5.0,1,8,5,engine_idling
50668-5-1-0.wav,11.614949,12.519107,1,8,5,engine_idling
50668-5-2-0.wav,15.6257,16.41394,1,8,5,engine_idling
50668-5-3-0.wav,21.954804,25.594618,1,8,5,engine_idling
50668-5-4-0.wav,26.313308,29.025781,1,8,5,engine_idling
50668-5-5-0.wav,31.715071,35.715070999999995,1,8,5,engine_idling
50668-5-5-1.wav,32.215070999999995,36.215071,1,8,5,engine_idling
50668-5-5-2.wav,32.715070999999995,36.715071,1,8,5,engine_idling
50668-5-6-0.wav,50.076427,51.768825,1,8,5,engine_idling
50668-5-7-0.wav,55.199988,58.932536,1,8,5,engine_idling
50885-3-0-2.wav,1.0,5.0,1,5,3,dog_bark
50885-3-0-3.wav,1.5,5.5,1,5,3,dog_bark
50885-3-0-4.wav,2.0,6.0,1,5,3,dog_bark
50885-3-0-5.wav,2.5,6.5,1,5,3,dog_bark
50898-5-0-0.wav,1.187763,4.777279,1,2,5,engine_idling
50901-0-0-0.wav,1.006702,5.006702,1,1,0,air_conditioner
50901-0-1-0.wav,9.021096,13.021096,1,1,0,air_conditioner
50901-0-1-1.wav,9.521096,13.521096,1,1,0,air_conditioner
51022-3-13-0.wav,19.916516,21.377728,2,1,3,dog_bark
51022-3-29-0.wav,44.136601,44.596982,1,1,3,dog_bark
51022-3-30-4.wav,46.647024,50.647024,2,1,3,dog_bark
51022-3-7-0.wav,14.201777,15.292682,2,1,3,dog_bark
51027-3-0-7.wav,3.5,7.5,2,6,3,dog_bark
51027-3-0-9.wav,4.5,8.5,2,6,3,dog_bark
51027-3-1-1.wav,38.559406,42.559406,2,6,3,dog_bark
51027-3-1-4.wav,40.059406,44.059406,2,6,3,dog_bark
518-4-0-0.wav,0.242743,4.242743,1,7,4,drilling
518-4-0-1.wav,0.7427429999999999,4.742743,1,7,4,drilling
518-4-0-2.wav,1.242743,5.242743,1,7,4,drilling
518-4-0-3.wav,1.742743,5.742743,1,7,4,drilling
52077-3-0-13.wav,7.10243,11.10243,1,3,3,dog_bark
52077-3-0-17.wav,9.10243,13.10243,1,3,3,dog_bark
52077-3-0-3.wav,2.10243,6.10243,1,3,3,dog_bark
52077-3-0-8.wav,4.60243,8.60243,1,3,3,dog_bark
52102-1-0-0.wav,32.140691,32.564609,2,5,1,car_horn
52284-6-0-0.wav,0.035404,0.803219,1,8,6,gun_shot
52357-6-0-0.wav,0.033194,0.902864,1,3,6,gun_shot
52441-3-0-0.wav,0.0,4.0,1,4,3,dog_bark
52441-3-0-13.wav,6.5,10.5,1,4,3,dog_bark
52441-3-0-8.wav,4.0,8.0,1,4,3,dog_bark
52441-3-1-2.wav,47.843242,51.843242,1,4,3,dog_bark
52633-3-0-1.wav,0.5,4.5,1,8,3,dog_bark
52633-3-0-2.wav,1.0,5.0,1,8,3,dog_bark
52633-3-0-8.wav,4.0,8.0,1,8,3,dog_bark
52633-3-0-9.wav,4.5,8.5,1,8,3,dog_bark
52882-2-0-0.wav,0.0,4.0,1,6,2,children_playing
52882-2-0-11.wav,5.5,9.5,1,6,2,children_playing
52882-2-0-3.wav,1.5,5.5,1,6,2,children_playing
52882-2-0-4.wav,2.0,6.0,1,6,2,children_playing
52882-2-0-6.wav,3.0,7.0,1,6,2,children_playing
52882-2-0-7.wav,3.5,7.5,1,6,2,children_playing
52882-2-0-8.wav,4.0,8.0,1,6,2,children_playing
54067-2-0-23.wav,11.5,15.5,1,3,2,children_playing
54067-2-0-33.wav,16.5,20.5,1,3,2,children_playing
54067-2-0-48.wav,24.0,28.0,1,3,2,children_playing
54067-2-0-60.wav,30.0,34.0,1,3,2,children_playing
54067-2-0-70.wav,35.0,39.0,1,3,2,children_playing
54067-2-0-71.wav,35.5,39.5,1,3,2,children_playing
54067-2-0-80.wav,40.0,44.0,1,3,2,children_playing
54081-9-0-24.wav,20.638099,24.638099,2,4,9,street_music
54081-9-0-47.wav,32.138099,36.138099,2,4,9,street_music
54081-9-0-56.wav,36.638099,40.638099,2,4,9,street_music
54081-9-0-87.wav,52.138099,56.138099,2,4,9,street_music
54081-9-0-93.wav,55.138099,59.138099,2,4,9,street_music
54173-2-0-18.wav,12.153856,16.153856,2,4,2,children_playing
54173-2-0-2.wav,4.153856,8.153856000000001,2,4,2,children_playing
54173-2-0-21.wav,13.653856,17.653856,2,4,2,children_playing
54173-2-0-26.wav,16.153856,20.153856,2,4,2,children_playing
54173-2-0-28.wav,17.153856,21.153856,2,4,2,children_playing
54173-2-0-4.wav,5.153856,9.153856,2,4,2,children_playing
54173-2-0-5.wav,5.653856,9.653856,2,4,2,children_playing
54173-2-0-9.wav,7.653856,11.653856,2,4,2,children_playing
54383-0-0-0.wav,0.0,4.0,1,8,0,air_conditioner
54383-0-0-1.wav,0.5,4.5,1,8,0,air_conditioner
54383-0-0-10.wav,5.0,9.0,1,8,0,air_conditioner
54383-0-0-11.wav,5.5,9.5,1,8,0,air_conditioner
54383-0-0-2.wav,1.0,5.0,1,8,0,air_conditioner
54383-0-0-3.wav,1.5,5.5,1,8,0,air_conditioner
54383-0-0-4.wav,2.0,6.0,1,8,0,air_conditioner
54383-0-0-5.wav,2.5,6.5,1,8,0,air_conditioner
54383-0-0-6.wav,3.0,7.0,1,8,0,air_conditioner
54383-0-0-7.wav,3.5,7.5,1,8,0,air_conditioner
54383-0-0-8.wav,4.0,8.0,1,8,0,air_conditioner
54383-0-0-9.wav,4.5,8.5,1,8,0,air_conditioner
54545-3-0-0.wav,0.826371,4.826371,1,2,3,dog_bark
54545-3-0-1.wav,1.326371,5.326371,1,2,3,dog_bark
54545-3-0-2.wav,1.826371,5.826371,1,2,3,dog_bark
54697-7-0-0.wav,0.0,4.0,1,6,7,jackhammer
54697-7-0-1.wav,0.5,4.5,1,6,7,jackhammer
54697-7-0-2.wav,1.0,5.0,1,6,7,jackhammer
54697-7-0-3.wav,1.5,5.5,1,6,7,jackhammer
54697-7-0-4.wav,2.0,6.0,1,6,7,jackhammer
54858-3-0-0.wav,28.04638,32.04638,2,1,3,dog_bark
54858-3-1-2.wav,37.898228,41.898228,1,1,3,dog_bark
54858-3-2-0.wav,66.854743,67.739928,1,1,3,dog_bark
54898-8-0-0.wav,46.992301,50.992301,2,3,8,siren
54898-8-0-1.wav,47.492301,51.492301,2,3,8,siren
54898-8-0-10.wav,51.992301,55.992301,2,3,8,siren
54898-8-0-2.wav,47.992301,51.992301,2,3,8,siren
54898-8-0-3.wav,48.492301,52.492301,2,3,8,siren
54898-8-0-4.wav,48.992301,52.992301,2,3,8,siren
54898-8-0-5.wav,49.492301,53.492301,2,3,8,siren
54898-8-0-6.wav,49.992301,53.992301,2,3,8,siren
54898-8-0-7.wav,50.492301,54.492301,2,3,8,siren
54898-8-0-8.wav,50.992301,54.992301,2,3,8,siren
54898-8-0-9.wav,51.492301,55.492301,2,3,8,siren
54914-2-0-23.wav,11.5,15.5,2,8,2,children_playing
54914-2-0-26.wav,13.0,17.0,2,8,2,children_playing
54914-2-0-27.wav,13.5,17.5,2,8,2,children_playing
54914-2-0-3.wav,1.5,5.5,2,8,2,children_playing
54914-2-0-34.wav,17.0,21.0,2,8,2,children_playing
54914-2-0-35.wav,17.5,21.5,2,8,2,children_playing
54914-2-0-48.wav,24.0,28.0,2,8,2,children_playing
55013-3-0-1.wav,0.5,4.5,2,8,3,dog_bark
55013-3-0-3.wav,1.5,5.5,2,8,3,dog_bark
55013-3-0-4.wav,2.0,6.0,2,8,3,dog_bark
55013-3-0-7.wav,3.5,7.5,2,8,3,dog_bark
55018-0-0-102.wav,55.041583,59.041583,1,4,0,air_conditioner
55018-0-0-106.wav,57.041583,61.041583,1,4,0,air_conditioner
55018-0-0-110.wav,59.041583,63.041583,1,4,0,air_conditioner
55018-0-0-116.wav,62.041583,66.041583,1,4,0,air_conditioner
55018-0-0-121.wav,64.541583,68.541583,1,4,0,air_conditioner
55018-0-0-145.wav,76.541583,80.541583,1,4,0,air_conditioner
55018-0-0-146.wav,77.041583,81.041583,1,4,0,air_conditioner
55018-0-0-148.wav,78.041583,82.041583,1,4,0,air_conditioner
55018-0-0-162.wav,85.041583,89.041583,1,4,0,air_conditioner
55018-0-0-194.wav,101.041583,105.041583,1,4,0,air_conditioner
55018-0-0-2.wav,5.041583,9.041583,1,4,0,air_conditioner
55018-0-0-209.wav,108.541583,112.541583,1,4,0,air_conditioner
55018-0-0-246.wav,127.041583,131.041583,1,4,0,air_conditioner
55018-0-0-248.wav,128.041583,132.041583,1,4,0,air_conditioner
55018-0-0-26.wav,17.041583,21.041583,1,4,0,air_conditioner
55018-0-0-37.wav,22.541583,26.541583,1,4,0,air_conditioner
55018-0-0-44.wav,26.041583,30.041583,1,4,0,air_conditioner
55018-0-0-49.wav,28.541583,32.541583,1,4,0,air_conditioner
55018-0-0-8.wav,8.041583,12.041583,1,4,0,air_conditioner
55018-0-0-84.wav,46.041583,50.041583,1,4,0,air_conditioner
55018-0-0-87.wav,47.541583,51.541583,1,4,0,air_conditioner
55018-0-0-92.wav,50.041583,54.041583,1,4,0,air_conditioner
55018-0-0-93.wav,50.541583,54.541583,1,4,0,air_conditioner
55020-4-0-0.wav,0.351364,4.351364,1,1,4,drilling
55020-4-0-1.wav,0.851364,4.851364,1,1,4,drilling
55020-4-0-10.wav,5.351364,9.351364,1,1,4,drilling
55020-4-0-11.wav,5.851364,9.851364,1,1,4,drilling
55020-4-0-12.wav,6.351364,10.351364,1,1,4,drilling
55020-4-0-13.wav,6.851364,10.851364,1,1,4,drilling
55020-4-0-14.wav,7.351364,11.351364,1,1,4,drilling
55020-4-0-2.wav,1.351364,5.351364,1,1,4,drilling
55020-4-0-3.wav,1.851364,5.851364,1,1,4,drilling
55020-4-0-4.wav,2.351364,6.351364,1,1,4,drilling
55020-4-0-5.wav,2.851364,6.851364,1,1,4,drilling
55020-4-0-6.wav,3.351364,7.351364,1,1,4,drilling
55020-4-0-7.wav,3.851364,7.851364,1,1,4,drilling
55020-4-0-8.wav,4.351364,8.351364,1,1,4,drilling
55020-4-0-9.wav,4.851364,8.851364,1,1,4,drilling
55728-9-0-14.wav,7.0,11.0,1,4,9,street_music
55728-9-0-28.wav,14.0,18.0,1,4,9,street_music
55728-9-0-30.wav,15.0,19.0,1,4,9,street_music
55728-9-0-34.wav,17.0,21.0,1,4,9,street_music
55728-9-0-67.wav,33.5,37.5,1,4,9,street_music
55728-9-0-8.wav,4.0,8.0,1,4,9,street_music
56385-0-0-0.wav,0.0,4.0,2,2,0,air_conditioner
56385-0-0-1.wav,0.5,4.5,2,2,0,air_conditioner
56385-0-0-2.wav,1.0,5.0,2,2,0,air_conditioner
57320-0-0-0.wav,0.0,4.0,2,1,0,air_conditioner
57320-0-0-10.wav,5.0,9.0,2,1,0,air_conditioner
57320-0-0-11.wav,5.5,9.5,2,1,0,air_conditioner
57320-0-0-13.wav,6.5,10.5,2,1,0,air_conditioner
57320-0-0-15.wav,7.5,11.5,2,1,0,air_conditioner
57320-0-0-21.wav,10.5,14.5,2,1,0,air_conditioner
57320-0-0-22.wav,11.0,15.0,2,1,0,air_conditioner
57320-0-0-24.wav,12.0,16.0,2,1,0,air_conditioner
57320-0-0-27.wav,13.5,17.5,2,1,0,air_conditioner
57320-0-0-31.wav,15.5,19.5,2,1,0,air_conditioner
57320-0-0-32.wav,16.0,20.0,2,1,0,air_conditioner
57320-0-0-33.wav,16.5,20.5,2,1,0,air_conditioner
57320-0-0-34.wav,17.0,21.0,2,1,0,air_conditioner
57320-0-0-36.wav,18.0,22.0,2,1,0,air_conditioner
57320-0-0-37.wav,18.5,22.5,2,1,0,air_conditioner
57320-0-0-38.wav,19.0,23.0,2,1,0,air_conditioner
57320-0-0-39.wav,19.5,23.5,2,1,0,air_conditioner
57320-0-0-4.wav,2.0,6.0,2,1,0,air_conditioner
57320-0-0-42.wav,21.0,25.0,2,1,0,air_conditioner
57320-0-0-45.wav,22.5,26.5,2,1,0,air_conditioner
57320-0-0-5.wav,2.5,6.5,2,1,0,air_conditioner
57320-0-0-6.wav,3.0,7.0,2,1,0,air_conditioner
57320-0-0-7.wav,3.5,7.5,2,1,0,air_conditioner
57320-0-0-9.wav,4.5,8.5,2,1,0,air_conditioner
57323-8-0-0.wav,11.964873,15.964873,2,7,8,siren
57323-8-0-1.wav,12.464873,16.464873,2,7,8,siren
57323-8-0-10.wav,16.964873,20.964873,2,7,8,siren
57323-8-0-11.wav,17.464873,21.464873,2,7,8,siren
57323-8-0-2.wav,12.964873,16.964873,2,7,8,siren
57323-8-0-3.wav,13.464873,17.464873,2,7,8,siren
57323-8-0-4.wav,13.964873,17.964873,2,7,8,siren
57323-8-0-5.wav,14.464873,18.464873,2,7,8,siren
57323-8-0-6.wav,14.964873,18.964873,2,7,8,siren
57323-8-0-7.wav,15.464873,19.464873,2,7,8,siren
57323-8-0-8.wav,15.964873,19.964873,2,7,8,siren
57323-8-0-9.wav,16.464873,20.464873,2,7,8,siren
57323-8-2-0.wav,47.816987,49.98469,2,7,8,siren
57553-3-0-0.wav,0.0,1.715423,2,1,3,dog_bark
57553-3-1-0.wav,9.679885,11.932555,2,1,3,dog_bark
57553-3-2-0.wav,13.063603,14.279479,2,1,3,dog_bark
57584-4-0-0.wav,0.0,4.0,2,1,4,drilling
57584-4-0-1.wav,0.5,4.5,2,1,4,drilling
57584-4-0-2.wav,1.0,5.0,2,1,4,drilling
57584-4-0-3.wav,1.5,5.5,2,1,4,drilling
57584-4-0-4.wav,2.0,6.0,2,1,4,drilling
57584-4-0-5.wav,2.5,6.5,2,1,4,drilling
57584-4-0-6.wav,3.0,7.0,2,1,4,drilling
57584-4-0-7.wav,3.5,7.5,2,1,4,drilling
57584-4-0-8.wav,4.0,8.0,2,1,4,drilling
57596-3-0-0.wav,0.591383,3.288668,2,7,3,dog_bark
57596-3-1-0.wav,5.921045,9.921045,2,7,3,dog_bark
57607-1-0-0.wav,9.765042,10.262624,2,6,1,car_horn
57696-4-0-0.wav,0.0,4.0,1,7,4,drilling
57696-4-0-1.wav,0.5,4.5,1,7,4,drilling
57696-4-0-2.wav,1.0,5.0,1,7,4,drilling
57696-4-0-3.wav,1.5,5.5,1,7,4,drilling
57696-4-0-4.wav,2.0,6.0,1,7,4,drilling
57696-4-0-5.wav,2.5,6.5,1,7,4,drilling
58005-4-0-13.wav,11.565261,15.565261,1,6,4,drilling
58005-4-0-17.wav,13.565261,17.565261,1,6,4,drilling
58005-4-0-23.wav,16.565261,20.565261,1,6,4,drilling
58005-4-0-24.wav,17.065261,21.065261,1,6,4,drilling
58005-4-0-26.wav,18.065261,22.065261,1,6,4,drilling
58005-4-0-30.wav,20.065261,24.065261,1,6,4,drilling
58005-4-0-32.wav,21.065261,25.065261,1,6,4,drilling
58005-4-0-34.wav,22.065261,26.065261,1,6,4,drilling
58005-4-0-40.wav,25.065261,29.065261,1,6,4,drilling
58005-4-0-41.wav,25.565261,29.565261,1,6,4,drilling
58005-4-0-44.wav,27.065261,31.065261,1,6,4,drilling
58005-4-0-45.wav,27.565261,31.565261,1,6,4,drilling
58005-4-0-51.wav,30.565261,34.565261,1,6,4,drilling
58005-4-0-55.wav,32.565261,36.565261,1,6,4,drilling
58005-4-0-63.wav,36.565261,40.565261,1,6,4,drilling
58005-4-0-68.wav,39.065261,43.065261,1,6,4,drilling
58005-4-0-70.wav,40.065261,44.065261,1,6,4,drilling
58005-4-0-76.wav,43.065261,47.065261,1,6,4,drilling
58202-1-0-0.wav,0.0,1.455435,1,2,1,car_horn
58382-3-0-0.wav,0.224342,4.224342,1,5,3,dog_bark
58806-0-0-0.wav,0.0,4.0,1,3,0,air_conditioner
58857-2-0-10.wav,5.0,9.0,2,3,2,children_playing
58857-2-0-12.wav,6.0,10.0,2,3,2,children_playing
58857-2-0-13.wav,6.5,10.5,2,3,2,children_playing
58857-2-0-14.wav,7.0,11.0,2,3,2,children_playing
58857-2-0-16.wav,8.0,12.0,2,3,2,children_playing
58857-2-0-25.wav,12.5,16.5,2,3,2,children_playing
58857-2-0-7.wav,3.5,7.5,2,3,2,children_playing
58857-2-0-8.wav,4.0,8.0,2,3,2,children_playing
59277-0-0-0.wav,0.0,4.0,1,1,0,air_conditioner
59277-0-0-1.wav,0.5,4.5,1,1,0,air_conditioner
59277-0-0-2.wav,1.0,5.0,1,1,0,air_conditioner
59277-0-0-3.wav,1.5,5.5,1,1,0,air_conditioner
59277-0-0-4.wav,2.0,6.0,1,1,0,air_conditioner
59277-0-0-5.wav,2.5,6.5,1,1,0,air_conditioner
59277-0-0-6.wav,3.0,7.0,1,1,0,air_conditioner
59277-0-0-7.wav,3.5,7.5,1,1,0,air_conditioner
59594-4-0-0.wav,0.0,4.0,2,2,4,drilling
59594-4-0-1.wav,0.5,4.5,2,2,4,drilling
59594-4-0-2.wav,1.0,5.0,2,2,4,drilling
59594-4-0-3.wav,1.5,5.5,2,2,4,drilling
59594-4-0-4.wav,2.0,6.0,2,2,4,drilling
59595-4-0-0.wav,45.745538,49.745538,2,8,4,drilling
59595-4-0-1.wav,46.245538,50.245538,2,8,4,drilling
60591-2-0-11.wav,5.5,9.5,1,2,2,children_playing
60591-2-0-12.wav,6.0,10.0,1,2,2,children_playing
60591-2-0-15.wav,7.5,11.5,1,2,2,children_playing
60591-2-0-16.wav,8.0,12.0,1,2,2,children_playing
60591-2-0-2.wav,1.0,5.0,1,2,2,children_playing
60591-2-0-4.wav,2.0,6.0,1,2,2,children_playing
60591-2-0-7.wav,3.5,7.5,1,2,2,children_playing
60591-2-0-8.wav,4.0,8.0,1,2,2,children_playing
60605-9-0-34.wav,17.0,21.0,1,2,9,street_music
60605-9-0-52.wav,26.0,30.0,1,2,9,street_music
60605-9-0-64.wav,32.0,36.0,1,2,9,street_music
60605-9-0-73.wav,36.5,40.5,1,2,9,street_music
60605-9-0-90.wav,45.0,49.0,1,2,9,street_music
60605-9-0-95.wav,47.5,51.5,1,2,9,street_music
60608-9-0-0.wav,0.0,4.0,1,4,9,street_music
60608-9-0-1.wav,0.5,4.5,1,4,9,street_music
60608-9-0-2.wav,1.0,5.0,1,4,9,street_music
60608-9-0-3.wav,1.5,5.5,1,4,9,street_music
60608-9-0-4.wav,2.0,6.0,1,4,9,street_music
60608-9-0-5.wav,2.5,6.5,1,4,9,street_music
60846-0-0-0.wav,0.0,4.0,1,5,0,air_conditioner
60846-0-0-1.wav,0.5,4.5,1,5,0,air_conditioner
60846-0-0-2.wav,1.0,5.0,1,5,0,air_conditioner
60846-0-0-3.wav,1.5,5.5,1,5,0,air_conditioner
61077-3-0-0.wav,28.455188,29.897293,1,8,3,dog_bark
61077-3-1-0.wav,32.394596,34.434647,1,8,3,dog_bark
61077-3-2-0.wav,36.017445,39.71064,1,8,3,dog_bark
61077-3-3-0.wav,44.52938,48.52938,1,8,3,dog_bark
61503-2-0-0.wav,0.0,4.0,1,7,2,children_playing
61503-2-0-2.wav,1.0,5.0,1,7,2,children_playing
61503-2-0-3.wav,1.5,5.5,1,7,2,children_playing
61503-2-0-5.wav,2.5,6.5,1,7,2,children_playing
61503-2-0-6.wav,3.0,7.0,1,7,2,children_playing
61503-2-0-7.wav,3.5,7.5,1,7,2,children_playing
61503-2-0-8.wav,4.0,8.0,1,7,2,children_playing
61503-2-0-9.wav,4.5,8.5,1,7,2,children_playing
61626-9-0-10.wav,5.0,9.0,2,4,9,street_music
61626-9-0-12.wav,6.0,10.0,2,4,9,street_music
61626-9-0-2.wav,1.0,5.0,2,4,9,street_music
61626-9-0-3.wav,1.5,5.5,2,4,9,street_music
61626-9-0-6.wav,3.0,7.0,2,4,9,street_music
61626-9-0-7.wav,3.5,7.5,2,4,9,street_music
61789-9-0-10.wav,5.0,9.0,1,7,9,street_music
61789-9-0-12.wav,6.0,10.0,1,7,9,street_music
61789-9-0-14.wav,7.0,11.0,1,7,9,street_music
61789-9-0-16.wav,8.0,12.0,1,7,9,street_music
61789-9-0-26.wav,13.0,17.0,1,7,9,street_music
61789-9-0-65.wav,32.5,36.5,1,7,9,street_music
61789-9-0-69.wav,34.5,38.5,1,7,9,street_music
61790-9-0-10.wav,5.0,9.0,1,4,9,street_music
61790-9-0-15.wav,7.5,11.5,1,4,9,street_music
61790-9-0-16.wav,8.0,12.0,1,4,9,street_music
61790-9-0-20.wav,10.0,14.0,1,4,9,street_music
61790-9-1-1.wav,49.560201,53.560201,1,4,9,street_music
61790-9-1-20.wav,59.060201,63.060201,1,4,9,street_music
61791-9-1-1.wav,56.032447,60.032447,1,3,9,street_music
61791-9-1-40.wav,75.53244699999999,79.53244699999999,1,3,9,street_music
61791-9-1-41.wav,76.03244699999999,80.03244699999999,1,3,9,street_music
61791-9-1-42.wav,76.53244699999999,80.53244699999999,1,3,9,street_music
61791-9-1-44.wav,77.53244699999999,81.53244699999999,1,3,9,street_music
61791-9-1-46.wav,78.53244699999999,82.53244699999999,1,3,9,street_music
62048-3-0-2.wav,1.0,5.0,1,8,3,dog_bark
62048-3-0-3.wav,1.5,5.5,1,8,3,dog_bark
62048-3-0-4.wav,2.0,6.0,1,8,3,dog_bark
62048-3-0-5.wav,2.5,6.5,1,8,3,dog_bark
62461-0-0-0.wav,10.039159,14.039159,1,4,0,air_conditioner
62461-0-0-1.wav,10.539159,14.539159,1,4,0,air_conditioner
62461-0-0-2.wav,11.039159,15.039159,1,4,0,air_conditioner
62461-0-0-3.wav,11.539159,15.539159,1,4,0,air_conditioner
62564-5-0-0.wav,7.431757,11.431757,1,6,5,engine_idling
62564-5-0-1.wav,7.931757,11.931757,1,6,5,engine_idling
62564-5-0-10.wav,12.431757,16.431757,1,6,5,engine_idling
62564-5-0-2.wav,8.431757000000001,12.431757,1,6,5,engine_idling
62564-5-0-3.wav,8.931757000000001,12.931757,1,6,5,engine_idling
62564-5-0-4.wav,9.431757,13.431757,1,6,5,engine_idling
62564-5-0-5.wav,9.931757,13.931757,1,6,5,engine_idling
62564-5-0-6.wav,10.431757,14.431757,1,6,5,engine_idling
62564-5-0-7.wav,10.931757,14.931757,1,6,5,engine_idling
62564-5-0-8.wav,11.431757,15.431757,1,6,5,engine_idling
62564-5-0-9.wav,11.931757,15.931757,1,6,5,engine_idling
62566-5-0-0.wav,0.0,4.0,1,5,5,engine_idling
62566-5-0-1.wav,0.5,4.5,1,5,5,engine_idling
62566-5-0-2.wav,1.0,5.0,1,5,5,engine_idling
62566-5-0-3.wav,1.5,5.5,1,5,5,engine_idling
62566-5-0-4.wav,2.0,6.0,1,5,5,engine_idling
62566-5-0-5.wav,2.5,6.5,1,5,5,engine_idling
62566-5-0-6.wav,3.0,7.0,1,5,5,engine_idling
62566-5-0-7.wav,3.5,7.5,1,5,5,engine_idling
62566-5-1-0.wav,27.517838,31.517838,1,5,5,engine_idling
62566-5-1-1.wav,28.017838,32.017838,1,5,5,engine_idling
62566-5-2-0.wav,37.971803,40.878287,1,5,5,engine_idling
62837-7-0-12.wav,6.0,10.0,1,3,7,jackhammer
62837-7-0-15.wav,7.5,11.5,1,3,7,jackhammer
62837-7-0-16.wav,8.0,12.0,1,3,7,jackhammer
62837-7-0-17.wav,8.5,12.5,1,3,7,jackhammer
62837-7-0-18.wav,9.0,13.0,1,3,7,jackhammer
62837-7-0-2.wav,1.0,5.0,1,3,7,jackhammer
62837-7-0-20.wav,10.0,14.0,1,3,7,jackhammer
62837-7-0-21.wav,10.5,14.5,1,3,7,jackhammer
62837-7-0-22.wav,11.0,15.0,1,3,7,jackhammer
62837-7-0-24.wav,12.0,16.0,1,3,7,jackhammer
62837-7-0-27.wav,13.5,17.5,1,3,7,jackhammer
62837-7-0-28.wav,14.0,18.0,1,3,7,jackhammer
62837-7-0-3.wav,1.5,5.5,1,3,7,jackhammer
62837-7-0-30.wav,15.0,19.0,1,3,7,jackhammer
62837-7-0-31.wav,15.5,19.5,1,3,7,jackhammer
62837-7-0-34.wav,17.0,21.0,1,3,7,jackhammer
62837-7-0-37.wav,18.5,22.5,1,3,7,jackhammer
62837-7-0-4.wav,2.0,6.0,1,3,7,jackhammer
62837-7-0-7.wav,3.5,7.5,1,3,7,jackhammer
62837-7-0-8.wav,4.0,8.0,1,3,7,jackhammer
62837-7-0-9.wav,4.5,8.5,1,3,7,jackhammer
62837-7-1-1.wav,262.206708,266.206708,1,3,7,jackhammer
62837-7-1-11.wav,267.206708,271.206708,1,3,7,jackhammer
62837-7-1-14.wav,268.706708,272.706708,1,3,7,jackhammer
62837-7-1-15.wav,269.206708,273.206708,1,3,7,jackhammer
62837-7-1-18.wav,270.706708,274.706708,1,3,7,jackhammer
62837-7-1-2.wav,262.706708,266.706708,1,3,7,jackhammer
62837-7-1-21.wav,272.206708,276.206708,1,3,7,jackhammer
62837-7-1-22.wav,272.706708,276.706708,1,3,7,jackhammer
62837-7-1-24.wav,273.706708,277.706708,1,3,7,jackhammer
62837-7-1-26.wav,274.706708,278.706708,1,3,7,jackhammer
62837-7-1-27.wav,275.206708,279.206708,1,3,7,jackhammer
62837-7-1-28.wav,275.706708,279.706708,1,3,7,jackhammer
62837-7-1-29.wav,276.206708,280.206708,1,3,7,jackhammer
62837-7-1-3.wav,263.206708,267.206708,1,3,7,jackhammer
62837-7-1-31.wav,277.206708,281.206708,1,3,7,jackhammer
62837-7-1-32.wav,277.706708,281.706708,1,3,7,jackhammer
62837-7-1-33.wav,278.206708,282.206708,1,3,7,jackhammer
62837-7-1-35.wav,279.206708,283.206708,1,3,7,jackhammer
62837-7-1-39.wav,281.206708,285.206708,1,3,7,jackhammer
62837-7-1-4.wav,263.706708,267.706708,1,3,7,jackhammer
62837-7-1-41.wav,282.206708,286.206708,1,3,7,jackhammer
62837-7-1-44.wav,283.706708,287.706708,1,3,7,jackhammer
62837-7-1-45.wav,284.206708,288.206708,1,3,7,jackhammer
62837-7-1-46.wav,284.706708,288.706708,1,3,7,jackhammer
62837-7-1-49.wav,286.206708,290.206708,1,3,7,jackhammer
62837-7-1-5.wav,264.206708,268.206708,1,3,7,jackhammer
62837-7-1-51.wav,287.206708,291.206708,1,3,7,jackhammer
62837-7-1-53.wav,288.206708,292.206708,1,3,7,jackhammer
62837-7-1-54.wav,288.706708,292.706708,1,3,7,jackhammer
62837-7-1-55.wav,289.206708,293.206708,1,3,7,jackhammer
62837-7-1-56.wav,289.706708,293.706708,1,3,7,jackhammer
62837-7-1-6.wav,264.706708,268.706708,1,3,7,jackhammer
62837-7-1-61.wav,292.206708,296.206708,1,3,7,jackhammer
62837-7-1-62.wav,292.706708,296.706708,1,3,7,jackhammer
62837-7-1-63.wav,293.206708,297.206708,1,3,7,jackhammer
62837-7-1-64.wav,293.706708,297.706708,1,3,7,jackhammer
62837-7-1-65.wav,294.206708,298.206708,1,3,7,jackhammer
62837-7-1-69.wav,296.206708,300.206708,1,3,7,jackhammer
62837-7-1-72.wav,297.706708,301.706708,1,3,7,jackhammer
62837-7-1-73.wav,298.206708,302.206708,1,3,7,jackhammer
62837-7-1-79.wav,301.206708,305.206708,1,3,7,jackhammer
62837-7-1-80.wav,301.706708,305.706708,1,3,7,jackhammer
62837-7-1-81.wav,302.206708,306.206708,1,3,7,jackhammer
62837-7-1-84.wav,303.706708,307.706708,1,3,7,jackhammer
62837-7-1-9.wav,266.206708,270.206708,1,3,7,jackhammer
62878-8-0-0.wav,0.0,4.0,1,7,8,siren
62878-8-0-1.wav,0.5,4.5,1,7,8,siren
62878-8-0-2.wav,1.0,5.0,1,7,8,siren
63095-4-0-1.wav,10.49398,14.49398,1,3,4,drilling
63095-4-0-10.wav,14.99398,18.99398,1,3,4,drilling
63095-4-0-14.wav,16.99398,20.99398,1,3,4,drilling
63095-4-0-16.wav,17.99398,21.99398,1,3,4,drilling
63095-4-0-20.wav,19.99398,23.99398,1,3,4,drilling
63095-4-0-21.wav,20.49398,24.49398,1,3,4,drilling
63095-4-0-26.wav,22.99398,26.99398,1,3,4,drilling
63095-4-0-28.wav,23.99398,27.99398,1,3,4,drilling
63095-4-0-29.wav,24.49398,28.49398,1,3,4,drilling
63095-4-0-4.wav,11.99398,15.99398,1,3,4,drilling
63095-4-0-6.wav,12.99398,16.99398,1,3,4,drilling
63095-4-0-8.wav,13.99398,17.99398,1,3,4,drilling
63095-4-1-10.wav,84.853862,88.853862,1,3,4,drilling
63095-4-1-18.wav,88.853862,92.853862,1,3,4,drilling
63095-4-1-19.wav,89.353862,93.353862,1,3,4,drilling
63095-4-1-20.wav,89.853862,93.853862,1,3,4,drilling
63095-4-1-23.wav,91.353862,95.353862,1,3,4,drilling
63095-4-1-27.wav,93.353862,97.353862,1,3,4,drilling
63095-4-1-33.wav,96.353862,100.353862,1,3,4,drilling
63095-4-1-4.wav,81.853862,85.853862,1,3,4,drilling
63095-4-1-6.wav,82.853862,86.853862,1,3,4,drilling
63095-4-1-7.wav,83.353862,87.353862,1,3,4,drilling
63261-3-0-0.wav,0.0,4.0,1,2,3,dog_bark
63261-3-0-1.wav,0.5,4.5,1,2,3,dog_bark
63292-3-0-0.wav,0.0,4.0,1,3,3,dog_bark
63292-3-0-1.wav,0.5,4.5,1,3,3,dog_bark
63724-0-0-0.wav,0.0,4.0,2,6,0,air_conditioner
63724-0-0-1.wav,0.5,4.5,2,6,0,air_conditioner
63724-0-0-10.wav,5.0,9.0,2,6,0,air_conditioner
63724-0-0-11.wav,5.5,9.5,2,6,0,air_conditioner
63724-0-0-12.wav,6.0,10.0,2,6,0,air_conditioner
63724-0-0-13.wav,6.5,10.5,2,6,0,air_conditioner
63724-0-0-14.wav,7.0,11.0,2,6,0,air_conditioner
63724-0-0-15.wav,7.5,11.5,2,6,0,air_conditioner
63724-0-0-16.wav,8.0,12.0,2,6,0,air_conditioner
63724-0-0-2.wav,1.0,5.0,2,6,0,air_conditioner
63724-0-0-3.wav,1.5,5.5,2,6,0,air_conditioner
63724-0-0-4.wav,2.0,6.0,2,6,0,air_conditioner
63724-0-0-5.wav,2.5,6.5,2,6,0,air_conditioner
63724-0-0-6.wav,3.0,7.0,2,6,0,air_conditioner
63724-0-0-7.wav,3.5,7.5,2,6,0,air_conditioner
63724-0-0-8.wav,4.0,8.0,2,6,0,air_conditioner
63724-0-0-9.wav,4.5,8.5,2,6,0,air_conditioner
63932-3-0-1.wav,0.5,4.5,1,4,3,dog_bark
63932-3-0-2.wav,1.0,5.0,1,4,3,dog_bark
63932-3-1-0.wav,36.729332,40.729332,1,4,3,dog_bark
63932-3-1-1.wav,37.229332,41.229332,1,4,3,dog_bark
64346-6-0-0.wav,0.076806,1.581198,1,6,6,gun_shot
6508-9-0-1.wav,0.5,4.5,2,5,9,street_music
6508-9-0-2.wav,1.0,5.0,2,5,9,street_music
6508-9-0-3.wav,1.5,5.5,2,5,9,street_music
6508-9-0-4.wav,2.0,6.0,2,5,9,street_music
6508-9-0-6.wav,3.0,7.0,2,5,9,street_music
6508-9-1-0.wav,26.081757,30.081757,2,5,9,street_music
65381-3-0-3.wav,2.356686,6.356686,1,5,3,dog_bark
65381-3-0-6.wav,3.856686,7.856686,1,5,3,dog_bark
65381-3-0-7.wav,4.356686,8.356686,1,5,3,dog_bark
65472-1-0-0.wav,86.356413,87.241771,2,5,1,car_horn
65745-3-0-21.wav,10.5,14.5,2,7,3,dog_bark
65745-3-0-49.wav,24.5,28.5,2,7,3,dog_bark
65745-3-0-61.wav,30.5,34.5,2,7,3,dog_bark
65745-3-0-88.wav,44.0,48.0,2,7,3,dog_bark
65749-3-1-12.wav,81.445545,85.445545,2,1,3,dog_bark
65749-3-1-14.wav,82.445545,86.445545,2,1,3,dog_bark
65749-3-1-24.wav,87.445545,91.445545,2,1,3,dog_bark
65749-3-1-9.wav,79.945545,83.945545,2,1,3,dog_bark
65750-3-0-5.wav,252.955446,256.955446,2,3,3,dog_bark
65750-3-3-48.wav,337.029703,341.029703,2,3,3,dog_bark
65750-3-3-68.wav,347.029703,351.029703,2,3,3,dog_bark
65750-3-3-74.wav,350.029703,354.029703,2,3,3,dog_bark
66000-9-0-0.wav,0.0,4.0,2,6,9,street_music
66000-9-0-1.wav,0.5,4.5,2,6,9,street_music
66000-9-0-2.wav,1.0,5.0,2,6,9,street_music
66000-9-0-3.wav,1.5,5.5,2,6,9,street_music
66000-9-0-6.wav,3.0,7.0,2,6,9,street_music
66000-9-0-8.wav,4.0,8.0,2,6,9,street_music
66324-9-0-19.wav,9.5,13.5,2,8,9,street_music
66324-9-0-30.wav,15.0,19.0,2,8,9,street_music
66324-9-0-4.wav,2.0,6.0,2,8,9,street_music
66324-9-0-42.wav,21.0,25.0,2,8,9,street_music
66324-9-0-53.wav,26.5,30.5,2,8,9,street_music
66324-9-0-54.wav,27.0,31.0,2,8,9,street_music
66587-3-0-0.wav,1.836262,2.35271,1,5,3,dog_bark
66587-3-1-0.wav,3.077173,3.428645,1,5,3,dog_bark
66587-3-2-0.wav,4.533271,5.049719,1,5,3,dog_bark
66587-3-3-0.wav,7.811285,8.299042,1,5,3,dog_bark
66599-9-0-11.wav,28.483778,32.483778,2,8,9,street_music
66599-9-0-17.wav,31.483778,35.483778,2,8,9,street_music
66599-9-1-11.wav,126.663039,130.663039,2,8,9,street_music
66599-9-1-21.wav,131.663039,135.663039,2,8,9,street_music
66599-9-1-23.wav,132.663039,136.663039,2,8,9,street_music
66599-9-1-4.wav,123.163039,127.163039,2,8,9,street_music
66619-2-0-0.wav,18.004678,22.004678,2,7,2,children_playing
66619-2-0-1.wav,18.504678,22.504678,2,7,2,children_playing
66619-2-0-11.wav,23.504678,27.504678,2,7,2,children_playing
66619-2-0-18.wav,27.004678,31.004678,2,7,2,children_playing
66619-2-0-22.wav,29.004678,33.004678,2,7,2,children_playing
66619-2-0-5.wav,20.504678,24.504678,2,7,2,children_playing
66619-2-0-6.wav,21.004678,25.004678,2,7,2,children_playing
66619-2-0-7.wav,21.504678,25.504678,2,7,2,children_playing
66622-4-0-0.wav,0.0,4.0,1,3,4,drilling
66622-4-0-1.wav,0.5,4.5,1,3,4,drilling
66622-4-0-2.wav,1.0,5.0,1,3,4,drilling
66622-4-0-3.wav,1.5,5.5,1,3,4,drilling
66622-4-0-4.wav,2.0,6.0,1,3,4,drilling
66622-4-0-5.wav,2.5,6.5,1,3,4,drilling
66622-4-0-6.wav,3.0,7.0,1,3,4,drilling
66622-4-0-7.wav,3.5,7.5,1,3,4,drilling
66622-4-0-8.wav,4.0,8.0,1,3,4,drilling
66623-4-0-0.wav,0.0,4.0,1,6,4,drilling
66623-4-0-1.wav,0.5,4.5,1,6,4,drilling
66623-4-0-2.wav,1.0,5.0,1,6,4,drilling
66623-4-0-3.wav,1.5,5.5,1,6,4,drilling
66623-4-0-4.wav,2.0,6.0,1,6,4,drilling
66623-4-0-5.wav,2.5,6.5,1,6,4,drilling
66623-4-0-6.wav,3.0,7.0,1,6,4,drilling
66996-8-1-0.wav,26.12152,30.12152,2,2,8,siren
66996-8-3-0.wav,35.6242,39.6242,2,2,8,siren
67049-3-0-0.wav,0.074989,4.074989,1,7,3,dog_bark
67049-3-0-1.wav,0.574989,4.574989,1,7,3,dog_bark
67049-3-0-2.wav,1.074989,5.074989,1,7,3,dog_bark
68080-7-0-0.wav,0.0,4.0,1,8,7,jackhammer
68080-7-0-1.wav,0.5,4.5,1,8,7,jackhammer
68080-7-0-2.wav,1.0,5.0,1,8,7,jackhammer
68080-7-0-3.wav,1.5,5.5,1,8,7,jackhammer
68080-7-0-4.wav,2.0,6.0,1,8,7,jackhammer
68080-7-0-5.wav,2.5,6.5,1,8,7,jackhammer
68080-7-0-6.wav,3.0,7.0,1,8,7,jackhammer
68080-7-0-7.wav,3.5,7.5,1,8,7,jackhammer
68080-7-0-8.wav,4.0,8.0,1,8,7,jackhammer
68080-7-0-9.wav,4.5,8.5,1,8,7,jackhammer
68389-3-0-0.wav,1.776939,3.366492,1,4,3,dog_bark
68389-3-1-0.wav,5.356664,5.964054,1,4,3,dog_bark
68389-3-2-0.wav,7.818533,9.227161,1,4,3,dog_bark
68657-1-0-0.wav,0.104608,0.853333,2,6,1,car_horn
6902-2-0-12.wav,6.0,10.0,1,7,2,children_playing
6902-2-0-18.wav,9.0,13.0,1,7,2,children_playing
6902-2-0-26.wav,13.0,17.0,1,7,2,children_playing
6902-2-0-4.wav,2.0,6.0,1,7,2,children_playing
6902-2-0-5.wav,2.5,6.5,1,7,2,children_playing
6902-2-0-7.wav,3.5,7.5,1,7,2,children_playing
6902-2-0-9.wav,4.5,8.5,1,7,2,children_playing
69304-9-0-0.wav,0.0,4.0,2,1,9,street_music
69304-9-0-12.wav,6.0,10.0,2,1,9,street_music
69304-9-0-14.wav,7.0,11.0,2,1,9,street_music
69304-9-0-15.wav,7.5,11.5,2,1,9,street_music
69304-9-0-6.wav,3.0,7.0,2,1,9,street_music
69304-9-0-7.wav,3.5,7.5,2,1,9,street_music
69598-4-0-0.wav,5.601254,8.036582,1,3,4,drilling
69598-4-1-0.wav,11.543454,15.488685,2,3,4,drilling
69598-4-2-0.wav,19.920982,23.920982,2,3,4,drilling
69598-4-2-1.wav,20.420982,24.420982,2,3,4,drilling
69598-4-3-0.wav,29.077814,33.077814000000004,2,3,4,drilling
69598-4-4-0.wav,34.776481,36.383798,2,3,4,drilling
69598-4-5-0.wav,37.114396,39.647137,1,3,4,drilling
69598-4-6-0.wav,50.557406,54.557406,1,3,4,drilling
69598-4-6-1.wav,51.057406,55.057406,1,3,4,drilling
69598-4-7-0.wav,60.201304,64.201304,1,3,4,drilling
69598-4-8-0.wav,73.936553,76.079641,1,3,4,drilling
69598-4-9-0.wav,80.317112,83.921397,1,3,4,drilling
6984-1-0-0.wav,6.005781,6.444256,2,8,1,car_horn
6988-5-0-0.wav,0.0,4.0,1,3,5,engine_idling
6988-5-0-1.wav,0.5,4.5,1,3,5,engine_idling
6988-5-0-2.wav,1.0,5.0,1,3,5,engine_idling
6988-5-0-3.wav,1.5,5.5,1,3,5,engine_idling
6988-5-0-4.wav,2.0,6.0,1,3,5,engine_idling
6988-5-0-5.wav,2.5,6.5,1,3,5,engine_idling
69883-3-0-20.wav,11.679208,15.679208,2,2,3,dog_bark
69883-3-0-5.wav,4.179208,8.179208,2,2,3,dog_bark
69883-3-0-9.wav,6.179208,10.179208,2,2,3,dog_bark
69962-2-0-11.wav,5.5,9.5,1,6,2,children_playing
69962-2-0-15.wav,7.5,11.5,1,6,2,children_playing
69962-2-0-16.wav,8.0,12.0,1,6,2,children_playing
69962-2-0-17.wav,8.5,12.5,1,6,2,children_playing
69962-2-0-2.wav,1.0,5.0,1,6,2,children_playing
69962-2-0-20.wav,10.0,14.0,1,6,2,children_playing
69962-2-0-22.wav,11.0,15.0,1,6,2,children_playing
69962-2-0-25.wav,12.5,16.5,1,6,2,children_playing
70168-3-1-11.wav,23.130393,27.130393,2,8,3,dog_bark
70168-3-1-13.wav,24.130393,28.130393,2,8,3,dog_bark
70168-3-1-20.wav,27.630393,31.630393,2,8,3,dog_bark
70168-3-1-24.wav,29.630393,33.630393,2,8,3,dog_bark
7060-6-0-0.wav,0.964552,2.4055,1,7,6,gun_shot
7060-6-1-0.wav,3.487681,5.040375,1,7,6,gun_shot
7060-6-2-0.wav,5.869655,7.4694,1,7,6,gun_shot
7061-6-0-0.wav,0.978088,3.231723,1,1,6,gun_shot
7064-6-0-0.wav,0.948524,2.358256,1,4,6,gun_shot
7064-6-1-0.wav,2.358256,3.585246,1,4,6,gun_shot
7064-6-2-0.wav,3.585246,4.760023,1,4,6,gun_shot
7064-6-3-0.wav,4.760023,5.952204,1,4,6,gun_shot
7064-6-4-0.wav,5.952204,7.283618,1,4,6,gun_shot
7064-6-5-0.wav,8.17993,10.12919,1,4,6,gun_shot
7065-6-0-0.wav,0.976582,3.999932,1,8,6,gun_shot
7066-6-0-0.wav,0.972779,1.791962,1,5,6,gun_shot
7066-6-1-0.wav,1.791962,4.957761,1,5,6,gun_shot
7067-6-0-0.wav,0.969265,3.698209,1,7,6,gun_shot
7068-6-0-0.wav,0.971344,3.160567,1,8,6,gun_shot
70740-8-0-0.wav,0.902461,1.879328,2,6,8,siren
71079-4-0-0.wav,0.331563,1.544694,1,6,4,drilling
71079-4-1-0.wav,2.730519,3.26102,1,6,4,drilling
71080-4-0-0.wav,1.196632,2.628625,1,2,4,drilling
71080-4-1-0.wav,3.1489,4.142377,1,2,4,drilling
71086-4-0-0.wav,0.280432,3.78082,1,5,4,drilling
71086-4-1-0.wav,4.406784,6.079358,1,5,4,drilling
71086-4-2-0.wav,6.409867,8.598236,1,5,4,drilling
71087-4-0-0.wav,0.273315,4.231567,1,1,4,drilling
71087-4-1-0.wav,4.427711,5.23158,1,1,4,drilling
71088-4-0-0.wav,0.426973,4.426973,1,6,4,drilling
71088-4-1-0.wav,5.366155,7.970164,1,6,4,drilling
71088-4-2-0.wav,8.344424,9.1562,1,6,4,drilling
71171-4-0-0.wav,0.813427,4.813427,1,5,4,drilling
71171-4-0-1.wav,1.313427,5.313427,1,5,4,drilling
71171-4-0-2.wav,1.813427,5.813427,1,5,4,drilling
71171-4-0-3.wav,2.313427,6.313427,1,5,4,drilling
71171-4-0-4.wav,2.813427,6.813427,1,5,4,drilling
71171-4-1-0.wav,40.233359,44.233359,1,5,4,drilling
71171-4-1-1.wav,40.733359,44.733359,1,5,4,drilling
71171-4-1-2.wav,41.233359,45.233359,1,5,4,drilling
71171-4-1-3.wav,41.733359,45.733359,1,5,4,drilling
71171-4-1-4.wav,42.233359,46.233359,1,5,4,drilling
71171-4-1-5.wav,42.733359,46.733359,1,5,4,drilling
71171-4-2-0.wav,64.823888,68.823888,1,5,4,drilling
71171-4-2-1.wav,65.323888,69.323888,1,5,4,drilling
71171-4-3-0.wav,75.210727,79.210727,1,5,4,drilling
71171-4-3-1.wav,75.710727,79.710727,1,5,4,drilling
71171-4-3-2.wav,76.210727,80.210727,1,5,4,drilling
71171-4-4-0.wav,86.786421,89.038989,1,5,4,drilling
71171-4-5-0.wav,91.541842,93.856981,1,5,4,drilling
71173-2-0-103.wav,51.5,55.5,2,5,2,children_playing
71173-2-0-13.wav,6.5,10.5,2,5,2,children_playing
71173-2-0-17.wav,8.5,12.5,2,5,2,children_playing
71173-2-0-21.wav,10.5,14.5,2,5,2,children_playing
71173-2-0-24.wav,12.0,16.0,2,5,2,children_playing
71173-2-0-69.wav,34.5,38.5,2,5,2,children_playing
71173-2-0-71.wav,35.5,39.5,2,5,2,children_playing
71173-2-0-88.wav,44.0,48.0,2,5,2,children_playing
71177-8-0-0.wav,4.013035,8.013035,2,8,8,siren
71177-8-0-1.wav,4.513035,8.513035,2,8,8,siren
71177-8-1-0.wav,11.857383,15.857383,1,8,8,siren
71177-8-1-1.wav,12.357383,16.357383,1,8,8,siren
71177-8-1-2.wav,12.857383,16.857383,1,8,8,siren
71177-8-1-3.wav,13.357383,17.357383,1,8,8,siren
71177-8-1-4.wav,13.857383,17.857383,1,8,8,siren
71177-8-2-0.wav,24.471943,28.471943,2,8,8,siren
71177-8-2-1.wav,24.971943,28.971943,2,8,8,siren
71309-1-0-0.wav,0.406025,4.406025,2,8,1,car_horn
71309-1-0-1.wav,0.906025,4.906025,2,8,1,car_horn
71309-1-0-2.wav,1.406025,5.406025,2,8,1,car_horn
71309-1-0-3.wav,1.906025,5.906025,2,8,1,car_horn
71309-1-0-4.wav,2.406025,6.406025,2,8,1,car_horn
71309-1-0-5.wav,2.906025,6.906025,2,8,1,car_horn
71309-1-0-6.wav,3.406025,7.406025,2,8,1,car_horn
71309-1-0-7.wav,3.906025,7.906025,2,8,1,car_horn
71309-1-0-8.wav,4.406025,8.406025,2,8,1,car_horn
71309-1-1-0.wav,38.797915,39.249054,2,8,1,car_horn
71309-1-2-0.wav,45.51988,45.835677,2,8,1,car_horn
71439-1-0-0.wav,0.760605,2.143523,1,5,1,car_horn
71439-1-1-0.wav,3.699306,3.906744,1,5,1,car_horn
71439-1-2-0.wav,55.904472,56.837942,2,5,1,car_horn
71439-1-3-0.wav,58.255433,58.808601,2,5,1,car_horn
71529-4-0-0.wav,0.435671,4.435671,1,7,4,drilling
71529-4-0-1.wav,0.935671,4.935671,1,7,4,drilling
71529-4-0-2.wav,1.435671,5.435671,1,7,4,drilling
71529-4-1-0.wav,9.554708,13.554708,1,7,4,drilling
71529-4-1-1.wav,10.054708,14.054708,1,7,4,drilling
71529-4-1-2.wav,10.554708,14.554708,1,7,4,drilling
71529-4-1-3.wav,11.054708,15.054708,1,7,4,drilling
71529-4-1-4.wav,11.554708,15.554708,1,7,4,drilling
71529-4-1-5.wav,12.054708,16.054707999999998,1,7,4,drilling
71529-4-1-6.wav,12.554708,16.554707999999998,1,7,4,drilling
71700-3-3-2.wav,105.504191,109.504191,2,8,3,dog_bark
71700-3-4-0.wav,129.865574,133.865574,2,8,3,dog_bark
71700-3-4-1.wav,130.365574,134.365574,2,8,3,dog_bark
71700-3-4-3.wav,131.365574,135.365574,2,8,3,dog_bark
71866-9-0-14.wav,7.0,11.0,1,7,9,street_music
71866-9-0-21.wav,10.5,14.5,1,7,9,street_music
71866-9-0-23.wav,11.5,15.5,1,7,9,street_music
71866-9-0-3.wav,1.5,5.5,1,7,9,street_music
71866-9-0-31.wav,15.5,19.5,1,7,9,street_music
71866-9-0-32.wav,16.0,20.0,1,7,9,street_music
72015-2-0-0.wav,0.0,4.0,2,8,2,children_playing
72015-2-0-1.wav,0.5,4.5,2,8,2,children_playing
72015-2-0-2.wav,1.0,5.0,2,8,2,children_playing
72015-2-0-3.wav,1.5,5.5,2,8,2,children_playing
72015-2-0-4.wav,2.0,6.0,2,8,2,children_playing
72015-2-0-5.wav,2.5,6.5,2,8,2,children_playing
72221-3-1-0.wav,66.415842,70.415842,2,8,3,dog_bark
72221-3-4-1.wav,141.054455,145.054455,2,8,3,dog_bark
72221-3-4-5.wav,143.054455,147.054455,2,8,3,dog_bark
72221-3-4-7.wav,144.054455,148.054455,2,8,3,dog_bark
72259-1-0-0.wav,0.0,4.0,2,5,1,car_horn
72259-1-0-1.wav,0.5,4.5,2,5,1,car_horn
72259-1-0-2.wav,1.0,5.0,2,5,1,car_horn
72259-1-0-3.wav,1.5,5.5,2,5,1,car_horn
72259-1-0-4.wav,2.0,6.0,2,5,1,car_horn
72259-1-0-5.wav,2.5,6.5,2,5,1,car_horn
72259-1-1-0.wav,19.211964,22.982537,2,5,1,car_horn
72259-1-10-0.wav,268.249294,272.249294,2,5,1,car_horn
72259-1-10-1.wav,268.749294,272.749294,2,5,1,car_horn
72259-1-10-10.wav,273.249294,277.249294,2,5,1,car_horn
72259-1-10-11.wav,273.749294,277.749294,2,5,1,car_horn
72259-1-10-12.wav,274.249294,278.249294,2,5,1,car_horn
72259-1-10-13.wav,274.749294,278.749294,2,5,1,car_horn
72259-1-10-14.wav,275.249294,279.249294,2,5,1,car_horn
72259-1-10-2.wav,269.249294,273.249294,2,5,1,car_horn
72259-1-10-3.wav,269.749294,273.749294,2,5,1,car_horn
72259-1-10-4.wav,270.249294,274.249294,2,5,1,car_horn
72259-1-10-5.wav,270.749294,274.749294,2,5,1,car_horn
72259-1-10-6.wav,271.249294,275.249294,2,5,1,car_horn
72259-1-10-7.wav,271.749294,275.749294,2,5,1,car_horn
72259-1-10-8.wav,272.249294,276.249294,2,5,1,car_horn
72259-1-10-9.wav,272.749294,276.749294,2,5,1,car_horn
72259-1-2-0.wav,44.887767,48.119686,2,5,1,car_horn
72259-1-3-0.wav,51.710707,55.660831,2,5,1,car_horn
72259-1-5-0.wav,116.528642,120.528642,2,5,1,car_horn
72259-1-5-1.wav,117.028642,121.028642,2,5,1,car_horn
72259-1-5-2.wav,117.528642,121.528642,2,5,1,car_horn
72259-1-5-3.wav,118.028642,122.028642,2,5,1,car_horn
72259-1-5-4.wav,118.528642,122.528642,2,5,1,car_horn
72259-1-6-0.wav,132.867789,136.867789,2,5,1,car_horn
72259-1-6-1.wav,133.367789,137.367789,2,5,1,car_horn
72259-1-7-0.wav,143.281751,147.281751,2,5,1,car_horn
72259-1-7-1.wav,143.781751,147.781751,2,5,1,car_horn
72259-1-7-10.wav,148.281751,152.281751,2,5,1,car_horn
72259-1-7-11.wav,148.781751,152.781751,2,5,1,car_horn
72259-1-7-12.wav,149.281751,153.281751,2,5,1,car_horn
72259-1-7-13.wav,149.781751,153.781751,2,5,1,car_horn
72259-1-7-14.wav,150.281751,154.281751,2,5,1,car_horn
72259-1-7-15.wav,150.781751,154.781751,2,5,1,car_horn
72259-1-7-16.wav,151.281751,155.281751,2,5,1,car_horn
72259-1-7-17.wav,151.781751,155.781751,2,5,1,car_horn
72259-1-7-18.wav,152.281751,156.281751,2,5,1,car_horn
72259-1-7-19.wav,152.781751,156.781751,2,5,1,car_horn
72259-1-7-2.wav,144.281751,148.281751,2,5,1,car_horn
72259-1-7-20.wav,153.281751,157.281751,2,5,1,car_horn
72259-1-7-21.wav,153.781751,157.781751,2,5,1,car_horn
72259-1-7-22.wav,154.281751,158.281751,2,5,1,car_horn
72259-1-7-3.wav,144.781751,148.781751,2,5,1,car_horn
72259-1-7-4.wav,145.281751,149.281751,2,5,1,car_horn
72259-1-7-5.wav,145.781751,149.781751,2,5,1,car_horn
72259-1-7-6.wav,146.281751,150.281751,2,5,1,car_horn
72259-1-7-7.wav,146.781751,150.781751,2,5,1,car_horn
72259-1-7-8.wav,147.281751,151.281751,2,5,1,car_horn
72259-1-7-9.wav,147.781751,151.781751,2,5,1,car_horn
72259-1-8-0.wav,201.635848,205.585971,2,5,1,car_horn
72259-1-9-0.wav,224.438833,228.438833,2,5,1,car_horn
72259-1-9-1.wav,224.938833,228.938833,2,5,1,car_horn
72259-1-9-10.wav,229.438833,233.438833,2,5,1,car_horn
72259-1-9-11.wav,229.938833,233.938833,2,5,1,car_horn
72259-1-9-12.wav,230.438833,234.438833,2,5,1,car_horn
72259-1-9-13.wav,230.938833,234.938833,2,5,1,car_horn
72259-1-9-14.wav,231.438833,235.438833,2,5,1,car_horn
72259-1-9-15.wav,231.938833,235.938833,2,5,1,car_horn
72259-1-9-16.wav,232.438833,236.438833,2,5,1,car_horn
72259-1-9-17.wav,232.938833,236.938833,2,5,1,car_horn
72259-1-9-2.wav,225.438833,229.438833,2,5,1,car_horn
72259-1-9-3.wav,225.938833,229.938833,2,5,1,car_horn
72259-1-9-4.wav,226.438833,230.438833,2,5,1,car_horn
72259-1-9-5.wav,226.938833,230.938833,2,5,1,car_horn
72259-1-9-6.wav,227.438833,231.438833,2,5,1,car_horn
72259-1-9-7.wav,227.938833,231.938833,2,5,1,car_horn
72259-1-9-8.wav,228.438833,232.438833,2,5,1,car_horn
72259-1-9-9.wav,228.938833,232.938833,2,5,1,car_horn
72261-3-0-17.wav,9.973879,13.973879,1,1,3,dog_bark
72261-3-0-23.wav,12.973879,16.973879,1,1,3,dog_bark
72261-3-0-27.wav,14.973879,18.973879,1,1,3,dog_bark
72261-3-0-6.wav,4.473879,8.473879,1,1,3,dog_bark
72537-3-0-2.wav,2.31661,6.31661,1,3,3,dog_bark
72537-3-0-6.wav,4.31661,8.31661,1,3,3,dog_bark
72537-3-0-8.wav,5.31661,9.31661,1,3,3,dog_bark
72539-3-0-1.wav,7.30482,11.30482,1,2,3,dog_bark
72539-3-0-5.wav,9.30482,13.30482,1,2,3,dog_bark
72539-3-0-6.wav,9.80482,13.80482,1,2,3,dog_bark
72539-3-0-8.wav,10.80482,14.80482,1,2,3,dog_bark
72567-1-0-0.wav,0.0,4.0,2,2,1,car_horn
72567-1-0-1.wav,0.5,4.5,2,2,1,car_horn
72567-1-1-0.wav,12.731619,15.941728,2,2,1,car_horn
72567-1-2-0.wav,32.753993,36.753993,2,2,1,car_horn
72567-1-2-1.wav,33.253993,37.253993,2,2,1,car_horn
72567-1-2-2.wav,33.753993,37.753993,2,2,1,car_horn
72567-1-2-3.wav,34.253993,38.253993,2,2,1,car_horn
72567-1-2-4.wav,34.753993,38.753993,2,2,1,car_horn
72567-1-2-5.wav,35.253993,39.253993,2,2,1,car_horn
72567-1-3-0.wav,49.13099,50.273571,2,2,1,car_horn
72567-1-4-0.wav,54.68067,58.68067,2,2,1,car_horn
72567-1-4-1.wav,55.18067,59.18067,2,2,1,car_horn
72567-1-4-2.wav,55.68067,59.68067,2,2,1,car_horn
72567-1-4-3.wav,56.18067,60.18067,2,2,1,car_horn
72567-1-4-4.wav,56.68067,60.68067,2,2,1,car_horn
72567-1-4-5.wav,57.18067,61.18067,2,2,1,car_horn
72567-1-4-6.wav,57.68067,61.68067,2,2,1,car_horn
72567-1-4-7.wav,58.18067,62.18067,2,2,1,car_horn
72567-1-5-0.wav,77.64111,81.61294,2,2,1,car_horn
72579-3-0-0.wav,3.486718,7.486718,1,1,3,dog_bark
72579-3-0-2.wav,4.486718,8.486718,1,1,3,dog_bark
72579-3-0-3.wav,4.986718,8.986718,1,1,3,dog_bark
72579-3-0-4.wav,5.486718,9.486718,1,1,3,dog_bark
72724-3-1-0.wav,19.702017,23.702017,1,4,3,dog_bark
72724-3-2-7.wav,33.29511,37.29511,1,4,3,dog_bark
72724-3-2-8.wav,33.79511,37.79511,1,4,3,dog_bark
72724-3-2-9.wav,34.29511,38.29511,1,4,3,dog_bark
72829-3-0-0.wav,0.0,4.0,1,4,3,dog_bark
72829-3-0-1.wav,0.5,4.5,1,4,3,dog_bark
72829-3-0-2.wav,1.0,5.0,1,4,3,dog_bark
73277-9-0-0.wav,0.0,4.0,1,1,9,street_music
73277-9-0-16.wav,8.0,12.0,1,1,9,street_music
73277-9-0-17.wav,8.5,12.5,1,1,9,street_music
73277-9-0-19.wav,9.5,13.5,1,1,9,street_music
73277-9-0-24.wav,12.0,16.0,1,1,9,street_music
73277-9-0-28.wav,14.0,18.0,1,1,9,street_music
73373-3-0-0.wav,0.0,2.927007,1,3,3,dog_bark
73623-7-0-0.wav,0.4298,2.344362,1,2,7,jackhammer
73623-7-1-0.wav,3.125816,7.125816,1,2,7,jackhammer
73623-7-1-1.wav,3.625816,7.625816,1,2,7,jackhammer
73623-7-2-0.wav,11.956246,13.96849,1,2,7,jackhammer
73623-7-3-0.wav,14.320145,18.320145,1,2,7,jackhammer
73623-7-4-0.wav,18.793969,20.044295,1,2,7,jackhammer
73623-7-5-0.wav,20.356877,22.564484,1,2,7,jackhammer
73623-7-6-0.wav,22.740312,24.928383,1,2,7,jackhammer
7383-3-0-0.wav,3.9021,7.9021,1,1,3,dog_bark
7383-3-0-1.wav,4.4021,8.4021,1,1,3,dog_bark
7383-3-1-0.wav,11.060839,15.060839,1,1,3,dog_bark
7389-1-0-0.wav,0.0,4.0,2,4,1,car_horn
7389-1-0-1.wav,0.5,4.5,2,4,1,car_horn
7389-1-0-2.wav,1.0,5.0,2,4,1,car_horn
7389-1-0-3.wav,1.5,5.5,2,4,1,car_horn
7389-1-0-4.wav,2.0,6.0,2,4,1,car_horn
7389-1-0-5.wav,2.5,6.5,2,4,1,car_horn
7389-1-0-6.wav,3.0,7.0,2,4,1,car_horn
7389-1-0-7.wav,3.5,7.5,2,4,1,car_horn
7389-1-1-0.wav,68.122848,72.027979,2,4,1,car_horn
7389-1-2-0.wav,78.753483,82.753483,2,4,1,car_horn
7389-1-2-1.wav,79.253483,83.253483,2,4,1,car_horn
7389-1-2-2.wav,79.753483,83.753483,2,4,1,car_horn
7389-1-2-3.wav,80.253483,84.253483,2,4,1,car_horn
7389-1-3-0.wav,96.109623,100.109623,2,4,1,car_horn
7389-1-3-1.wav,96.609623,100.609623,2,4,1,car_horn
7389-1-3-2.wav,97.109623,101.109623,2,4,1,car_horn
7389-1-3-3.wav,97.609623,101.609623,2,4,1,car_horn
7389-1-3-4.wav,98.109623,102.109623,2,4,1,car_horn
7389-1-3-5.wav,98.609623,102.609623,2,4,1,car_horn
7389-1-4-0.wav,160.761242,164.761242,2,4,1,car_horn
7389-1-4-1.wav,161.261242,165.261242,2,4,1,car_horn
7389-1-4-10.wav,165.761242,169.761242,2,4,1,car_horn
7389-1-4-11.wav,166.261242,170.261242,2,4,1,car_horn
7389-1-4-12.wav,166.761242,170.761242,2,4,1,car_horn
7389-1-4-13.wav,167.261242,171.261242,2,4,1,car_horn
7389-1-4-14.wav,167.761242,171.761242,2,4,1,car_horn
7389-1-4-15.wav,168.261242,172.261242,2,4,1,car_horn
7389-1-4-2.wav,161.761242,165.761242,2,4,1,car_horn
7389-1-4-3.wav,162.261242,166.261242,2,4,1,car_horn
7389-1-4-4.wav,162.761242,166.761242,2,4,1,car_horn
7389-1-4-5.wav,163.261242,167.261242,2,4,1,car_horn
7389-1-4-6.wav,163.761242,167.761242,2,4,1,car_horn
7389-1-4-7.wav,164.261242,168.261242,2,4,1,car_horn
7389-1-4-8.wav,164.761242,168.761242,2,4,1,car_horn
7389-1-4-9.wav,165.261242,169.261242,2,4,1,car_horn
7390-9-0-0.wav,0.0,4.0,2,8,9,street_music
7390-9-0-3.wav,1.5,5.5,2,8,9,street_music
7390-9-0-6.wav,3.0,7.0,2,8,9,street_music
7390-9-0-9.wav,4.5,8.5,2,8,9,street_music
7390-9-1-11.wav,70.737963,74.737963,1,8,9,street_music
7390-9-1-12.wav,71.237963,75.237963,1,8,9,street_music
7390-9-1-5.wav,67.737963,71.737963,1,8,9,street_music
74226-9-0-0.wav,1.705652,5.705652,1,2,9,street_music
74226-9-0-10.wav,6.705652,10.705652,1,2,9,street_music
74226-9-0-13.wav,8.205652,12.205652,1,2,9,street_music
74226-9-0-14.wav,8.705652,12.705652,1,2,9,street_music
74226-9-0-21.wav,12.205652,16.205652,1,2,9,street_music
74226-9-0-6.wav,4.705652,8.705652,1,2,9,street_music
74226-9-0-7.wav,5.205652,9.205652,1,2,9,street_music
74458-9-0-5.wav,2.5,6.5,2,2,9,street_music
74458-9-0-7.wav,3.5,7.5,2,2,9,street_music
74458-9-1-12.wav,79.881658,83.881658,2,2,9,street_music
74458-9-1-13.wav,80.381658,84.381658,2,2,9,street_music
74458-9-1-5.wav,76.381658,80.381658,2,2,9,street_music
74458-9-2-18.wav,241.438766,245.438766,2,2,9,street_music
74495-3-0-0.wav,0.335018,4.335018,1,2,3,dog_bark
74495-3-0-1.wav,0.835018,4.835018,1,2,3,dog_bark
74507-0-0-0.wav,0.0,4.0,1,2,0,air_conditioner
74507-0-0-1.wav,0.5,4.5,1,2,0,air_conditioner
74507-0-0-10.wav,5.0,9.0,1,2,0,air_conditioner
74507-0-0-11.wav,5.5,9.5,1,2,0,air_conditioner
74507-0-0-12.wav,6.0,10.0,1,2,0,air_conditioner
74507-0-0-13.wav,6.5,10.5,1,2,0,air_conditioner
74507-0-0-14.wav,7.0,11.0,1,2,0,air_conditioner
74507-0-0-15.wav,7.5,11.5,1,2,0,air_conditioner
74507-0-0-16.wav,8.0,12.0,1,2,0,air_conditioner
74507-0-0-17.wav,8.5,12.5,1,2,0,air_conditioner
74507-0-0-18.wav,9.0,13.0,1,2,0,air_conditioner
74507-0-0-2.wav,1.0,5.0,1,2,0,air_conditioner
74507-0-0-20.wav,10.0,14.0,1,2,0,air_conditioner
74507-0-0-22.wav,11.0,15.0,1,2,0,air_conditioner
74507-0-0-23.wav,11.5,15.5,1,2,0,air_conditioner
74507-0-0-24.wav,12.0,16.0,1,2,0,air_conditioner
74507-0-0-25.wav,12.5,16.5,1,2,0,air_conditioner
74507-0-0-27.wav,13.5,17.5,1,2,0,air_conditioner
74507-0-0-28.wav,14.0,18.0,1,2,0,air_conditioner
74507-0-0-3.wav,1.5,5.5,1,2,0,air_conditioner
74507-0-0-4.wav,2.0,6.0,1,2,0,air_conditioner
74507-0-0-5.wav,2.5,6.5,1,2,0,air_conditioner
74507-0-0-6.wav,3.0,7.0,1,2,0,air_conditioner
74507-0-0-8.wav,4.0,8.0,1,2,0,air_conditioner
74507-0-0-9.wav,4.5,8.5,1,2,0,air_conditioner
74513-3-0-0.wav,0.433328,4.433328,1,7,3,dog_bark
74513-3-0-3.wav,1.933328,5.933328,1,7,3,dog_bark
74513-3-0-5.wav,2.933328,6.933328,1,7,3,dog_bark
74513-3-0-6.wav,3.433328,7.433327999999999,1,7,3,dog_bark
74677-0-0-0.wav,0.0,4.0,2,8,0,air_conditioner
74677-0-0-10.wav,5.0,9.0,2,8,0,air_conditioner
74677-0-0-105.wav,52.5,56.5,2,8,0,air_conditioner
74677-0-0-116.wav,58.0,62.0,2,8,0,air_conditioner
74677-0-0-13.wav,6.5,10.5,2,8,0,air_conditioner
74677-0-0-130.wav,65.0,69.0,2,8,0,air_conditioner
74677-0-0-134.wav,67.0,71.0,2,8,0,air_conditioner
74677-0-0-135.wav,67.5,71.5,2,8,0,air_conditioner
74677-0-0-14.wav,7.0,11.0,2,8,0,air_conditioner
74677-0-0-19.wav,9.5,13.5,2,8,0,air_conditioner
74677-0-0-2.wav,1.0,5.0,2,8,0,air_conditioner
74677-0-0-21.wav,10.5,14.5,2,8,0,air_conditioner
74677-0-0-28.wav,14.0,18.0,2,8,0,air_conditioner
74677-0-0-3.wav,1.5,5.5,2,8,0,air_conditioner
74677-0-0-35.wav,17.5,21.5,2,8,0,air_conditioner
74677-0-0-36.wav,18.0,22.0,2,8,0,air_conditioner
74677-0-0-38.wav,19.0,23.0,2,8,0,air_conditioner
74677-0-0-47.wav,23.5,27.5,2,8,0,air_conditioner
74677-0-0-56.wav,28.0,32.0,2,8,0,air_conditioner
74677-0-0-57.wav,28.5,32.5,2,8,0,air_conditioner
74677-0-0-58.wav,29.0,33.0,2,8,0,air_conditioner
74677-0-0-6.wav,3.0,7.0,2,8,0,air_conditioner
74677-0-0-61.wav,30.5,34.5,2,8,0,air_conditioner
74677-0-0-64.wav,32.0,36.0,2,8,0,air_conditioner
74677-0-0-66.wav,33.0,37.0,2,8,0,air_conditioner
74677-0-0-67.wav,33.5,37.5,2,8,0,air_conditioner
74677-0-0-69.wav,34.5,38.5,2,8,0,air_conditioner
74677-0-0-75.wav,37.5,41.5,2,8,0,air_conditioner
74677-0-0-92.wav,46.0,50.0,2,8,0,air_conditioner
74677-0-0-94.wav,47.0,51.0,2,8,0,air_conditioner
74677-0-0-95.wav,47.5,51.5,2,8,0,air_conditioner
74723-3-0-0.wav,0.398746,4.398746,1,4,3,dog_bark
74723-3-0-1.wav,0.898746,4.898746,1,4,3,dog_bark
74723-3-0-2.wav,1.398746,5.398746,1,4,3,dog_bark
74725-3-0-0.wav,0.365119,4.365119,1,4,3,dog_bark
74725-3-0-1.wav,0.865119,4.865119,1,4,3,dog_bark
74726-8-0-0.wav,0.523561,4.523561,2,6,8,siren
74726-8-0-1.wav,1.023561,5.023561,2,6,8,siren
74726-8-0-10.wav,5.523561,9.523561,2,6,8,siren
74726-8-0-11.wav,6.023561,10.023561,2,6,8,siren
74726-8-0-12.wav,6.523561,10.523561,2,6,8,siren
74726-8-0-13.wav,7.023561,11.023561,2,6,8,siren
74726-8-0-14.wav,7.523561,11.523561,2,6,8,siren
74726-8-0-15.wav,8.023561,12.023561,2,6,8,siren
74726-8-0-16.wav,8.523561,12.523561,2,6,8,siren
74726-8-0-2.wav,1.523561,5.523561,2,6,8,siren
74726-8-0-3.wav,2.023561,6.023561,2,6,8,siren
74726-8-0-4.wav,2.523561,6.523561,2,6,8,siren
74726-8-0-5.wav,3.023561,7.023561,2,6,8,siren
74726-8-0-6.wav,3.523561,7.523561,2,6,8,siren
74726-8-0-7.wav,4.023561,8.023561,2,6,8,siren
74726-8-0-8.wav,4.523561,8.523561,2,6,8,siren
74726-8-0-9.wav,5.023561,9.023561,2,6,8,siren
74726-8-1-0.wav,37.225166,41.225166,1,6,8,siren
74726-8-1-1.wav,37.725166,41.725166,1,6,8,siren
74726-8-1-2.wav,38.225166,42.225166,1,6,8,siren
74726-8-2-0.wav,46.858683,50.858683,2,6,8,siren
74726-8-2-1.wav,47.358683,51.358683,2,6,8,siren
74726-8-2-2.wav,47.858683,51.858683,2,6,8,siren
74726-8-2-3.wav,48.358683,52.358683,2,6,8,siren
74726-8-2-4.wav,48.858683,52.858683,2,6,8,siren
74726-8-2-5.wav,49.358683,53.358683,2,6,8,siren
74810-9-0-27.wav,13.5,17.5,2,3,9,street_music
74810-9-0-32.wav,16.0,20.0,2,3,9,street_music
74810-9-0-5.wav,2.5,6.5,2,3,9,street_music
74810-9-1-12.wav,182.981953,186.981953,2,3,9,street_music
74810-9-1-5.wav,179.481953,183.481953,2,3,9,street_music
74850-9-0-11.wav,5.5,9.5,2,7,9,street_music
74850-9-0-18.wav,9.0,13.0,2,7,9,street_music
74850-9-0-22.wav,11.0,15.0,2,7,9,street_music
74850-9-0-27.wav,13.5,17.5,2,7,9,street_music
74850-9-0-5.wav,2.5,6.5,2,7,9,street_music
74850-9-0-6.wav,3.0,7.0,2,7,9,street_music
74950-3-0-0.wav,0.333126,4.333126,1,4,3,dog_bark
74950-3-2-4.wav,13.592781,17.592781000000002,1,4,3,dog_bark
74950-3-2-5.wav,14.092781,18.092781,1,4,3,dog_bark
74965-4-0-0.wav,3.004919,7.004919,1,7,4,drilling
74965-4-0-1.wav,3.504919,7.504919,1,7,4,drilling
74965-4-0-2.wav,4.004919,8.004919000000001,1,7,4,drilling
74965-4-0-3.wav,4.504919,8.504919000000001,1,7,4,drilling
74965-4-1-0.wav,17.950435,21.950435,1,7,4,drilling
74965-4-1-1.wav,18.450435,22.450435,1,7,4,drilling
74965-4-1-2.wav,18.950435,22.950435,1,7,4,drilling
75490-8-0-0.wav,0.0,4.0,1,6,8,siren
75490-8-0-1.wav,0.5,4.5,1,6,8,siren
75490-8-0-2.wav,1.0,5.0,1,6,8,siren
75490-8-1-0.wav,9.204014,13.204014,2,6,8,siren
75490-8-1-1.wav,9.704014,13.704014,2,6,8,siren
76085-4-0-103.wav,51.5,55.5,1,8,4,drilling
76085-4-0-14.wav,7.0,11.0,1,8,4,drilling
76085-4-0-24.wav,12.0,16.0,1,8,4,drilling
76085-4-0-27.wav,13.5,17.5,1,8,4,drilling
76085-4-0-35.wav,17.5,21.5,1,8,4,drilling
76085-4-0-37.wav,18.5,22.5,1,8,4,drilling
76085-4-0-38.wav,19.0,23.0,1,8,4,drilling
76085-4-0-55.wav,27.5,31.5,1,8,4,drilling
76085-4-0-6.wav,3.0,7.0,1,8,4,drilling
76085-4-0-61.wav,30.5,34.5,1,8,4,drilling
76085-4-0-62.wav,31.0,35.0,1,8,4,drilling
76085-4-0-66.wav,33.0,37.0,1,8,4,drilling
76085-4-0-81.wav,40.5,44.5,1,8,4,drilling
76085-4-0-89.wav,44.5,48.5,1,8,4,drilling
76085-4-0-93.wav,46.5,50.5,1,8,4,drilling
76085-4-0-97.wav,48.5,52.5,1,8,4,drilling
76086-4-0-12.wav,6.0,10.0,1,2,4,drilling
76086-4-0-14.wav,7.0,11.0,1,2,4,drilling
76086-4-0-17.wav,8.5,12.5,1,2,4,drilling
76086-4-0-18.wav,9.0,13.0,1,2,4,drilling
76086-4-0-19.wav,9.5,13.5,1,2,4,drilling
76086-4-0-2.wav,1.0,5.0,1,2,4,drilling
76086-4-0-22.wav,11.0,15.0,1,2,4,drilling
76086-4-0-23.wav,11.5,15.5,1,2,4,drilling
76086-4-0-24.wav,12.0,16.0,1,2,4,drilling
76086-4-0-27.wav,13.5,17.5,1,2,4,drilling
76086-4-0-29.wav,14.5,18.5,1,2,4,drilling
76086-4-0-3.wav,1.5,5.5,1,2,4,drilling
76086-4-0-32.wav,16.0,20.0,1,2,4,drilling
76086-4-0-36.wav,18.0,22.0,1,2,4,drilling
76086-4-0-38.wav,19.0,23.0,1,2,4,drilling
76086-4-0-43.wav,21.5,25.5,1,2,4,drilling
76086-4-0-50.wav,25.0,29.0,1,2,4,drilling
76086-4-0-53.wav,26.5,30.5,1,2,4,drilling
76086-4-0-55.wav,27.5,31.5,1,2,4,drilling
76086-4-0-56.wav,28.0,32.0,1,2,4,drilling
76086-4-0-58.wav,29.0,33.0,1,2,4,drilling
76089-6-0-0.wav,0.433166,1.013356,1,2,6,gun_shot
76090-6-0-0.wav,1.331177,1.809629,1,2,6,gun_shot
76090-6-1-0.wav,2.100944,2.473288,1,2,6,gun_shot
76091-6-0-0.wav,1.30469,1.714005,1,2,6,gun_shot
76091-6-1-0.wav,2.255494,2.673336,1,2,6,gun_shot
76091-6-2-0.wav,3.125287,3.321417,1,2,6,gun_shot
76091-6-3-0.wav,3.67104,3.850115,1,2,6,gun_shot
76091-6-4-0.wav,4.212529,4.378813,1,2,6,gun_shot
76091-6-5-0.wav,4.485405,5.099377,1,2,6,gun_shot
76093-6-0-0.wav,3.2671,4.13887,1,1,6,gun_shot
76093-6-1-0.wav,4.586976,5.222472,1,1,6,gun_shot
76094-6-0-0.wav,0.978498,1.888797,1,3,6,gun_shot
76094-6-1-0.wav,2.763515,3.801315,1,3,6,gun_shot
76221-2-0-0.wav,0.0,4.0,1,3,2,children_playing
76221-2-0-1.wav,0.5,4.5,1,3,2,children_playing
76221-2-0-10.wav,5.0,9.0,1,3,2,children_playing
76221-2-0-2.wav,1.0,5.0,1,3,2,children_playing
76221-2-0-3.wav,1.5,5.5,1,3,2,children_playing
76221-2-0-4.wav,2.0,6.0,1,3,2,children_playing
76221-2-0-5.wav,2.5,6.5,1,3,2,children_playing
76221-2-0-6.wav,3.0,7.0,1,3,2,children_playing
76266-2-0-40.wav,20.0,24.0,2,8,2,children_playing
76266-2-0-46.wav,23.0,27.0,2,8,2,children_playing
76266-2-0-50.wav,25.0,29.0,2,8,2,children_playing
76266-2-0-55.wav,27.5,31.5,2,8,2,children_playing
76266-2-0-7.wav,3.5,7.5,2,8,2,children_playing
76266-2-0-76.wav,38.0,42.0,2,8,2,children_playing
76266-2-0-80.wav,40.0,44.0,2,8,2,children_playing
76266-2-0-91.wav,45.5,49.5,2,8,2,children_playing
76566-3-0-11.wav,11.84312,15.84312,2,5,3,dog_bark
76566-3-0-3.wav,7.84312,11.84312,2,5,3,dog_bark
76566-3-0-6.wav,9.34312,13.34312,2,5,3,dog_bark
76566-3-0-8.wav,10.34312,14.34312,2,5,3,dog_bark
76568-9-0-10.wav,150.793891,154.793891,2,4,9,street_music
76568-9-0-11.wav,151.293891,155.293891,2,4,9,street_music
76568-9-0-12.wav,151.793891,155.793891,2,4,9,street_music
76568-9-0-13.wav,152.293891,156.293891,2,4,9,street_music
76568-9-0-14.wav,152.793891,156.793891,2,4,9,street_music
76568-9-0-2.wav,146.793891,150.793891,2,4,9,street_music
76585-9-0-10.wav,5.0,9.0,1,4,9,street_music
76585-9-0-38.wav,19.0,23.0,1,4,9,street_music
76585-9-0-5.wav,2.5,6.5,1,4,9,street_music
76585-9-0-57.wav,28.5,32.5,1,4,9,street_music
76585-9-0-60.wav,30.0,34.0,1,4,9,street_music
76585-9-0-69.wav,34.5,38.5,1,4,9,street_music
77233-3-0-105.wav,52.5,56.5,2,5,3,dog_bark
77233-3-0-67.wav,33.5,37.5,2,5,3,dog_bark
77233-3-0-7.wav,3.5,7.5,2,5,3,dog_bark
77233-3-0-79.wav,39.5,43.5,2,5,3,dog_bark
77246-6-0-0.wav,2.329836,3.657301,1,1,6,gun_shot
77247-6-0-0.wav,2.802008,3.454014,1,5,6,gun_shot
77509-1-0-0.wav,2.967344,3.557308,2,5,1,car_horn
77674-3-0-0.wav,0.130222,4.130222,1,7,3,dog_bark
77751-4-0-0.wav,0.39967,4.39967,1,2,4,drilling
77751-4-0-1.wav,0.89967,4.89967,1,2,4,drilling
77751-4-1-0.wav,7.339391,11.339391,1,2,4,drilling
77751-4-1-1.wav,7.839391,11.839391,1,2,4,drilling
77751-4-2-0.wav,15.914124,19.729154,1,2,4,drilling
77751-4-3-0.wav,22.563176,26.563176,1,2,4,drilling
77751-4-4-0.wav,28.013219,32.013219,1,2,4,drilling
77751-4-5-0.wav,34.407935,38.295632,1,2,4,drilling
77751-4-6-0.wav,40.475649,44.109011,1,2,4,drilling
77751-4-7-0.wav,46.034693,47.233702,1,2,4,drilling
77751-4-8-0.wav,48.687047,52.02974,1,2,4,drilling
77751-4-9-0.wav,52.829079,56.829079,1,2,4,drilling
77751-4-9-1.wav,53.329079,57.329079,1,2,4,drilling
77751-4-9-2.wav,53.829079,57.829079,1,2,4,drilling
77751-4-9-3.wav,54.329079,58.329079,1,2,4,drilling
77751-7-0-0.wav,0.449437,4.449437,1,7,7,jackhammer
77751-7-0-1.wav,0.949437,4.949437,1,7,7,jackhammer
77751-7-1-0.wav,7.590495,11.590495,1,7,7,jackhammer
77751-7-1-1.wav,8.090495,12.090495,1,7,7,jackhammer
77751-7-2-0.wav,16.029927,19.375737,1,7,7,jackhammer
77751-7-3-0.wav,22.721548,25.767733,1,7,7,jackhammer
77751-7-4-0.wav,28.064857,32.064857,1,7,7,jackhammer
77751-7-5-0.wav,34.406915,38.401913,1,7,7,jackhammer
77751-7-6-0.wav,40.549224,44.244596,1,7,7,jackhammer
77751-7-7-0.wav,45.992408,47.890031,1,7,7,jackhammer
77751-7-8-0.wav,48.589156,52.034841,1,7,7,jackhammer
77751-7-9-0.wav,52.833841,56.833841,1,7,7,jackhammer
77751-7-9-1.wav,53.333841,57.333841,1,7,7,jackhammer
77751-7-9-2.wav,53.833841,57.833841,1,7,7,jackhammer
77751-7-9-3.wav,54.333841,58.333841,1,7,7,jackhammer
77766-9-0-0.wav,0.0,4.0,1,1,9,street_music
77766-9-0-3.wav,1.5,5.5,1,1,9,street_music
77766-9-0-4.wav,2.0,6.0,1,1,9,street_music
77766-9-0-5.wav,2.5,6.5,1,1,9,street_music
77766-9-0-6.wav,3.0,7.0,1,1,9,street_music
77766-9-0-7.wav,3.5,7.5,1,1,9,street_music
77769-9-0-0.wav,0.0,4.0,2,3,9,street_music
77769-9-0-12.wav,6.0,10.0,2,3,9,street_music
77769-9-0-17.wav,8.5,12.5,2,3,9,street_music
77769-9-0-2.wav,1.0,5.0,2,3,9,street_music
77769-9-0-4.wav,2.0,6.0,2,3,9,street_music
77769-9-0-8.wav,4.0,8.0,2,3,9,street_music
77770-9-0-1.wav,0.5,4.5,2,7,9,street_music
77770-9-0-15.wav,7.5,11.5,2,7,9,street_music
77770-9-0-17.wav,8.5,12.5,2,7,9,street_music
77770-9-0-20.wav,10.0,14.0,2,7,9,street_music
77770-9-0-6.wav,3.0,7.0,2,7,9,street_music
77770-9-0-8.wav,4.0,8.0,2,7,9,street_music
77770-9-0-9.wav,4.5,8.5,2,7,9,street_music
77774-4-0-0.wav,0.0,4.0,1,5,4,drilling
77774-4-0-1.wav,0.5,4.5,1,5,4,drilling
77774-4-0-2.wav,1.0,5.0,1,5,4,drilling
77774-4-0-3.wav,1.5,5.5,1,5,4,drilling
77774-4-1-0.wav,10.734565,14.734565,1,5,4,drilling
77774-4-1-1.wav,11.234565,15.234565,1,5,4,drilling
78326-9-0-0.wav,0.0,4.0,2,3,9,street_music
78326-9-0-1.wav,0.5,4.5,2,3,9,street_music
78326-9-0-3.wav,1.5,5.5,2,3,9,street_music
78326-9-0-5.wav,2.5,6.5,2,3,9,street_music
78326-9-0-6.wav,3.0,7.0,2,3,9,street_music
78326-9-0-7.wav,3.5,7.5,2,3,9,street_music
78360-4-0-0.wav,0.0,4.0,1,1,4,drilling
78360-4-0-1.wav,0.5,4.5,1,1,4,drilling
78360-4-0-11.wav,5.5,9.5,1,1,4,drilling
78360-4-0-12.wav,6.0,10.0,1,1,4,drilling
78360-4-0-14.wav,7.0,11.0,1,1,4,drilling
78360-4-0-15.wav,7.5,11.5,1,1,4,drilling
78360-4-0-16.wav,8.0,12.0,1,1,4,drilling
78360-4-0-17.wav,8.5,12.5,1,1,4,drilling
78360-4-0-18.wav,9.0,13.0,1,1,4,drilling
78360-4-0-19.wav,9.5,13.5,1,1,4,drilling
78360-4-0-2.wav,1.0,5.0,1,1,4,drilling
78360-4-0-20.wav,10.0,14.0,1,1,4,drilling
78360-4-0-21.wav,10.5,14.5,1,1,4,drilling
78360-4-0-22.wav,11.0,15.0,1,1,4,drilling
78360-4-0-23.wav,11.5,15.5,1,1,4,drilling
78360-4-0-3.wav,1.5,5.5,1,1,4,drilling
78360-4-0-4.wav,2.0,6.0,1,1,4,drilling
78360-4-0-5.wav,2.5,6.5,1,1,4,drilling
78360-4-0-6.wav,3.0,7.0,1,1,4,drilling
78360-4-0-7.wav,3.5,7.5,1,1,4,drilling
78360-4-0-8.wav,4.0,8.0,1,1,4,drilling
78360-4-0-9.wav,4.5,8.5,1,1,4,drilling
78651-5-0-0.wav,0.0,4.0,1,6,5,engine_idling
78651-5-0-1.wav,0.5,4.5,1,6,5,engine_idling
78651-5-0-10.wav,5.0,9.0,1,6,5,engine_idling
78651-5-0-11.wav,5.5,9.5,1,6,5,engine_idling
78651-5-0-12.wav,6.0,10.0,1,6,5,engine_idling
78651-5-0-13.wav,6.5,10.5,1,6,5,engine_idling
78651-5-0-14.wav,7.0,11.0,1,6,5,engine_idling
78651-5-0-15.wav,7.5,11.5,1,6,5,engine_idling
78651-5-0-16.wav,8.0,12.0,1,6,5,engine_idling
78651-5-0-17.wav,8.5,12.5,1,6,5,engine_idling
78651-5-0-2.wav,1.0,5.0,1,6,5,engine_idling
78651-5-0-3.wav,1.5,5.5,1,6,5,engine_idling
78651-5-0-4.wav,2.0,6.0,1,6,5,engine_idling
78651-5-0-5.wav,2.5,6.5,1,6,5,engine_idling
78651-5-0-6.wav,3.0,7.0,1,6,5,engine_idling
78651-5-0-7.wav,3.5,7.5,1,6,5,engine_idling
78651-5-0-8.wav,4.0,8.0,1,6,5,engine_idling
78651-5-0-9.wav,4.5,8.5,1,6,5,engine_idling
78776-6-0-0.wav,0.094899,2.613121,1,3,6,gun_shot
79377-9-0-10.wav,5.0,9.0,2,2,9,street_music
79377-9-0-12.wav,6.0,10.0,2,2,9,street_music
79377-9-0-13.wav,6.5,10.5,2,2,9,street_music
79377-9-0-2.wav,1.0,5.0,2,2,9,street_music
79377-9-0-4.wav,2.0,6.0,2,2,9,street_music
79377-9-0-8.wav,4.0,8.0,2,2,9,street_music
80589-0-0-0.wav,0.0,4.0,1,8,0,air_conditioner
80589-0-0-1.wav,0.5,4.5,1,8,0,air_conditioner
80589-0-0-2.wav,1.0,5.0,1,8,0,air_conditioner
80589-0-0-3.wav,1.5,5.5,1,8,0,air_conditioner
80589-0-0-4.wav,2.0,6.0,1,8,0,air_conditioner
80806-2-0-0.wav,0.0,4.0,2,5,2,children_playing
80806-2-0-1.wav,0.5,4.5,2,5,2,children_playing
80806-2-0-10.wav,5.0,9.0,2,5,2,children_playing
80806-2-0-2.wav,1.0,5.0,2,5,2,children_playing
80806-2-0-3.wav,1.5,5.5,2,5,2,children_playing
80806-2-0-4.wav,2.0,6.0,2,5,2,children_playing
80806-2-0-5.wav,2.5,6.5,2,5,2,children_playing
80806-2-0-7.wav,3.5,7.5,2,5,2,children_playing
81068-5-0-0.wav,1.732922,5.732922,1,4,5,engine_idling
81068-5-0-1.wav,2.2329220000000003,6.232922,1,4,5,engine_idling
81068-5-0-2.wav,2.7329220000000003,6.732922,1,4,5,engine_idling
81068-5-0-3.wav,3.2329220000000003,7.232922,1,4,5,engine_idling
81068-5-0-4.wav,3.732922,7.732922,1,4,5,engine_idling
81068-5-0-5.wav,4.232922,8.232922,1,4,5,engine_idling
81068-5-1-0.wav,31.59817,35.59817,1,4,5,engine_idling
81068-5-2-0.wav,40.778969,43.470528,1,4,5,engine_idling
81787-2-0-0.wav,0.0,4.0,2,8,2,children_playing
81787-2-0-14.wav,7.0,11.0,2,8,2,children_playing
81787-2-0-23.wav,11.5,15.5,2,8,2,children_playing
81787-2-0-35.wav,17.5,21.5,2,8,2,children_playing
81787-2-0-39.wav,19.5,23.5,2,8,2,children_playing
81787-2-0-4.wav,2.0,6.0,2,8,2,children_playing
81787-2-0-48.wav,24.0,28.0,2,8,2,children_playing
81787-2-0-49.wav,24.5,28.5,2,8,2,children_playing
81788-2-0-12.wav,6.0,10.0,2,7,2,children_playing
81788-2-0-14.wav,7.0,11.0,2,7,2,children_playing
81788-2-0-16.wav,8.0,12.0,2,7,2,children_playing
81788-2-0-35.wav,17.5,21.5,2,7,2,children_playing
81788-2-0-44.wav,22.0,26.0,2,7,2,children_playing
81788-2-0-51.wav,25.5,29.5,2,7,2,children_playing
81788-2-0-69.wav,34.5,38.5,2,7,2,children_playing
81799-3-0-0.wav,29.935495,33.935495,2,7,3,dog_bark
81799-3-0-1.wav,30.435495,34.435495,2,7,3,dog_bark
81799-3-1-0.wav,40.598534,44.598534,2,7,3,dog_bark
81799-3-1-2.wav,41.598534,45.598534,2,7,3,dog_bark
82024-3-0-4.wav,24.651009,28.651009,2,7,3,dog_bark
82024-3-0-5.wav,25.151009,29.151009,2,7,3,dog_bark
82024-3-0-6.wav,25.651009,29.651009,2,7,3,dog_bark
82024-3-0-8.wav,26.651009,30.651009,2,7,3,dog_bark
82317-1-0-0.wav,10.968053,14.968053,2,6,1,car_horn
82368-2-0-0.wav,0.0,4.0,1,6,2,children_playing
82368-2-0-1.wav,0.5,4.5,1,6,2,children_playing
82368-2-0-10.wav,5.0,9.0,1,6,2,children_playing
82368-2-0-17.wav,8.5,12.5,1,6,2,children_playing
82368-2-0-23.wav,11.5,15.5,1,6,2,children_playing
82368-2-0-25.wav,12.5,16.5,1,6,2,children_playing
82368-2-0-30.wav,15.0,19.0,1,6,2,children_playing
82368-2-0-7.wav,3.5,7.5,1,6,2,children_playing
82811-3-0-1.wav,1.718396,5.718396,1,3,3,dog_bark
82811-3-0-2.wav,2.2183960000000003,6.218396,1,3,3,dog_bark
82811-3-3-0.wav,39.617524,42.093619,1,3,3,dog_bark
82811-3-4-0.wav,44.333896,48.333896,1,3,3,dog_bark
83196-9-0-10.wav,5.0,9.0,1,5,9,street_music
83196-9-0-13.wav,6.5,10.5,1,5,9,street_music
83196-9-0-14.wav,7.0,11.0,1,5,9,street_music
83196-9-0-15.wav,7.5,11.5,1,5,9,street_music
83196-9-0-3.wav,1.5,5.5,1,5,9,street_music
83196-9-0-9.wav,4.5,8.5,1,5,9,street_music
83199-9-0-0.wav,13.08659,17.08659,2,1,9,street_music
83465-1-0-0.wav,1.334117,1.859058,1,8,1,car_horn
83488-1-0-0.wav,2.859771,3.44077,1,7,1,car_horn
83488-1-1-0.wav,3.788674,4.073956,1,7,1,car_horn
83680-5-0-0.wav,0.0,4.0,1,6,5,engine_idling
83680-5-0-1.wav,0.5,4.5,1,6,5,engine_idling
83680-5-0-2.wav,1.0,5.0,1,6,5,engine_idling
83680-5-0-3.wav,1.5,5.5,1,6,5,engine_idling
84143-2-0-10.wav,5.0,9.0,2,7,2,children_playing
84143-2-0-12.wav,6.0,10.0,2,7,2,children_playing
84143-2-0-13.wav,6.5,10.5,2,7,2,children_playing
84143-2-0-14.wav,7.0,11.0,2,7,2,children_playing
84143-2-0-15.wav,7.5,11.5,2,7,2,children_playing
84143-2-0-32.wav,16.0,20.0,2,7,2,children_playing
84143-2-0-38.wav,19.0,23.0,2,7,2,children_playing
84143-2-0-7.wav,3.5,7.5,2,7,2,children_playing
84254-6-0-0.wav,0.314041,1.369388,1,5,6,gun_shot
84317-3-0-0.wav,0.0,2.5,1,4,3,dog_bark
84359-2-0-0.wav,0.0,4.0,2,2,2,children_playing
84359-2-0-1.wav,0.5,4.5,2,2,2,children_playing
84359-2-0-2.wav,1.0,5.0,2,2,2,children_playing
84359-2-0-5.wav,2.5,6.5,2,2,2,children_playing
84359-2-0-6.wav,3.0,7.0,2,2,2,children_playing
84359-2-0-8.wav,4.0,8.0,2,2,2,children_playing
84359-2-0-9.wav,4.5,8.5,2,2,2,children_playing
84699-4-0-0.wav,3.197124,4.445706,1,5,4,drilling
84699-4-1-0.wav,14.264094,15.720772,1,5,4,drilling
84699-4-2-0.wav,16.345062,18.634128,1,5,4,drilling
84699-4-3-0.wav,19.485433,21.547484,1,5,4,drilling
84699-4-4-0.wav,23.193341,24.498676,1,5,4,drilling
84699-4-5-0.wav,27.828226,29.360575,1,5,4,drilling
84699-4-6-0.wav,29.682179,31.38479,1,5,4,drilling
85249-2-0-10.wav,5.0,9.0,1,6,2,children_playing
85249-2-0-14.wav,7.0,11.0,1,6,2,children_playing
85249-2-0-25.wav,12.5,16.5,1,6,2,children_playing
85249-2-0-29.wav,14.5,18.5,1,6,2,children_playing
85249-2-0-61.wav,30.5,34.5,1,6,2,children_playing
85249-2-0-62.wav,31.0,35.0,1,6,2,children_playing
85249-2-0-68.wav,34.0,38.0,1,6,2,children_playing
85249-2-0-79.wav,39.5,43.5,1,6,2,children_playing
85362-3-0-0.wav,0.380052,2.660361,1,7,3,dog_bark
85362-3-1-0.wav,4.27558,8.27558,1,7,3,dog_bark
85362-3-2-0.wav,10.057793,11.035068,1,7,3,dog_bark
85362-3-3-0.wav,12.148076,16.148076,1,7,3,dog_bark
85544-3-5-0.wav,16.502772,17.868519,1,4,3,dog_bark
85544-3-6-0.wav,20.230123,24.230123,1,4,3,dog_bark
85544-3-7-0.wav,29.3351,31.241455,1,4,3,dog_bark
85569-0-0-0.wav,0.0,4.0,1,5,0,air_conditioner
85569-0-0-1.wav,0.5,4.5,1,5,0,air_conditioner
85569-0-0-2.wav,1.0,5.0,1,5,0,air_conditioner
85569-0-0-3.wav,1.5,5.5,1,5,0,air_conditioner
85569-0-0-4.wav,2.0,6.0,1,5,0,air_conditioner
85569-0-0-5.wav,2.5,6.5,1,5,0,air_conditioner
85569-0-0-6.wav,3.0,7.0,1,5,0,air_conditioner
85569-0-0-7.wav,3.5,7.5,1,5,0,air_conditioner
85569-0-0-8.wav,4.0,8.0,1,5,0,air_conditioner
85569-0-0-9.wav,4.5,8.5,1,5,0,air_conditioner
85662-3-0-0.wav,0.0,1.227755,1,7,3,dog_bark
85663-3-0-0.wav,0.0,2.089796,1,5,3,dog_bark
86278-6-0-0.wav,0.242924,1.384127,1,1,6,gun_shot
86279-3-0-0.wav,0.601813,4.083229,1,1,3,dog_bark
86284-3-0-0.wav,17.911702,21.911702,2,5,3,dog_bark
86284-3-1-0.wav,25.548308,27.350204,2,5,3,dog_bark
87275-1-0-0.wav,1.337496,1.482876,2,1,1,car_horn
87275-1-1-0.wav,1.613718,1.668236,2,1,1,car_horn
87275-1-2-0.wav,1.817251,1.871768,2,1,1,car_horn
87275-1-3-0.wav,2.202508,2.264294,2,1,1,car_horn
87275-1-4-0.wav,2.409674,2.47873,2,1,1,car_horn
87275-1-5-0.wav,2.645917,2.754952,2,1,1,car_horn
88466-7-0-0.wav,0.0,1.662041,1,1,7,jackhammer
88569-2-0-14.wav,7.0,11.0,2,3,2,children_playing
88569-2-0-21.wav,10.5,14.5,2,3,2,children_playing
88569-2-0-36.wav,18.0,22.0,2,3,2,children_playing
88569-2-0-54.wav,27.0,31.0,2,3,2,children_playing
88569-2-0-67.wav,33.5,37.5,2,3,2,children_playing
88569-2-0-77.wav,38.5,42.5,2,3,2,children_playing
88569-2-0-85.wav,42.5,46.5,2,3,2,children_playing
89099-4-0-0.wav,0.421872,4.4218720000000005,1,7,4,drilling
89099-4-0-1.wav,0.921872,4.9218720000000005,1,7,4,drilling
89099-4-0-2.wav,1.421872,5.4218720000000005,1,7,4,drilling
89207-3-0-0.wav,0.028387,0.389303,1,8,3,dog_bark
89209-3-0-0.wav,0.0,2.063492,1,7,3,dog_bark
89210-3-0-0.wav,0.056222,2.144197,1,7,3,dog_bark
89211-3-0-0.wav,0.0,1.892105,1,2,3,dog_bark
89212-3-0-0.wav,0.0,1.324626,1,1,3,dog_bark
89213-3-0-0.wav,0.0,1.612336,1,5,3,dog_bark
89442-9-0-14.wav,7.0,11.0,1,6,9,street_music
89442-9-0-17.wav,8.5,12.5,1,6,9,street_music
89442-9-0-34.wav,17.0,21.0,1,6,9,street_music
89442-9-0-5.wav,2.5,6.5,1,6,9,street_music
89442-9-0-6.wav,3.0,7.0,1,6,9,street_music
89442-9-0-7.wav,3.5,7.5,1,6,9,street_music
89443-9-0-1.wav,0.5,4.5,1,7,9,street_music
89443-9-0-16.wav,8.0,12.0,1,7,9,street_music
89443-9-0-17.wav,8.5,12.5,1,7,9,street_music
89443-9-0-2.wav,1.0,5.0,1,7,9,street_music
89443-9-0-48.wav,24.0,28.0,1,7,9,street_music
89443-9-0-50.wav,25.0,29.0,1,7,9,street_music
89679-1-0-0.wav,20.28993,21.585583,2,7,1,car_horn
89679-1-1-0.wav,22.362975,23.114454,2,7,1,car_horn
89724-5-0-0.wav,5.221276,9.221276,1,5,5,engine_idling
89724-5-0-1.wav,5.721276,9.721276,1,5,5,engine_idling
89724-5-0-2.wav,6.221276,10.221276,1,5,5,engine_idling
89724-5-0-3.wav,6.721276,10.721276,1,5,5,engine_idling
89724-5-0-4.wav,7.221276,11.221276,1,5,5,engine_idling
89724-5-0-5.wav,7.721276,11.721276,1,5,5,engine_idling
89948-5-0-0.wav,6.675761,10.675761,1,1,5,engine_idling
90013-7-0-0.wav,32.852372,36.852372,1,5,7,jackhammer
90013-7-0-1.wav,33.352372,37.352372,1,5,7,jackhammer
90013-7-0-2.wav,33.852372,37.852372,1,5,7,jackhammer
90013-7-0-3.wav,34.352372,38.352372,1,5,7,jackhammer
90013-7-0-4.wav,34.852372,38.852372,1,5,7,jackhammer
90013-7-0-5.wav,35.352372,39.352372,1,5,7,jackhammer
90013-7-0-6.wav,35.852372,39.852372,1,5,7,jackhammer
90013-7-0-7.wav,36.352372,40.352372,1,5,7,jackhammer
90013-7-1-0.wav,57.903068,61.903068,1,5,7,jackhammer
90013-7-1-1.wav,58.403068,62.403068,1,5,7,jackhammer
90013-7-1-2.wav,58.903068,62.903068,1,5,7,jackhammer
90013-7-1-3.wav,59.403068,63.403068,1,5,7,jackhammer
90013-7-1-4.wav,59.903068,63.903068,1,5,7,jackhammer
90013-7-1-5.wav,60.403068,64.40306799999999,1,5,7,jackhammer
90014-8-0-0.wav,0.0,4.0,1,3,8,siren
90014-8-0-1.wav,0.5,4.5,1,3,8,siren
90014-8-0-2.wav,1.0,5.0,1,3,8,siren
90014-8-0-3.wav,1.5,5.5,1,3,8,siren
90014-8-0-4.wav,2.0,6.0,1,3,8,siren
90014-8-0-5.wav,2.5,6.5,1,3,8,siren
90014-8-0-6.wav,3.0,7.0,1,3,8,siren
9031-3-1-0.wav,5.55171,5.967569,1,1,3,dog_bark
9031-3-2-0.wav,6.7577,9.055317,1,1,3,dog_bark
9031-3-3-0.wav,9.855845,11.581657,1,1,3,dog_bark
9031-3-4-0.wav,12.423771,13.317866,1,1,3,dog_bark
9032-3-0-0.wav,0.0,0.350864,1,6,3,dog_bark
9032-3-1-0.wav,0.781671,1.403455,1,6,3,dog_bark
9032-3-2-0.wav,1.798732,2.726967,1,6,3,dog_bark
90846-8-0-0.wav,0.38257,1.702854,2,3,8,siren
91209-5-0-0.wav,0.744608,4.744608,1,8,5,engine_idling
91209-5-0-1.wav,1.244608,5.244608,1,8,5,engine_idling
91209-5-0-2.wav,1.744608,5.744608,1,8,5,engine_idling
91209-5-1-0.wav,15.012255,19.012255,1,8,5,engine_idling
91209-5-1-1.wav,15.512255,19.512255,1,8,5,engine_idling
91209-5-1-2.wav,16.012255,20.012255,1,8,5,engine_idling
91209-5-1-3.wav,16.512255,20.512255,1,8,5,engine_idling
91209-5-1-4.wav,17.012255,21.012255,1,8,5,engine_idling
91209-5-1-5.wav,17.512255,21.512255,1,8,5,engine_idling
91396-8-0-0.wav,121.591247,125.591247,2,2,8,siren
91396-8-0-1.wav,122.091247,126.091247,2,2,8,siren
91396-8-0-2.wav,122.591247,126.591247,2,2,8,siren
91396-8-0-3.wav,123.091247,127.091247,2,2,8,siren
91533-5-0-0.wav,0.0,4.0,1,5,5,engine_idling
91533-5-0-1.wav,0.5,4.5,1,5,5,engine_idling
91533-5-0-2.wav,1.0,5.0,1,5,5,engine_idling
91533-5-0-3.wav,1.5,5.5,1,5,5,engine_idling
9223-2-0-10.wav,5.0,9.0,1,3,2,children_playing
9223-2-0-15.wav,7.5,11.5,1,3,2,children_playing
9223-2-0-17.wav,8.5,12.5,1,3,2,children_playing
9223-2-0-2.wav,1.0,5.0,1,3,2,children_playing
9223-2-0-4.wav,2.0,6.0,1,3,2,children_playing
9223-2-0-5.wav,2.5,6.5,1,3,2,children_playing
9223-2-0-9.wav,4.5,8.5,1,3,2,children_playing
93065-9-0-12.wav,6.0,10.0,2,3,9,street_music
93065-9-0-14.wav,7.0,11.0,2,3,9,street_music
93065-9-0-17.wav,8.5,12.5,2,3,9,street_music
93065-9-0-2.wav,1.0,5.0,2,3,9,street_music
93065-9-0-4.wav,2.0,6.0,2,3,9,street_music
93065-9-0-7.wav,3.5,7.5,2,3,9,street_music
93139-6-0-0.wav,1.091134,2.538287,1,5,6,gun_shot
93193-9-0-4.wav,2.913165,6.913165,2,2,9,street_music
93193-9-1-11.wav,165.075575,169.075575,2,2,9,street_music
93193-9-1-18.wav,168.575575,172.575575,2,2,9,street_music
93193-9-1-19.wav,169.075575,173.075575,2,2,9,street_music
93193-9-1-22.wav,170.575575,174.575575,2,2,9,street_music
93193-9-1-6.wav,162.575575,166.575575,2,2,9,street_music
94020-8-0-0.wav,72.662085,74.890983,2,4,8,siren
94020-8-1-0.wav,74.890983,78.890983,1,4,8,siren
94401-1-0-0.wav,106.737529,107.836173,1,2,1,car_horn
94631-9-0-12.wav,6.0,10.0,1,3,9,street_music
94631-9-0-16.wav,8.0,12.0,1,3,9,street_music
94631-9-1-16.wav,109.755803,113.755803,1,3,9,street_music
94631-9-1-2.wav,102.755803,106.755803,1,3,9,street_music
94631-9-1-25.wav,114.255803,118.255803,1,3,9,street_music
94631-9-1-3.wav,103.255803,107.255803,1,3,9,street_music
94632-5-0-0.wav,23.60467,27.60467,2,6,5,engine_idling
94632-5-0-10.wav,28.60467,32.60467,2,6,5,engine_idling
94632-5-0-13.wav,30.10467,34.10467,2,6,5,engine_idling
94632-5-0-14.wav,30.60467,34.60467,2,6,5,engine_idling
94632-5-0-15.wav,31.10467,35.10467,2,6,5,engine_idling
94632-5-0-2.wav,24.60467,28.60467,2,6,5,engine_idling
94632-5-0-21.wav,34.10467,38.10467,2,6,5,engine_idling
94632-5-0-22.wav,34.60467,38.60467,2,6,5,engine_idling
94632-5-0-25.wav,36.10467,40.10467,2,6,5,engine_idling
94632-5-0-27.wav,37.10467,41.10467,2,6,5,engine_idling
94632-5-0-28.wav,37.60467,41.60467,2,6,5,engine_idling
94632-5-0-29.wav,38.10467,42.10467,2,6,5,engine_idling
94632-5-0-31.wav,39.10467,43.10467,2,6,5,engine_idling
94632-5-0-33.wav,40.10467,44.10467,2,6,5,engine_idling
94632-5-0-34.wav,40.60467,44.60467,2,6,5,engine_idling
94632-5-0-6.wav,26.60467,30.60467,2,6,5,engine_idling
94632-5-0-8.wav,27.60467,31.60467,2,6,5,engine_idling
94632-5-0-9.wav,28.10467,32.10467,2,6,5,engine_idling
94632-5-1-11.wav,122.21198,126.21198,2,6,5,engine_idling
94632-5-1-13.wav,123.21198,127.21198,2,6,5,engine_idling
94632-5-1-14.wav,123.71198,127.71198,2,6,5,engine_idling
94632-5-1-17.wav,125.21198,129.21197999999998,2,6,5,engine_idling
94632-5-1-18.wav,125.71198,129.71197999999998,2,6,5,engine_idling
94632-5-1-19.wav,126.21198,130.21197999999998,2,6,5,engine_idling
94632-5-1-2.wav,117.71198,121.71198,2,6,5,engine_idling
94632-5-1-23.wav,128.21197999999998,132.21197999999998,2,6,5,engine_idling
94632-5-1-26.wav,129.71197999999998,133.71197999999998,2,6,5,engine_idling
94632-5-1-28.wav,130.71197999999998,134.71197999999998,2,6,5,engine_idling
94632-5-1-30.wav,131.71197999999998,135.71197999999998,2,6,5,engine_idling
94632-5-1-7.wav,120.21198,124.21198,2,6,5,engine_idling
94632-5-1-9.wav,121.21198,125.21198,2,6,5,engine_idling
94636-8-0-0.wav,0.0,4.0,2,3,8,siren
94636-8-0-1.wav,0.5,4.5,2,3,8,siren
94636-8-0-10.wav,5.0,9.0,2,3,8,siren
94636-8-0-11.wav,5.5,9.5,2,3,8,siren
94636-8-0-12.wav,6.0,10.0,2,3,8,siren
94636-8-0-13.wav,6.5,10.5,2,3,8,siren
94636-8-0-14.wav,7.0,11.0,2,3,8,siren
94636-8-0-15.wav,7.5,11.5,2,3,8,siren
94636-8-0-16.wav,8.0,12.0,2,3,8,siren
94636-8-0-17.wav,8.5,12.5,2,3,8,siren
94636-8-0-18.wav,9.0,13.0,2,3,8,siren
94636-8-0-19.wav,9.5,13.5,2,3,8,siren
94636-8-0-2.wav,1.0,5.0,2,3,8,siren
94636-8-0-20.wav,10.0,14.0,2,3,8,siren
94636-8-0-21.wav,10.5,14.5,2,3,8,siren
94636-8-0-3.wav,1.5,5.5,2,3,8,siren
94636-8-0-4.wav,2.0,6.0,2,3,8,siren
94636-8-0-5.wav,2.5,6.5,2,3,8,siren
94636-8-0-6.wav,3.0,7.0,2,3,8,siren
94636-8-0-7.wav,3.5,7.5,2,3,8,siren
94636-8-0-8.wav,4.0,8.0,2,3,8,siren
94636-8-0-9.wav,4.5,8.5,2,3,8,siren
94710-5-0-0.wav,0.0,4.0,1,2,5,engine_idling
94710-5-0-1.wav,0.5,4.5,1,2,5,engine_idling
94710-5-0-2.wav,1.0,5.0,1,2,5,engine_idling
94710-5-0-3.wav,1.5,5.5,1,2,5,engine_idling
94710-5-1-0.wav,23.239672,25.325283,1,2,5,engine_idling
94868-1-0-0.wav,0.179042,0.530411,1,1,1,car_horn
94868-1-1-0.wav,1.076489,1.468143,1,1,1,car_horn
94868-1-2-0.wav,2.381256,2.75053,1,1,1,car_horn
95077-5-0-0.wav,0.0,3.137255,1,3,5,engine_idling
95404-3-0-0.wav,35.401208,39.401208,2,4,3,dog_bark
95404-3-0-1.wav,35.901208,39.901208,2,4,3,dog_bark
95404-3-0-4.wav,37.401208,41.401208,2,4,3,dog_bark
95404-3-0-5.wav,37.901208,41.901208,2,4,3,dog_bark
95532-3-0-0.wav,2.56279,6.56279,1,6,3,dog_bark
95536-3-0-1.wav,0.5,4.5,2,6,3,dog_bark
95536-3-0-2.wav,1.0,5.0,2,6,3,dog_bark
95536-3-0-4.wav,2.0,6.0,2,6,3,dog_bark
95536-3-0-5.wav,2.5,6.5,2,6,3,dog_bark
95549-3-0-14.wav,18.181689,22.181689,2,8,3,dog_bark
95549-3-0-20.wav,21.181689,25.181689,2,8,3,dog_bark
95549-3-0-6.wav,14.181689,18.181689,2,8,3,dog_bark
95549-3-0-7.wav,14.681689,18.681689,2,8,3,dog_bark
95562-4-0-0.wav,0.0,1.527946,1,3,4,drilling
95562-4-1-0.wav,1.652092,4.402395,1,3,4,drilling
95562-4-2-0.wav,4.679335,8.679335,1,3,4,drilling
95562-4-3-0.wav,8.795241,12.795241,1,3,4,drilling
95562-4-3-1.wav,9.295241,13.295241,1,3,4,drilling
96158-4-0-0.wav,0.0,1.092817,1,1,4,drilling
96159-4-0-0.wav,0.751209,4.033599,1,8,4,drilling
96159-4-1-0.wav,4.534405,5.107616,1,8,4,drilling
96169-9-1-10.wav,56.457537,60.457537,1,2,9,street_music
96169-9-1-3.wav,52.957537,56.957537,1,2,9,street_music
96169-9-1-49.wav,75.957537,79.957537,1,2,9,street_music
96169-9-1-55.wav,78.957537,82.957537,1,2,9,street_music
96169-9-1-61.wav,81.957537,85.957537,1,2,9,street_music
96169-9-1-74.wav,88.457537,92.457537,1,2,9,street_music
96475-9-0-0.wav,0.0,4.0,1,2,9,street_music
96475-9-0-3.wav,1.5,5.5,1,2,9,street_music
96475-9-0-4.wav,2.0,6.0,1,2,9,street_music
96475-9-0-5.wav,2.5,6.5,1,2,9,street_music
96475-9-0-6.wav,3.0,7.0,1,2,9,street_music
96475-9-0-9.wav,4.5,8.5,1,2,9,street_music
96657-8-0-0.wav,122.337051,126.337051,2,8,8,siren
96657-8-0-1.wav,122.837051,126.837051,2,8,8,siren
96657-8-0-2.wav,123.337051,127.337051,2,8,8,siren
96657-8-0-3.wav,123.837051,127.837051,2,8,8,siren
9674-1-0-0.wav,1.062597,5.062597,1,3,1,car_horn
9674-1-0-1.wav,1.562597,5.562597,1,3,1,car_horn
9674-1-0-2.wav,2.062597,6.062597,1,3,1,car_horn
96920-9-0-0.wav,0.0,4.0,1,2,9,street_music
96920-9-0-11.wav,5.5,9.5,1,2,9,street_music
96920-9-0-13.wav,6.5,10.5,1,2,9,street_music
96920-9-0-2.wav,1.0,5.0,1,2,9,street_music
96920-9-0-3.wav,1.5,5.5,1,2,9,street_music
96920-9-0-8.wav,4.0,8.0,1,2,9,street_music
97193-3-0-0.wav,0.0,4.0,1,2,3,dog_bark
97193-3-0-1.wav,0.5,4.5,1,2,3,dog_bark
97193-3-0-4.wav,2.0,6.0,1,2,3,dog_bark
97193-3-0-6.wav,3.0,7.0,1,2,3,dog_bark
97317-2-0-22.wav,11.0,15.0,1,1,2,children_playing
97317-2-0-23.wav,11.5,15.5,1,1,2,children_playing
97317-2-0-25.wav,12.5,16.5,1,1,2,children_playing
97317-2-0-28.wav,14.0,18.0,1,1,2,children_playing
97317-2-0-34.wav,17.0,21.0,1,1,2,children_playing
97317-2-0-36.wav,18.0,22.0,1,1,2,children_playing
97317-2-0-5.wav,2.5,6.5,1,1,2,children_playing
97331-2-0-13.wav,6.5,10.5,1,6,2,children_playing
97331-2-0-17.wav,8.5,12.5,1,6,2,children_playing
97331-2-0-20.wav,10.0,14.0,1,6,2,children_playing
97331-2-0-35.wav,17.5,21.5,1,6,2,children_playing
97331-2-0-50.wav,25.0,29.0,1,6,2,children_playing
97331-2-0-55.wav,27.5,31.5,1,6,2,children_playing
97331-2-0-59.wav,29.5,33.5,1,6,2,children_playing
97331-2-0-98.wav,49.0,53.0,1,6,2,children_playing
97392-3-0-0.wav,0.0,2.773946,1,6,3,dog_bark
97606-7-0-0.wav,0.0,3.167853,1,7,7,jackhammer
97606-7-1-0.wav,9.712429,12.497354,1,7,7,jackhammer
97606-7-2-0.wav,14.62086,17.440598,1,7,7,jackhammer
97606-7-3-0.wav,21.548363,23.080072,1,7,7,jackhammer
97606-7-4-0.wav,25.064332,26.735287,1,7,7,jackhammer
97606-7-5-0.wav,27.953692,29.624648,1,7,7,jackhammer
98202-9-0-10.wav,5.0,9.0,1,2,9,street_music
98202-9-0-4.wav,2.0,6.0,1,2,9,street_music
98202-9-0-7.wav,3.5,7.5,1,2,9,street_music
98202-9-1-20.wav,41.212374,45.212374,1,2,9,street_music
98202-9-1-27.wav,44.712374,48.712374,1,2,9,street_music
98202-9-1-5.wav,33.712374,37.712374,1,2,9,street_music
98223-7-0-0.wav,2.040371,4.575376,1,1,7,jackhammer
98223-7-1-0.wav,10.263682,14.263682,1,1,7,jackhammer
98223-7-10-0.wav,73.762488,74.751759,1,1,7,jackhammer
98223-7-2-0.wav,19.167118,22.629565,1,1,7,jackhammer
98223-7-3-0.wav,26.895794,29.739947,1,1,7,jackhammer
98223-7-4-0.wav,31.965806,33.573371,1,1,7,jackhammer
98223-7-5-0.wav,36.232035,38.457894,1,1,7,jackhammer
98223-7-6-0.wav,41.178388,42.785953,1,1,7,jackhammer
98223-7-7-0.wav,45.939253,48.165112,1,1,7,jackhammer
98223-7-8-0.wav,49.772677,51.751218,1,1,7,jackhammer
98223-7-9-0.wav,69.805406,71.289312,1,1,7,jackhammer
98263-9-0-1.wav,0.5,4.5,1,6,9,street_music
98263-9-0-10.wav,5.0,9.0,1,6,9,street_music
98263-9-0-22.wav,11.0,15.0,1,6,9,street_music
98263-9-0-24.wav,12.0,16.0,1,6,9,street_music
98263-9-0-33.wav,16.5,20.5,1,6,9,street_music
98263-9-0-35.wav,17.5,21.5,1,6,9,street_music
98525-8-0-0.wav,0.0,4.0,1,7,8,siren
98536-8-0-0.wav,0.0,1.358367,1,8,8,siren
98680-9-0-11.wav,5.5,9.5,2,6,9,street_music
98680-9-0-14.wav,7.0,11.0,2,6,9,street_music
98680-9-0-2.wav,1.0,5.0,2,6,9,street_music
98680-9-0-3.wav,1.5,5.5,2,6,9,street_music
98680-9-0-5.wav,2.5,6.5,2,6,9,street_music
98681-9-0-0.wav,0.0,4.0,2,3,9,street_music
98681-9-0-11.wav,5.5,9.5,2,3,9,street_music
98681-9-0-12.wav,6.0,10.0,2,3,9,street_music
98681-9-0-5.wav,2.5,6.5,2,3,9,street_music
98681-9-0-6.wav,3.0,7.0,2,3,9,street_music
98681-9-0-7.wav,3.5,7.5,2,3,9,street_music
99157-9-0-10.wav,9.928661,13.928661,2,4,9,street_music
99157-9-0-15.wav,12.428661,16.428660999999998,2,4,9,street_music
99157-9-0-16.wav,12.928661,16.928660999999998,2,4,9,street_music
99157-9-0-22.wav,15.928661,19.928661,2,4,9,street_music
99157-9-0-24.wav,16.928660999999998,20.928661,2,4,9,street_music
99157-9-0-31.wav,20.428661,24.428661,2,4,9,street_music
99179-9-0-12.wav,6.0,10.0,1,8,9,street_music
99179-9-0-17.wav,8.5,12.5,1,8,9,street_music
99179-9-0-19.wav,9.5,13.5,1,8,9,street_music
99179-9-0-38.wav,19.0,23.0,1,8,9,street_music
99179-9-0-53.wav,26.5,30.5,1,8,9,street_music
99179-9-0-58.wav,29.0,33.0,1,8,9,street_music
99180-9-0-0.wav,0.0,4.0,1,1,9,street_music
99180-9-0-2.wav,1.0,5.0,1,1,9,street_music
99180-9-0-36.wav,18.0,22.0,1,1,9,street_music
99180-9-0-48.wav,24.0,28.0,1,1,9,street_music
99180-9-0-49.wav,24.5,28.5,1,1,9,street_music
99180-9-0-7.wav,3.5,7.5,1,1,9,street_music
99185-3-0-0.wav,0.341411,0.950911,1,5,3,dog_bark
99710-9-0-11.wav,5.5,9.5,1,6,9,street_music
99710-9-0-12.wav,6.0,10.0,1,6,9,street_music
99710-9-0-16.wav,8.0,12.0,1,6,9,street_music
99710-9-0-2.wav,1.0,5.0,1,6,9,street_music
99710-9-0-5.wav,2.5,6.5,1,6,9,street_music
99710-9-0-6.wav,3.0,7.0,1,6,9,street_music
99812-1-0-0.wav,38.176254,42.176254,2,7,1,car_horn
99812-1-0-1.wav,38.676254,42.676254,2,7,1,car_horn
99812-1-0-2.wav,39.176254,43.176254,2,7,1,car_horn
99812-1-1-0.wav,89.207778,93.207778,2,7,1,car_horn
99812-1-2-0.wav,159.522205,163.522205,2,7,1,car_horn
99812-1-3-0.wav,181.142431,183.284976,2,7,1,car_horn
99812-1-4-0.wav,242.691902,246.197885,2,7,1,car_horn
99812-1-5-0.wav,253.20985,255.741948,2,7,1,car_horn
99812-1-6-0.wav,332.289233,334.821332,2,7,1,car_horn
